[{"caption": "the white clouds in blue sky", "predicate": "in", "target": {"coordinates": [-0.079742431640625, 1.4896087646484, 519.439453125, 247.9299621582]}, "name": 3, "source": {"coordinates": [-11.537048339844, 107.64793395996, 746.12548828125, 295.29351806641]}, "seconds": 0.125, "object": "blue sky", "type": "relation", "subject": "the white clouds"}, {"caption": "the clouds in blue sky", "predicate": "in", "target": {"coordinates": [3.599630355835, 3.1128959655762, 37.946014404297, 35.90181350708]}, "name": 3, "source": {"coordinates": [-11.537048339844, 107.64793395996, 746.12548828125, 295.29351806641]}, "seconds": 0.125, "object": "blue sky", "type": "relation", "subject": "the clouds"}, {"caption": "the clouds in blue sky", "predicate": "in", "target": {"coordinates": [2.3263244628906, 1.1219100952148, 316.52145385742, 115.90625]}, "name": 3, "source": {"coordinates": [-11.537048339844, 107.64793395996, 746.12548828125, 295.29351806641]}, "seconds": 0.125, "object": "blue sky", "type": "relation", "subject": "the clouds"}, {"caption": "the clouds in blue sky", "predicate": "in", "target": {"coordinates": [510.78155517578, -3.5308380126953, 213.08508300781, 386.40435791016]}, "name": 3, "source": {"coordinates": [-11.537048339844, 107.64793395996, 746.12548828125, 295.29351806641]}, "seconds": 0.125, "object": "blue sky", "type": "relation", "subject": "the clouds"}, {"caption": "the clouds in blue sky", "predicate": "in", "target": {"coordinates": [413.79620361328, 1.6256332397461, 311.33837890625, 116.03981781006]}, "name": 3, "source": {"coordinates": [-11.537048339844, 107.64793395996, 746.12548828125, 295.29351806641]}, "seconds": 0.125, "object": "blue sky", "type": "relation", "subject": "the clouds"}, {"caption": "the clouds in blue sky", "predicate": "in", "target": {"coordinates": [151.10678100586, 232.84846496582, 379.18215942383, 165.66868591309]}, "name": 3, "source": {"coordinates": [-11.537048339844, 107.64793395996, 746.12548828125, 295.29351806641]}, "seconds": 0.125, "object": "blue sky", "type": "relation", "subject": "the clouds"}, {"caption": "the clouds in blue sky", "predicate": "in", "target": {"coordinates": [-11.537048339844, 107.64793395996, 746.12548828125, 295.29351806641]}, "name": 3, "source": {"coordinates": [-0.079742431640625, 1.4896087646484, 519.439453125, 247.9299621582]}, "seconds": 0.125, "object": "blue sky", "type": "relation", "subject": "the clouds"}, {"caption": "the clouds in blue sky", "predicate": "in", "target": {"coordinates": [3.599630355835, 3.1128959655762, 37.946014404297, 35.90181350708]}, "name": 3, "source": {"coordinates": [-0.079742431640625, 1.4896087646484, 519.439453125, 247.9299621582]}, "seconds": 0.125, "object": "blue sky", "type": "relation", "subject": "the clouds"}, {"caption": "the clouds in blue sky", "predicate": "in", "target": {"coordinates": [2.3263244628906, 1.1219100952148, 316.52145385742, 115.90625]}, "name": 3, "source": {"coordinates": [-0.079742431640625, 1.4896087646484, 519.439453125, 247.9299621582]}, "seconds": 0.125, "object": "blue sky", "type": "relation", "subject": "the clouds"}, {"caption": "the clouds in blue sky", "predicate": "in", "target": {"coordinates": [510.78155517578, -3.5308380126953, 213.08508300781, 386.40435791016]}, "name": 3, "source": {"coordinates": [-0.079742431640625, 1.4896087646484, 519.439453125, 247.9299621582]}, "seconds": 0.125, "object": "blue sky", "type": "relation", "subject": "the clouds"}, {"caption": "the clouds in blue sky", "predicate": "in", "target": {"coordinates": [413.79620361328, 1.6256332397461, 311.33837890625, 116.03981781006]}, "name": 3, "source": {"coordinates": [-0.079742431640625, 1.4896087646484, 519.439453125, 247.9299621582]}, "seconds": 0.125, "object": "blue sky", "type": "relation", "subject": "the clouds"}, {"caption": "the shadow on wall", "predicate": "on", "target": {"coordinates": [151.10678100586, 232.84846496582, 379.18215942383, 165.66868591309]}, "name": 3, "source": {"coordinates": [-0.079742431640625, 1.4896087646484, 519.439453125, 247.9299621582]}, "seconds": 0.125, "object": "wall", "type": "relation", "subject": "the shadow"}, {"caption": "the shadow on wall", "predicate": "on", "target": {"coordinates": [-11.537048339844, 107.64793395996, 746.12548828125, 295.29351806641]}, "name": 3, "source": {"coordinates": [3.599630355835, 3.1128959655762, 37.946014404297, 35.90181350708]}, "seconds": 0.125, "object": "wall", "type": "relation", "subject": "the shadow"}, {"caption": "the shadow on white wall", "predicate": "on", "target": {"coordinates": [-0.079742431640625, 1.4896087646484, 519.439453125, 247.9299621582]}, "name": 3, "source": {"coordinates": [3.599630355835, 3.1128959655762, 37.946014404297, 35.90181350708]}, "seconds": 0.125, "object": "white wall", "type": "relation", "subject": "the shadow"}, {"caption": "the shadow on wall", "predicate": "on", "target": {"coordinates": [2.3263244628906, 1.1219100952148, 316.52145385742, 115.90625]}, "name": 3, "source": {"coordinates": [3.599630355835, 3.1128959655762, 37.946014404297, 35.90181350708]}, "seconds": 0.125, "object": "wall", "type": "relation", "subject": "the shadow"}, {"caption": "the shadow on wall", "predicate": "on", "target": {"coordinates": [510.78155517578, -3.5308380126953, 213.08508300781, 386.40435791016]}, "name": 3, "source": {"coordinates": [3.599630355835, 3.1128959655762, 37.946014404297, 35.90181350708]}, "seconds": 0.125, "object": "wall", "type": "relation", "subject": "the shadow"}, {"caption": "the shadow on wall", "predicate": "on", "target": {"coordinates": [413.79620361328, 1.6256332397461, 311.33837890625, 116.03981781006]}, "name": 3, "source": {"coordinates": [3.599630355835, 3.1128959655762, 37.946014404297, 35.90181350708]}, "seconds": 0.125, "object": "wall", "type": "relation", "subject": "the shadow"}, {"caption": "the clouds in blue sky", "predicate": "in", "target": {"coordinates": [151.10678100586, 232.84846496582, 379.18215942383, 165.66868591309]}, "name": 3, "source": {"coordinates": [3.599630355835, 3.1128959655762, 37.946014404297, 35.90181350708]}, "seconds": 0.125, "object": "blue sky", "type": "relation", "subject": "the clouds"}, {"caption": "the clouds in blue sky", "predicate": "in", "target": {"coordinates": [-11.537048339844, 107.64793395996, 746.12548828125, 295.29351806641]}, "name": 3, "source": {"coordinates": [2.3263244628906, 1.1219100952148, 316.52145385742, 115.90625]}, "seconds": 0.125, "object": "blue sky", "type": "relation", "subject": "the clouds"}, {"caption": "the clouds in blue sky", "predicate": "in", "target": {"coordinates": [-0.079742431640625, 1.4896087646484, 519.439453125, 247.9299621582]}, "name": 3, "source": {"coordinates": [2.3263244628906, 1.1219100952148, 316.52145385742, 115.90625]}, "seconds": 0.125, "object": "blue sky", "type": "relation", "subject": "the clouds"}, {"caption": "the clouds in blue sky", "predicate": "in", "target": {"coordinates": [3.599630355835, 3.1128959655762, 37.946014404297, 35.90181350708]}, "name": 3, "source": {"coordinates": [2.3263244628906, 1.1219100952148, 316.52145385742, 115.90625]}, "seconds": 0.125, "object": "blue sky", "type": "relation", "subject": "the clouds"}, {"caption": "the clouds in blue sky", "predicate": "in", "target": {"coordinates": [510.78155517578, -3.5308380126953, 213.08508300781, 386.40435791016]}, "name": 3, "source": {"coordinates": [2.3263244628906, 1.1219100952148, 316.52145385742, 115.90625]}, "seconds": 0.125, "object": "blue sky", "type": "relation", "subject": "the clouds"}, {"caption": "the clouds in blue sky", "predicate": "in", "target": {"coordinates": [413.79620361328, 1.6256332397461, 311.33837890625, 116.03981781006]}, "name": 3, "source": {"coordinates": [2.3263244628906, 1.1219100952148, 316.52145385742, 115.90625]}, "seconds": 0.125, "object": "blue sky", "type": "relation", "subject": "the clouds"}, {"caption": "the clouds in blue sky", "predicate": "in", "target": {"coordinates": [151.10678100586, 232.84846496582, 379.18215942383, 165.66868591309]}, "name": 3, "source": {"coordinates": [2.3263244628906, 1.1219100952148, 316.52145385742, 115.90625]}, "seconds": 0.125, "object": "blue sky", "type": "relation", "subject": "the clouds"}, {"caption": "the clouds in blue sky", "predicate": "in", "target": {"coordinates": [-11.537048339844, 107.64793395996, 746.12548828125, 295.29351806641]}, "name": 3, "source": {"coordinates": [510.78155517578, -3.5308380126953, 213.08508300781, 386.40435791016]}, "seconds": 0.125, "object": "blue sky", "type": "relation", "subject": "the clouds"}, {"caption": "the clouds in blue sky", "predicate": "in", "target": {"coordinates": [-0.079742431640625, 1.4896087646484, 519.439453125, 247.9299621582]}, "name": 3, "source": {"coordinates": [510.78155517578, -3.5308380126953, 213.08508300781, 386.40435791016]}, "seconds": 0.125, "object": "blue sky", "type": "relation", "subject": "the clouds"}, {"caption": "the clouds in blue sky", "predicate": "in", "target": {"coordinates": [3.599630355835, 3.1128959655762, 37.946014404297, 35.90181350708]}, "name": 3, "source": {"coordinates": [510.78155517578, -3.5308380126953, 213.08508300781, 386.40435791016]}, "seconds": 0.125, "object": "blue sky", "type": "relation", "subject": "the clouds"}, {"caption": "the clouds in blue sky", "predicate": "in", "target": {"coordinates": [2.3263244628906, 1.1219100952148, 316.52145385742, 115.90625]}, "name": 3, "source": {"coordinates": [510.78155517578, -3.5308380126953, 213.08508300781, 386.40435791016]}, "seconds": 0.125, "object": "blue sky", "type": "relation", "subject": "the clouds"}, {"caption": "the clouds in blue sky", "predicate": "in", "target": {"coordinates": [413.79620361328, 1.6256332397461, 311.33837890625, 116.03981781006]}, "name": 3, "source": {"coordinates": [510.78155517578, -3.5308380126953, 213.08508300781, 386.40435791016]}, "seconds": 0.125, "object": "blue sky", "type": "relation", "subject": "the clouds"}, {"caption": "the clouds in blue sky", "predicate": "in", "target": {"coordinates": [151.10678100586, 232.84846496582, 379.18215942383, 165.66868591309]}, "name": 3, "source": {"coordinates": [510.78155517578, -3.5308380126953, 213.08508300781, 386.40435791016]}, "seconds": 0.125, "object": "blue sky", "type": "relation", "subject": "the clouds"}, {"caption": "the clouds in blue sky", "predicate": "in", "target": {"coordinates": [-11.537048339844, 107.64793395996, 746.12548828125, 295.29351806641]}, "name": 3, "source": {"coordinates": [413.79620361328, 1.6256332397461, 311.33837890625, 116.03981781006]}, "seconds": 0.125, "object": "blue sky", "type": "relation", "subject": "the clouds"}, {"caption": "the clouds in blue sky", "predicate": "in", "target": {"coordinates": [-0.079742431640625, 1.4896087646484, 519.439453125, 247.9299621582]}, "name": 3, "source": {"coordinates": [413.79620361328, 1.6256332397461, 311.33837890625, 116.03981781006]}, "seconds": 0.125, "object": "blue sky", "type": "relation", "subject": "the clouds"}, {"caption": "the clouds in blue sky", "predicate": "in", "target": {"coordinates": [3.599630355835, 3.1128959655762, 37.946014404297, 35.90181350708]}, "name": 3, "source": {"coordinates": [413.79620361328, 1.6256332397461, 311.33837890625, 116.03981781006]}, "seconds": 0.125, "object": "blue sky", "type": "relation", "subject": "the clouds"}, {"caption": "the clouds in blue sky", "predicate": "in", "target": {"coordinates": [2.3263244628906, 1.1219100952148, 316.52145385742, 115.90625]}, "name": 3, "source": {"coordinates": [413.79620361328, 1.6256332397461, 311.33837890625, 116.03981781006]}, "seconds": 0.125, "object": "blue sky", "type": "relation", "subject": "the clouds"}, {"caption": "the clouds in blue sky", "predicate": "in", "target": {"coordinates": [510.78155517578, -3.5308380126953, 213.08508300781, 386.40435791016]}, "name": 3, "source": {"coordinates": [413.79620361328, 1.6256332397461, 311.33837890625, 116.03981781006]}, "seconds": 0.125, "object": "blue sky", "type": "relation", "subject": "the clouds"}, {"caption": "the clouds in blue sky", "predicate": "in", "target": {"coordinates": [151.10678100586, 232.84846496582, 379.18215942383, 165.66868591309]}, "name": 3, "source": {"coordinates": [413.79620361328, 1.6256332397461, 311.33837890625, 116.03981781006]}, "seconds": 0.125, "object": "blue sky", "type": "relation", "subject": "the clouds"}, {"caption": "the clouds in blue sky", "predicate": "in", "target": {"coordinates": [-11.537048339844, 107.64793395996, 746.12548828125, 295.29351806641]}, "name": 3, "source": {"coordinates": [151.10678100586, 232.84846496582, 379.18215942383, 165.66868591309]}, "seconds": 0.125, "object": "blue sky", "type": "relation", "subject": "the clouds"}, {"caption": "the clouds in blue sky", "predicate": "in", "target": {"coordinates": [-0.079742431640625, 1.4896087646484, 519.439453125, 247.9299621582]}, "name": 3, "source": {"coordinates": [151.10678100586, 232.84846496582, 379.18215942383, 165.66868591309]}, "seconds": 0.125, "object": "blue sky", "type": "relation", "subject": "the clouds"}, {"caption": "the clouds in blue sky", "predicate": "in", "target": {"coordinates": [3.599630355835, 3.1128959655762, 37.946014404297, 35.90181350708]}, "name": 3, "source": {"coordinates": [151.10678100586, 232.84846496582, 379.18215942383, 165.66868591309]}, "seconds": 0.125, "object": "blue sky", "type": "relation", "subject": "the clouds"}, {"caption": "the clouds in blue sky", "predicate": "in", "target": {"coordinates": [2.3263244628906, 1.1219100952148, 316.52145385742, 115.90625]}, "name": 3, "source": {"coordinates": [151.10678100586, 232.84846496582, 379.18215942383, 165.66868591309]}, "seconds": 0.125, "object": "blue sky", "type": "relation", "subject": "the clouds"}, {"caption": "the clouds in blue sky", "predicate": "in", "target": {"coordinates": [510.78155517578, -3.5308380126953, 213.08508300781, 386.40435791016]}, "name": 3, "source": {"coordinates": [151.10678100586, 232.84846496582, 379.18215942383, 165.66868591309]}, "seconds": 0.125, "object": "blue sky", "type": "relation", "subject": "the clouds"}, {"caption": "the clouds in blue sky", "predicate": "in", "target": {"coordinates": [413.79620361328, 1.6256332397461, 311.33837890625, 116.03981781006]}, "name": 3, "source": {"coordinates": [151.10678100586, 232.84846496582, 379.18215942383, 165.66868591309]}, "seconds": 0.125, "object": "blue sky", "type": "relation", "subject": "the clouds"}]