[{"caption": "the man wearing black shirt", "predicate": "wearing", "target": {"coordinates": [344.2541809082, 107.78183746338, 254.57748413086, 255.63824462891]}, "name": 105, "source": {"coordinates": [34.025329589844, -5.98486328125, 569.80749511719, 393.66098022461]}, "seconds": 4.375, "object": "black shirt", "type": "relation", "subject": "the man"}, {"caption": "the man wearing black shirt", "predicate": "wearing", "target": {"coordinates": [95.323822021484, -12.271591186523, 261.47357177734, 234.22341918945]}, "name": 105, "source": {"coordinates": [34.025329589844, -5.98486328125, 569.80749511719, 393.66098022461]}, "seconds": 4.375, "object": "black shirt", "type": "relation", "subject": "the man"}, {"caption": "the man wearing black shirt", "predicate": "wearing", "target": {"coordinates": [487.59124755859, -7.6249237060547, 242.59460449219, 415.70672607422]}, "name": 105, "source": {"coordinates": [34.025329589844, -5.98486328125, 569.80749511719, 393.66098022461]}, "seconds": 4.375, "object": "black shirt", "type": "relation", "subject": "the man"}, {"caption": "the man wearing black shirt", "predicate": "wearing", "target": {"coordinates": [-4.5101318359375, 226.55902099609, 444.62506103516, 174.34344482422]}, "name": 105, "source": {"coordinates": [34.025329589844, -5.98486328125, 569.80749511719, 393.66098022461]}, "seconds": 4.375, "object": "black shirt", "type": "relation", "subject": "the man"}, {"caption": "the man wearing black shirt", "predicate": "wearing", "target": {"coordinates": [34.025329589844, -5.98486328125, 569.80749511719, 393.66098022461]}, "name": 105, "source": {"coordinates": [344.2541809082, 107.78183746338, 254.57748413086, 255.63824462891]}, "seconds": 4.375, "object": "black shirt", "type": "relation", "subject": "the man"}, {"caption": "the man wearing black shirt", "predicate": "wearing", "target": {"coordinates": [95.323822021484, -12.271591186523, 261.47357177734, 234.22341918945]}, "name": 105, "source": {"coordinates": [344.2541809082, 107.78183746338, 254.57748413086, 255.63824462891]}, "seconds": 4.375, "object": "black shirt", "type": "relation", "subject": "the man"}, {"caption": "the man wearing black shirt", "predicate": "wearing", "target": {"coordinates": [487.59124755859, -7.6249237060547, 242.59460449219, 415.70672607422]}, "name": 105, "source": {"coordinates": [344.2541809082, 107.78183746338, 254.57748413086, 255.63824462891]}, "seconds": 4.375, "object": "black shirt", "type": "relation", "subject": "the man"}, {"caption": "the man wearing black shirt", "predicate": "wearing", "target": {"coordinates": [-4.5101318359375, 226.55902099609, 444.62506103516, 174.34344482422]}, "name": 105, "source": {"coordinates": [344.2541809082, 107.78183746338, 254.57748413086, 255.63824462891]}, "seconds": 4.375, "object": "black shirt", "type": "relation", "subject": "the man"}, {"caption": "the man wearing black shirt", "predicate": "wearing", "target": {"coordinates": [34.025329589844, -5.98486328125, 569.80749511719, 393.66098022461]}, "name": 105, "source": {"coordinates": [95.323822021484, -12.271591186523, 261.47357177734, 234.22341918945]}, "seconds": 4.375, "object": "black shirt", "type": "relation", "subject": "the man"}, {"caption": "the man wearing black shirt", "predicate": "wearing", "target": {"coordinates": [344.2541809082, 107.78183746338, 254.57748413086, 255.63824462891]}, "name": 105, "source": {"coordinates": [95.323822021484, -12.271591186523, 261.47357177734, 234.22341918945]}, "seconds": 4.375, "object": "black shirt", "type": "relation", "subject": "the man"}, {"caption": "the man wearing black shirt", "predicate": "wearing", "target": {"coordinates": [487.59124755859, -7.6249237060547, 242.59460449219, 415.70672607422]}, "name": 105, "source": {"coordinates": [95.323822021484, -12.271591186523, 261.47357177734, 234.22341918945]}, "seconds": 4.375, "object": "black shirt", "type": "relation", "subject": "the man"}, {"caption": "the man wearing black shirt", "predicate": "wearing", "target": {"coordinates": [-4.5101318359375, 226.55902099609, 444.62506103516, 174.34344482422]}, "name": 105, "source": {"coordinates": [95.323822021484, -12.271591186523, 261.47357177734, 234.22341918945]}, "seconds": 4.375, "object": "black shirt", "type": "relation", "subject": "the man"}, {"caption": "the man wearing black shirt", "predicate": "wearing", "target": {"coordinates": [34.025329589844, -5.98486328125, 569.80749511719, 393.66098022461]}, "name": 105, "source": {"coordinates": [487.59124755859, -7.6249237060547, 242.59460449219, 415.70672607422]}, "seconds": 4.375, "object": "black shirt", "type": "relation", "subject": "the man"}, {"caption": "the man wearing black shirt", "predicate": "wearing", "target": {"coordinates": [344.2541809082, 107.78183746338, 254.57748413086, 255.63824462891]}, "name": 105, "source": {"coordinates": [487.59124755859, -7.6249237060547, 242.59460449219, 415.70672607422]}, "seconds": 4.375, "object": "black shirt", "type": "relation", "subject": "the man"}, {"caption": "the man wearing black shirt", "predicate": "wearing", "target": {"coordinates": [95.323822021484, -12.271591186523, 261.47357177734, 234.22341918945]}, "name": 105, "source": {"coordinates": [487.59124755859, -7.6249237060547, 242.59460449219, 415.70672607422]}, "seconds": 4.375, "object": "black shirt", "type": "relation", "subject": "the man"}, {"caption": "the man wearing white shirt", "predicate": "wearing", "target": {"coordinates": [-4.5101318359375, 226.55902099609, 444.62506103516, 174.34344482422]}, "name": 105, "source": {"coordinates": [487.59124755859, -7.6249237060547, 242.59460449219, 415.70672607422]}, "seconds": 4.375, "object": "white shirt", "type": "relation", "subject": "the man"}, {"caption": "the man wearing white shirt", "predicate": "wearing", "target": {"coordinates": [34.025329589844, -5.98486328125, 569.80749511719, 393.66098022461]}, "name": 105, "source": {"coordinates": [-4.5101318359375, 226.55902099609, 444.62506103516, 174.34344482422]}, "seconds": 4.375, "object": "white shirt", "type": "relation", "subject": "the man"}, {"caption": "the man wearing black shirt", "predicate": "wearing", "target": {"coordinates": [344.2541809082, 107.78183746338, 254.57748413086, 255.63824462891]}, "name": 105, "source": {"coordinates": [-4.5101318359375, 226.55902099609, 444.62506103516, 174.34344482422]}, "seconds": 4.375, "object": "black shirt", "type": "relation", "subject": "the man"}, {"caption": "the man wearing black shirt", "predicate": "wearing", "target": {"coordinates": [95.323822021484, -12.271591186523, 261.47357177734, 234.22341918945]}, "name": 105, "source": {"coordinates": [-4.5101318359375, 226.55902099609, 444.62506103516, 174.34344482422]}, "seconds": 4.375, "object": "black shirt", "type": "relation", "subject": "the man"}, {"caption": "the man on white table", "predicate": "on", "target": {"coordinates": [487.59124755859, -7.6249237060547, 242.59460449219, 415.70672607422]}, "name": 105, "source": {"coordinates": [-4.5101318359375, 226.55902099609, 444.62506103516, 174.34344482422]}, "seconds": 4.375, "object": "white table", "type": "relation", "subject": "the man"}]