[{"caption": "the man wearing black shirt", "predicate": "wearing", "target": {"coordinates": [75.195770263672, 108.9393157959, 174.75473022461, 288.20062255859]}, "name": 216, "source": {"coordinates": [436.12728881836, 66.143417358398, 177.31307983398, 322.45489501953]}, "seconds": 9.0, "object": "black shirt", "type": "relation", "subject": "the man"}, {"caption": "the man wearing black shirt", "predicate": "wearing", "target": {"coordinates": [10.927185058594, 10.402221679688, 673.44781494141, 388.99945068359]}, "name": 216, "source": {"coordinates": [436.12728881836, 66.143417358398, 177.31307983398, 322.45489501953]}, "seconds": 9.0, "object": "black shirt", "type": "relation", "subject": "the man"}, {"caption": "the man wearing black shirt", "predicate": "wearing", "target": {"coordinates": [250.48031616211, 95.890563964844, 171.67779541016, 295.25155639648]}, "name": 216, "source": {"coordinates": [436.12728881836, 66.143417358398, 177.31307983398, 322.45489501953]}, "seconds": 9.0, "object": "black shirt", "type": "relation", "subject": "the man"}, {"caption": "the man wearing black shirt", "predicate": "wearing", "target": {"coordinates": [380.02746582031, 167.73229980469, 88.2568359375, 194.14031982422]}, "name": 216, "source": {"coordinates": [436.12728881836, 66.143417358398, 177.31307983398, 322.45489501953]}, "seconds": 9.0, "object": "black shirt", "type": "relation", "subject": "the man"}, {"caption": "the man wearing black pants", "predicate": "wearing", "target": {"coordinates": [475.06988525391, 115.95393371582, 90.4189453125, 182.31657409668]}, "name": 216, "source": {"coordinates": [436.12728881836, 66.143417358398, 177.31307983398, 322.45489501953]}, "seconds": 9.0, "object": "black pants", "type": "relation", "subject": "the man"}, {"caption": "the man in front of building", "predicate": "in", "target": {"coordinates": [7.7434844970703, 11.065292358398, 391.11572265625, 191.6273651123]}, "name": 216, "source": {"coordinates": [436.12728881836, 66.143417358398, 177.31307983398, 322.45489501953]}, "seconds": 9.0, "object": "front of building", "type": "relation", "subject": "the man"}, {"caption": "the man wearing black shirt", "predicate": "wearing", "target": {"coordinates": [317.44732666016, -1.0564117431641, 399.85388183594, 207.56565856934]}, "name": 216, "source": {"coordinates": [436.12728881836, 66.143417358398, 177.31307983398, 322.45489501953]}, "seconds": 9.0, "object": "black shirt", "type": "relation", "subject": "the man"}, {"caption": "the man wearing black shirt", "predicate": "wearing", "target": {"coordinates": [436.12728881836, 66.143417358398, 177.31307983398, 322.45489501953]}, "name": 216, "source": {"coordinates": [75.195770263672, 108.9393157959, 174.75473022461, 288.20062255859]}, "seconds": 9.0, "object": "black shirt", "type": "relation", "subject": "the man"}, {"caption": "the man wearing black shirt", "predicate": "wearing", "target": {"coordinates": [10.927185058594, 10.402221679688, 673.44781494141, 388.99945068359]}, "name": 216, "source": {"coordinates": [75.195770263672, 108.9393157959, 174.75473022461, 288.20062255859]}, "seconds": 9.0, "object": "black shirt", "type": "relation", "subject": "the man"}, {"caption": "the man wearing black shirt", "predicate": "wearing", "target": {"coordinates": [250.48031616211, 95.890563964844, 171.67779541016, 295.25155639648]}, "name": 216, "source": {"coordinates": [75.195770263672, 108.9393157959, 174.75473022461, 288.20062255859]}, "seconds": 9.0, "object": "black shirt", "type": "relation", "subject": "the man"}, {"caption": "the man wearing black shirt", "predicate": "wearing", "target": {"coordinates": [380.02746582031, 167.73229980469, 88.2568359375, 194.14031982422]}, "name": 216, "source": {"coordinates": [75.195770263672, 108.9393157959, 174.75473022461, 288.20062255859]}, "seconds": 9.0, "object": "black shirt", "type": "relation", "subject": "the man"}, {"caption": "the man wearing black shirt", "predicate": "wearing", "target": {"coordinates": [475.06988525391, 115.95393371582, 90.4189453125, 182.31657409668]}, "name": 216, "source": {"coordinates": [75.195770263672, 108.9393157959, 174.75473022461, 288.20062255859]}, "seconds": 9.0, "object": "black shirt", "type": "relation", "subject": "the man"}, {"caption": "the man in front of building", "predicate": "in", "target": {"coordinates": [7.7434844970703, 11.065292358398, 391.11572265625, 191.6273651123]}, "name": 216, "source": {"coordinates": [75.195770263672, 108.9393157959, 174.75473022461, 288.20062255859]}, "seconds": 9.0, "object": "front of building", "type": "relation", "subject": "the man"}, {"caption": "the man wearing black shirt", "predicate": "wearing", "target": {"coordinates": [317.44732666016, -1.0564117431641, 399.85388183594, 207.56565856934]}, "name": 216, "source": {"coordinates": [75.195770263672, 108.9393157959, 174.75473022461, 288.20062255859]}, "seconds": 9.0, "object": "black shirt", "type": "relation", "subject": "the man"}, {"caption": "the man wearing black shirt", "predicate": "wearing", "target": {"coordinates": [436.12728881836, 66.143417358398, 177.31307983398, 322.45489501953]}, "name": 216, "source": {"coordinates": [10.927185058594, 10.402221679688, 673.44781494141, 388.99945068359]}, "seconds": 9.0, "object": "black shirt", "type": "relation", "subject": "the man"}, {"caption": "the man wearing blue shirt", "predicate": "wearing", "target": {"coordinates": [75.195770263672, 108.9393157959, 174.75473022461, 288.20062255859]}, "name": 216, "source": {"coordinates": [10.927185058594, 10.402221679688, 673.44781494141, 388.99945068359]}, "seconds": 9.0, "object": "blue shirt", "type": "relation", "subject": "the man"}, {"caption": "the man wearing black shirt", "predicate": "wearing", "target": {"coordinates": [250.48031616211, 95.890563964844, 171.67779541016, 295.25155639648]}, "name": 216, "source": {"coordinates": [10.927185058594, 10.402221679688, 673.44781494141, 388.99945068359]}, "seconds": 9.0, "object": "black shirt", "type": "relation", "subject": "the man"}, {"caption": "the man wearing black shirt", "predicate": "wearing", "target": {"coordinates": [380.02746582031, 167.73229980469, 88.2568359375, 194.14031982422]}, "name": 216, "source": {"coordinates": [10.927185058594, 10.402221679688, 673.44781494141, 388.99945068359]}, "seconds": 9.0, "object": "black shirt", "type": "relation", "subject": "the man"}, {"caption": "the man in background", "predicate": "in", "target": {"coordinates": [475.06988525391, 115.95393371582, 90.4189453125, 182.31657409668]}, "name": 216, "source": {"coordinates": [10.927185058594, 10.402221679688, 673.44781494141, 388.99945068359]}, "seconds": 9.0, "object": "background", "type": "relation", "subject": "the man"}, {"caption": "the man wearing blue shirt", "predicate": "wearing", "target": {"coordinates": [7.7434844970703, 11.065292358398, 391.11572265625, 191.6273651123]}, "name": 216, "source": {"coordinates": [10.927185058594, 10.402221679688, 673.44781494141, 388.99945068359]}, "seconds": 9.0, "object": "blue shirt", "type": "relation", "subject": "the man"}, {"caption": "the man wearing black shirt", "predicate": "wearing", "target": {"coordinates": [317.44732666016, -1.0564117431641, 399.85388183594, 207.56565856934]}, "name": 216, "source": {"coordinates": [10.927185058594, 10.402221679688, 673.44781494141, 388.99945068359]}, "seconds": 9.0, "object": "black shirt", "type": "relation", "subject": "the man"}, {"caption": "the man wearing black shirt", "predicate": "wearing", "target": {"coordinates": [436.12728881836, 66.143417358398, 177.31307983398, 322.45489501953]}, "name": 216, "source": {"coordinates": [250.48031616211, 95.890563964844, 171.67779541016, 295.25155639648]}, "seconds": 9.0, "object": "black shirt", "type": "relation", "subject": "the man"}, {"caption": "the man wearing black shirt", "predicate": "wearing", "target": {"coordinates": [75.195770263672, 108.9393157959, 174.75473022461, 288.20062255859]}, "name": 216, "source": {"coordinates": [250.48031616211, 95.890563964844, 171.67779541016, 295.25155639648]}, "seconds": 9.0, "object": "black shirt", "type": "relation", "subject": "the man"}, {"caption": "the man wearing black shirt", "predicate": "wearing", "target": {"coordinates": [10.927185058594, 10.402221679688, 673.44781494141, 388.99945068359]}, "name": 216, "source": {"coordinates": [250.48031616211, 95.890563964844, 171.67779541016, 295.25155639648]}, "seconds": 9.0, "object": "black shirt", "type": "relation", "subject": "the man"}, {"caption": "the man wearing black shirt", "predicate": "wearing", "target": {"coordinates": [380.02746582031, 167.73229980469, 88.2568359375, 194.14031982422]}, "name": 216, "source": {"coordinates": [250.48031616211, 95.890563964844, 171.67779541016, 295.25155639648]}, "seconds": 9.0, "object": "black shirt", "type": "relation", "subject": "the man"}, {"caption": "the man wearing black pants", "predicate": "wearing", "target": {"coordinates": [475.06988525391, 115.95393371582, 90.4189453125, 182.31657409668]}, "name": 216, "source": {"coordinates": [250.48031616211, 95.890563964844, 171.67779541016, 295.25155639648]}, "seconds": 9.0, "object": "black pants", "type": "relation", "subject": "the man"}, {"caption": "the man in front of building", "predicate": "in", "target": {"coordinates": [7.7434844970703, 11.065292358398, 391.11572265625, 191.6273651123]}, "name": 216, "source": {"coordinates": [250.48031616211, 95.890563964844, 171.67779541016, 295.25155639648]}, "seconds": 9.0, "object": "front of building", "type": "relation", "subject": "the man"}, {"caption": "the man wearing black shirt", "predicate": "wearing", "target": {"coordinates": [317.44732666016, -1.0564117431641, 399.85388183594, 207.56565856934]}, "name": 216, "source": {"coordinates": [250.48031616211, 95.890563964844, 171.67779541016, 295.25155639648]}, "seconds": 9.0, "object": "black shirt", "type": "relation", "subject": "the man"}, {"caption": "the man wearing black shirt", "predicate": "wearing", "target": {"coordinates": [436.12728881836, 66.143417358398, 177.31307983398, 322.45489501953]}, "name": 216, "source": {"coordinates": [380.02746582031, 167.73229980469, 88.2568359375, 194.14031982422]}, "seconds": 9.0, "object": "black shirt", "type": "relation", "subject": "the man"}, {"caption": "the man wearing black shirt", "predicate": "wearing", "target": {"coordinates": [75.195770263672, 108.9393157959, 174.75473022461, 288.20062255859]}, "name": 216, "source": {"coordinates": [380.02746582031, 167.73229980469, 88.2568359375, 194.14031982422]}, "seconds": 9.0, "object": "black shirt", "type": "relation", "subject": "the man"}, {"caption": "the man in a white shirt", "predicate": "in", "target": {"coordinates": [10.927185058594, 10.402221679688, 673.44781494141, 388.99945068359]}, "name": 216, "source": {"coordinates": [380.02746582031, 167.73229980469, 88.2568359375, 194.14031982422]}, "seconds": 9.0, "object": "a white shirt", "type": "relation", "subject": "the man"}, {"caption": "the man wearing black shirt", "predicate": "wearing", "target": {"coordinates": [250.48031616211, 95.890563964844, 171.67779541016, 295.25155639648]}, "name": 216, "source": {"coordinates": [380.02746582031, 167.73229980469, 88.2568359375, 194.14031982422]}, "seconds": 9.0, "object": "black shirt", "type": "relation", "subject": "the man"}, {"caption": "the man on a brown horse", "predicate": "on", "target": {"coordinates": [475.06988525391, 115.95393371582, 90.4189453125, 182.31657409668]}, "name": 216, "source": {"coordinates": [380.02746582031, 167.73229980469, 88.2568359375, 194.14031982422]}, "seconds": 9.0, "object": "a brown horse", "type": "relation", "subject": "the man"}, {"caption": "the man on wall", "predicate": "on", "target": {"coordinates": [7.7434844970703, 11.065292358398, 391.11572265625, 191.6273651123]}, "name": 216, "source": {"coordinates": [380.02746582031, 167.73229980469, 88.2568359375, 194.14031982422]}, "seconds": 9.0, "object": "wall", "type": "relation", "subject": "the man"}, {"caption": "the man wearing black shirt", "predicate": "wearing", "target": {"coordinates": [317.44732666016, -1.0564117431641, 399.85388183594, 207.56565856934]}, "name": 216, "source": {"coordinates": [380.02746582031, 167.73229980469, 88.2568359375, 194.14031982422]}, "seconds": 9.0, "object": "black shirt", "type": "relation", "subject": "the man"}, {"caption": "the man wearing black shirt", "predicate": "wearing", "target": {"coordinates": [436.12728881836, 66.143417358398, 177.31307983398, 322.45489501953]}, "name": 216, "source": {"coordinates": [475.06988525391, 115.95393371582, 90.4189453125, 182.31657409668]}, "seconds": 9.0, "object": "black shirt", "type": "relation", "subject": "the man"}, {"caption": "the man wearing black shirt", "predicate": "wearing", "target": {"coordinates": [75.195770263672, 108.9393157959, 174.75473022461, 288.20062255859]}, "name": 216, "source": {"coordinates": [475.06988525391, 115.95393371582, 90.4189453125, 182.31657409668]}, "seconds": 9.0, "object": "black shirt", "type": "relation", "subject": "the man"}, {"caption": "the man in a blue shirt", "predicate": "in", "target": {"coordinates": [10.927185058594, 10.402221679688, 673.44781494141, 388.99945068359]}, "name": 216, "source": {"coordinates": [475.06988525391, 115.95393371582, 90.4189453125, 182.31657409668]}, "seconds": 9.0, "object": "a blue shirt", "type": "relation", "subject": "the man"}, {"caption": "the man wearing black shirt", "predicate": "wearing", "target": {"coordinates": [250.48031616211, 95.890563964844, 171.67779541016, 295.25155639648]}, "name": 216, "source": {"coordinates": [475.06988525391, 115.95393371582, 90.4189453125, 182.31657409668]}, "seconds": 9.0, "object": "black shirt", "type": "relation", "subject": "the man"}, {"caption": "the man wearing black shirt", "predicate": "wearing", "target": {"coordinates": [380.02746582031, 167.73229980469, 88.2568359375, 194.14031982422]}, "name": 216, "source": {"coordinates": [475.06988525391, 115.95393371582, 90.4189453125, 182.31657409668]}, "seconds": 9.0, "object": "black shirt", "type": "relation", "subject": "the man"}, {"caption": "the man on wall", "predicate": "on", "target": {"coordinates": [7.7434844970703, 11.065292358398, 391.11572265625, 191.6273651123]}, "name": 216, "source": {"coordinates": [475.06988525391, 115.95393371582, 90.4189453125, 182.31657409668]}, "seconds": 9.0, "object": "wall", "type": "relation", "subject": "the man"}, {"caption": "the man wearing black shirt", "predicate": "wearing", "target": {"coordinates": [317.44732666016, -1.0564117431641, 399.85388183594, 207.56565856934]}, "name": 216, "source": {"coordinates": [475.06988525391, 115.95393371582, 90.4189453125, 182.31657409668]}, "seconds": 9.0, "object": "black shirt", "type": "relation", "subject": "the man"}, {"caption": "the man wearing black shirt", "predicate": "wearing", "target": {"coordinates": [436.12728881836, 66.143417358398, 177.31307983398, 322.45489501953]}, "name": 216, "source": {"coordinates": [7.7434844970703, 11.065292358398, 391.11572265625, 191.6273651123]}, "seconds": 9.0, "object": "black shirt", "type": "relation", "subject": "the man"}, {"caption": "the man in background", "predicate": "in", "target": {"coordinates": [75.195770263672, 108.9393157959, 174.75473022461, 288.20062255859]}, "name": 216, "source": {"coordinates": [7.7434844970703, 11.065292358398, 391.11572265625, 191.6273651123]}, "seconds": 9.0, "object": "background", "type": "relation", "subject": "the man"}, {"caption": "the man in background", "predicate": "in", "target": {"coordinates": [10.927185058594, 10.402221679688, 673.44781494141, 388.99945068359]}, "name": 216, "source": {"coordinates": [7.7434844970703, 11.065292358398, 391.11572265625, 191.6273651123]}, "seconds": 9.0, "object": "background", "type": "relation", "subject": "the man"}, {"caption": "the man in background", "predicate": "in", "target": {"coordinates": [250.48031616211, 95.890563964844, 171.67779541016, 295.25155639648]}, "name": 216, "source": {"coordinates": [7.7434844970703, 11.065292358398, 391.11572265625, 191.6273651123]}, "seconds": 9.0, "object": "background", "type": "relation", "subject": "the man"}, {"caption": "the man wearing black shirt", "predicate": "wearing", "target": {"coordinates": [380.02746582031, 167.73229980469, 88.2568359375, 194.14031982422]}, "name": 216, "source": {"coordinates": [7.7434844970703, 11.065292358398, 391.11572265625, 191.6273651123]}, "seconds": 9.0, "object": "black shirt", "type": "relation", "subject": "the man"}, {"caption": "the man wearing black shirt", "predicate": "wearing", "target": {"coordinates": [475.06988525391, 115.95393371582, 90.4189453125, 182.31657409668]}, "name": 216, "source": {"coordinates": [7.7434844970703, 11.065292358398, 391.11572265625, 191.6273651123]}, "seconds": 9.0, "object": "black shirt", "type": "relation", "subject": "the man"}, {"caption": "the man wearing black shirt", "predicate": "wearing", "target": {"coordinates": [317.44732666016, -1.0564117431641, 399.85388183594, 207.56565856934]}, "name": 216, "source": {"coordinates": [7.7434844970703, 11.065292358398, 391.11572265625, 191.6273651123]}, "seconds": 9.0, "object": "black shirt", "type": "relation", "subject": "the man"}, {"caption": "the man wearing black shirt", "predicate": "wearing", "target": {"coordinates": [436.12728881836, 66.143417358398, 177.31307983398, 322.45489501953]}, "name": 216, "source": {"coordinates": [317.44732666016, -1.0564117431641, 399.85388183594, 207.56565856934]}, "seconds": 9.0, "object": "black shirt", "type": "relation", "subject": "the man"}, {"caption": "the man in blue shirt", "predicate": "in", "target": {"coordinates": [75.195770263672, 108.9393157959, 174.75473022461, 288.20062255859]}, "name": 216, "source": {"coordinates": [317.44732666016, -1.0564117431641, 399.85388183594, 207.56565856934]}, "seconds": 9.0, "object": "blue shirt", "type": "relation", "subject": "the man"}, {"caption": "the man wearing black shirt", "predicate": "wearing", "target": {"coordinates": [10.927185058594, 10.402221679688, 673.44781494141, 388.99945068359]}, "name": 216, "source": {"coordinates": [317.44732666016, -1.0564117431641, 399.85388183594, 207.56565856934]}, "seconds": 9.0, "object": "black shirt", "type": "relation", "subject": "the man"}, {"caption": "the man on wall", "predicate": "on", "target": {"coordinates": [250.48031616211, 95.890563964844, 171.67779541016, 295.25155639648]}, "name": 216, "source": {"coordinates": [317.44732666016, -1.0564117431641, 399.85388183594, 207.56565856934]}, "seconds": 9.0, "object": "wall", "type": "relation", "subject": "the man"}, {"caption": "the man wearing black shirt", "predicate": "wearing", "target": {"coordinates": [380.02746582031, 167.73229980469, 88.2568359375, 194.14031982422]}, "name": 216, "source": {"coordinates": [317.44732666016, -1.0564117431641, 399.85388183594, 207.56565856934]}, "seconds": 9.0, "object": "black shirt", "type": "relation", "subject": "the man"}, {"caption": "the man wearing black shirt", "predicate": "wearing", "target": {"coordinates": [475.06988525391, 115.95393371582, 90.4189453125, 182.31657409668]}, "name": 216, "source": {"coordinates": [317.44732666016, -1.0564117431641, 399.85388183594, 207.56565856934]}, "seconds": 9.0, "object": "black shirt", "type": "relation", "subject": "the man"}, {"caption": "the man in background", "predicate": "in", "target": {"coordinates": [7.7434844970703, 11.065292358398, 391.11572265625, 191.6273651123]}, "name": 216, "source": {"coordinates": [317.44732666016, -1.0564117431641, 399.85388183594, 207.56565856934]}, "seconds": 9.0, "object": "background", "type": "relation", "subject": "the man"}]