[{"caption": "the man wearing black shirt", "predicate": "wearing", "target": {"coordinates": [491.26721191406, -5.4734954833984, 231.78674316406, 407.14135742188]}, "name": 317, "source": {"coordinates": [295.90451049805, 5.7568359375, 200.46643066406, 379.42065429688]}, "seconds": 13.208333333333334, "object": "black shirt", "type": "relation", "subject": "the man"}, {"caption": "the man wearing black shirt", "predicate": "wearing", "target": {"coordinates": [-13.830261230469, -4.8363037109375, 279.81878662109, 412.83361816406]}, "name": 317, "source": {"coordinates": [295.90451049805, 5.7568359375, 200.46643066406, 379.42065429688]}, "seconds": 13.208333333333334, "object": "black shirt", "type": "relation", "subject": "the man"}, {"caption": "the man wearing black shirt", "predicate": "wearing", "target": {"coordinates": [1.0050048828125, 204.97180175781, 605.59216308594, 205.26519775391]}, "name": 317, "source": {"coordinates": [295.90451049805, 5.7568359375, 200.46643066406, 379.42065429688]}, "seconds": 13.208333333333334, "object": "black shirt", "type": "relation", "subject": "the man"}, {"caption": "the man wearing black shirt", "predicate": "wearing", "target": {"coordinates": [92.203704833984, 0.56922912597656, 647.4833984375, 191.39920043945]}, "name": 317, "source": {"coordinates": [295.90451049805, 5.7568359375, 200.46643066406, 379.42065429688]}, "seconds": 13.208333333333334, "object": "black shirt", "type": "relation", "subject": "the man"}, {"caption": "the man in a white shirt", "predicate": "in", "target": {"coordinates": [654.31005859375, 0.9380989074707, 45.760620117188, 44.219951629639]}, "name": 317, "source": {"coordinates": [295.90451049805, 5.7568359375, 200.46643066406, 379.42065429688]}, "seconds": 13.208333333333334, "object": "a white shirt", "type": "relation", "subject": "the man"}, {"caption": "the man in a white shirt", "predicate": "in", "target": {"coordinates": [295.90451049805, 5.7568359375, 200.46643066406, 379.42065429688]}, "name": 317, "source": {"coordinates": [491.26721191406, -5.4734954833984, 231.78674316406, 407.14135742188]}, "seconds": 13.208333333333334, "object": "a white shirt", "type": "relation", "subject": "the man"}, {"caption": "the man wearing black shirt", "predicate": "wearing", "target": {"coordinates": [-13.830261230469, -4.8363037109375, 279.81878662109, 412.83361816406]}, "name": 317, "source": {"coordinates": [491.26721191406, -5.4734954833984, 231.78674316406, 407.14135742188]}, "seconds": 13.208333333333334, "object": "black shirt", "type": "relation", "subject": "the man"}, {"caption": "the man wearing black shirt", "predicate": "wearing", "target": {"coordinates": [1.0050048828125, 204.97180175781, 605.59216308594, 205.26519775391]}, "name": 317, "source": {"coordinates": [491.26721191406, -5.4734954833984, 231.78674316406, 407.14135742188]}, "seconds": 13.208333333333334, "object": "black shirt", "type": "relation", "subject": "the man"}, {"caption": "the man wearing black shirt", "predicate": "wearing", "target": {"coordinates": [92.203704833984, 0.56922912597656, 647.4833984375, 191.39920043945]}, "name": 317, "source": {"coordinates": [491.26721191406, -5.4734954833984, 231.78674316406, 407.14135742188]}, "seconds": 13.208333333333334, "object": "black shirt", "type": "relation", "subject": "the man"}, {"caption": "the man wearing black shirt", "predicate": "wearing", "target": {"coordinates": [654.31005859375, 0.9380989074707, 45.760620117188, 44.219951629639]}, "name": 317, "source": {"coordinates": [491.26721191406, -5.4734954833984, 231.78674316406, 407.14135742188]}, "seconds": 13.208333333333334, "object": "black shirt", "type": "relation", "subject": "the man"}, {"caption": "the man wearing black shirt", "predicate": "wearing", "target": {"coordinates": [295.90451049805, 5.7568359375, 200.46643066406, 379.42065429688]}, "name": 317, "source": {"coordinates": [-13.830261230469, -4.8363037109375, 279.81878662109, 412.83361816406]}, "seconds": 13.208333333333334, "object": "black shirt", "type": "relation", "subject": "the man"}, {"caption": "the man wearing black shirt", "predicate": "wearing", "target": {"coordinates": [491.26721191406, -5.4734954833984, 231.78674316406, 407.14135742188]}, "name": 317, "source": {"coordinates": [-13.830261230469, -4.8363037109375, 279.81878662109, 412.83361816406]}, "seconds": 13.208333333333334, "object": "black shirt", "type": "relation", "subject": "the man"}, {"caption": "the man wearing black shirt", "predicate": "wearing", "target": {"coordinates": [1.0050048828125, 204.97180175781, 605.59216308594, 205.26519775391]}, "name": 317, "source": {"coordinates": [-13.830261230469, -4.8363037109375, 279.81878662109, 412.83361816406]}, "seconds": 13.208333333333334, "object": "black shirt", "type": "relation", "subject": "the man"}, {"caption": "the man wearing black shirt", "predicate": "wearing", "target": {"coordinates": [92.203704833984, 0.56922912597656, 647.4833984375, 191.39920043945]}, "name": 317, "source": {"coordinates": [-13.830261230469, -4.8363037109375, 279.81878662109, 412.83361816406]}, "seconds": 13.208333333333334, "object": "black shirt", "type": "relation", "subject": "the man"}, {"caption": "the man in a white shirt", "predicate": "in", "target": {"coordinates": [654.31005859375, 0.9380989074707, 45.760620117188, 44.219951629639]}, "name": 317, "source": {"coordinates": [-13.830261230469, -4.8363037109375, 279.81878662109, 412.83361816406]}, "seconds": 13.208333333333334, "object": "a white shirt", "type": "relation", "subject": "the man"}, {"caption": "the man in a white shirt", "predicate": "in", "target": {"coordinates": [295.90451049805, 5.7568359375, 200.46643066406, 379.42065429688]}, "name": 317, "source": {"coordinates": [1.0050048828125, 204.97180175781, 605.59216308594, 205.26519775391]}, "seconds": 13.208333333333334, "object": "a white shirt", "type": "relation", "subject": "the man"}, {"caption": "the man wearing black shirt", "predicate": "wearing", "target": {"coordinates": [491.26721191406, -5.4734954833984, 231.78674316406, 407.14135742188]}, "name": 317, "source": {"coordinates": [1.0050048828125, 204.97180175781, 605.59216308594, 205.26519775391]}, "seconds": 13.208333333333334, "object": "black shirt", "type": "relation", "subject": "the man"}, {"caption": "the man wearing black shirt", "predicate": "wearing", "target": {"coordinates": [-13.830261230469, -4.8363037109375, 279.81878662109, 412.83361816406]}, "name": 317, "source": {"coordinates": [1.0050048828125, 204.97180175781, 605.59216308594, 205.26519775391]}, "seconds": 13.208333333333334, "object": "black shirt", "type": "relation", "subject": "the man"}, {"caption": "the man wearing black shirt", "predicate": "wearing", "target": {"coordinates": [92.203704833984, 0.56922912597656, 647.4833984375, 191.39920043945]}, "name": 317, "source": {"coordinates": [1.0050048828125, 204.97180175781, 605.59216308594, 205.26519775391]}, "seconds": 13.208333333333334, "object": "black shirt", "type": "relation", "subject": "the man"}, {"caption": "the man in a room", "predicate": "in", "target": {"coordinates": [654.31005859375, 0.9380989074707, 45.760620117188, 44.219951629639]}, "name": 317, "source": {"coordinates": [1.0050048828125, 204.97180175781, 605.59216308594, 205.26519775391]}, "seconds": 13.208333333333334, "object": "a room", "type": "relation", "subject": "the man"}, {"caption": "the man in a room", "predicate": "in", "target": {"coordinates": [295.90451049805, 5.7568359375, 200.46643066406, 379.42065429688]}, "name": 317, "source": {"coordinates": [92.203704833984, 0.56922912597656, 647.4833984375, 191.39920043945]}, "seconds": 13.208333333333334, "object": "a room", "type": "relation", "subject": "the man"}, {"caption": "the man wearing black shirt", "predicate": "wearing", "target": {"coordinates": [491.26721191406, -5.4734954833984, 231.78674316406, 407.14135742188]}, "name": 317, "source": {"coordinates": [92.203704833984, 0.56922912597656, 647.4833984375, 191.39920043945]}, "seconds": 13.208333333333334, "object": "black shirt", "type": "relation", "subject": "the man"}, {"caption": "the man wearing black shirt", "predicate": "wearing", "target": {"coordinates": [-13.830261230469, -4.8363037109375, 279.81878662109, 412.83361816406]}, "name": 317, "source": {"coordinates": [92.203704833984, 0.56922912597656, 647.4833984375, 191.39920043945]}, "seconds": 13.208333333333334, "object": "black shirt", "type": "relation", "subject": "the man"}, {"caption": "the man wearing black shirt", "predicate": "wearing", "target": {"coordinates": [1.0050048828125, 204.97180175781, 605.59216308594, 205.26519775391]}, "name": 317, "source": {"coordinates": [92.203704833984, 0.56922912597656, 647.4833984375, 191.39920043945]}, "seconds": 13.208333333333334, "object": "black shirt", "type": "relation", "subject": "the man"}, {"caption": "the man wearing black shirt", "predicate": "wearing", "target": {"coordinates": [654.31005859375, 0.9380989074707, 45.760620117188, 44.219951629639]}, "name": 317, "source": {"coordinates": [92.203704833984, 0.56922912597656, 647.4833984375, 191.39920043945]}, "seconds": 13.208333333333334, "object": "black shirt", "type": "relation", "subject": "the man"}, {"caption": "the man wearing black shirt", "predicate": "wearing", "target": {"coordinates": [295.90451049805, 5.7568359375, 200.46643066406, 379.42065429688]}, "name": 317, "source": {"coordinates": [654.31005859375, 0.9380989074707, 45.760620117188, 44.219951629639]}, "seconds": 13.208333333333334, "object": "black shirt", "type": "relation", "subject": "the man"}, {"caption": "the man wearing black shirt", "predicate": "wearing", "target": {"coordinates": [491.26721191406, -5.4734954833984, 231.78674316406, 407.14135742188]}, "name": 317, "source": {"coordinates": [654.31005859375, 0.9380989074707, 45.760620117188, 44.219951629639]}, "seconds": 13.208333333333334, "object": "black shirt", "type": "relation", "subject": "the man"}, {"caption": "the man on wall", "predicate": "on", "target": {"coordinates": [-13.830261230469, -4.8363037109375, 279.81878662109, 412.83361816406]}, "name": 317, "source": {"coordinates": [654.31005859375, 0.9380989074707, 45.760620117188, 44.219951629639]}, "seconds": 13.208333333333334, "object": "wall", "type": "relation", "subject": "the man"}, {"caption": "the man on a white shirt", "predicate": "on", "target": {"coordinates": [1.0050048828125, 204.97180175781, 605.59216308594, 205.26519775391]}, "name": 317, "source": {"coordinates": [654.31005859375, 0.9380989074707, 45.760620117188, 44.219951629639]}, "seconds": 13.208333333333334, "object": "a white shirt", "type": "relation", "subject": "the man"}, {"caption": "the man in a white shirt", "predicate": "in", "target": {"coordinates": [92.203704833984, 0.56922912597656, 647.4833984375, 191.39920043945]}, "name": 317, "source": {"coordinates": [654.31005859375, 0.9380989074707, 45.760620117188, 44.219951629639]}, "seconds": 13.208333333333334, "object": "a white shirt", "type": "relation", "subject": "the man"}]