[{"caption": "the head of a man", "predicate": "of", "target": {"coordinates": [295.23803710938, 7.029296875, 419.05096435547, 394.24136352539]}, "name": 321, "source": {"coordinates": [680.21472167969, 343.34451293945, 39.079833984375, 54.441284179688]}, "seconds": 13.375, "object": "a man", "type": "relation", "subject": "the head"}, {"caption": "the head of a man", "predicate": "of", "target": {"coordinates": [153.42346191406, 172.88249206543, 258.59948730469, 232.35578918457]}, "name": 321, "source": {"coordinates": [680.21472167969, 343.34451293945, 39.079833984375, 54.441284179688]}, "seconds": 13.375, "object": "a man", "type": "relation", "subject": "the head"}, {"caption": "the head of a man", "predicate": "of", "target": {"coordinates": [-8.9635314941406, 3.9517288208008, 607.44567871094, 183.9934387207]}, "name": 321, "source": {"coordinates": [680.21472167969, 343.34451293945, 39.079833984375, 54.441284179688]}, "seconds": 13.375, "object": "a man", "type": "relation", "subject": "the head"}, {"caption": "the man wearing black shirt", "predicate": "wearing", "target": {"coordinates": [-4.1205749511719, -4.6570587158203, 240.18023681641, 418.73150634766]}, "name": 321, "source": {"coordinates": [680.21472167969, 343.34451293945, 39.079833984375, 54.441284179688]}, "seconds": 13.375, "object": "black shirt", "type": "relation", "subject": "the man"}, {"caption": "the man wearing black shirt", "predicate": "wearing", "target": {"coordinates": [680.21472167969, 343.34451293945, 39.079833984375, 54.441284179688]}, "name": 321, "source": {"coordinates": [295.23803710938, 7.029296875, 419.05096435547, 394.24136352539]}, "seconds": 13.375, "object": "black shirt", "type": "relation", "subject": "the man"}, {"caption": "the man wearing black shirt", "predicate": "wearing", "target": {"coordinates": [153.42346191406, 172.88249206543, 258.59948730469, 232.35578918457]}, "name": 321, "source": {"coordinates": [295.23803710938, 7.029296875, 419.05096435547, 394.24136352539]}, "seconds": 13.375, "object": "black shirt", "type": "relation", "subject": "the man"}, {"caption": "the man wearing black shirt", "predicate": "wearing", "target": {"coordinates": [-8.9635314941406, 3.9517288208008, 607.44567871094, 183.9934387207]}, "name": 321, "source": {"coordinates": [295.23803710938, 7.029296875, 419.05096435547, 394.24136352539]}, "seconds": 13.375, "object": "black shirt", "type": "relation", "subject": "the man"}, {"caption": "the man wearing black shirt", "predicate": "wearing", "target": {"coordinates": [-4.1205749511719, -4.6570587158203, 240.18023681641, 418.73150634766]}, "name": 321, "source": {"coordinates": [295.23803710938, 7.029296875, 419.05096435547, 394.24136352539]}, "seconds": 13.375, "object": "black shirt", "type": "relation", "subject": "the man"}, {"caption": "the man wearing black shirt", "predicate": "wearing", "target": {"coordinates": [680.21472167969, 343.34451293945, 39.079833984375, 54.441284179688]}, "name": 321, "source": {"coordinates": [153.42346191406, 172.88249206543, 258.59948730469, 232.35578918457]}, "seconds": 13.375, "object": "black shirt", "type": "relation", "subject": "the man"}, {"caption": "the man wearing black shirt", "predicate": "wearing", "target": {"coordinates": [295.23803710938, 7.029296875, 419.05096435547, 394.24136352539]}, "name": 321, "source": {"coordinates": [153.42346191406, 172.88249206543, 258.59948730469, 232.35578918457]}, "seconds": 13.375, "object": "black shirt", "type": "relation", "subject": "the man"}, {"caption": "the man wearing black shirt", "predicate": "wearing", "target": {"coordinates": [-8.9635314941406, 3.9517288208008, 607.44567871094, 183.9934387207]}, "name": 321, "source": {"coordinates": [153.42346191406, 172.88249206543, 258.59948730469, 232.35578918457]}, "seconds": 13.375, "object": "black shirt", "type": "relation", "subject": "the man"}, {"caption": "the man wearing black shirt", "predicate": "wearing", "target": {"coordinates": [-4.1205749511719, -4.6570587158203, 240.18023681641, 418.73150634766]}, "name": 321, "source": {"coordinates": [153.42346191406, 172.88249206543, 258.59948730469, 232.35578918457]}, "seconds": 13.375, "object": "black shirt", "type": "relation", "subject": "the man"}, {"caption": "the man wearing black shirt", "predicate": "wearing", "target": {"coordinates": [680.21472167969, 343.34451293945, 39.079833984375, 54.441284179688]}, "name": 321, "source": {"coordinates": [-8.9635314941406, 3.9517288208008, 607.44567871094, 183.9934387207]}, "seconds": 13.375, "object": "black shirt", "type": "relation", "subject": "the man"}, {"caption": "the man wearing black shirt", "predicate": "wearing", "target": {"coordinates": [295.23803710938, 7.029296875, 419.05096435547, 394.24136352539]}, "name": 321, "source": {"coordinates": [-8.9635314941406, 3.9517288208008, 607.44567871094, 183.9934387207]}, "seconds": 13.375, "object": "black shirt", "type": "relation", "subject": "the man"}, {"caption": "the man wearing black shirt", "predicate": "wearing", "target": {"coordinates": [153.42346191406, 172.88249206543, 258.59948730469, 232.35578918457]}, "name": 321, "source": {"coordinates": [-8.9635314941406, 3.9517288208008, 607.44567871094, 183.9934387207]}, "seconds": 13.375, "object": "black shirt", "type": "relation", "subject": "the man"}, {"caption": "the man wearing black shirt", "predicate": "wearing", "target": {"coordinates": [-4.1205749511719, -4.6570587158203, 240.18023681641, 418.73150634766]}, "name": 321, "source": {"coordinates": [-8.9635314941406, 3.9517288208008, 607.44567871094, 183.9934387207]}, "seconds": 13.375, "object": "black shirt", "type": "relation", "subject": "the man"}, {"caption": "the man wearing black shirt", "predicate": "wearing", "target": {"coordinates": [680.21472167969, 343.34451293945, 39.079833984375, 54.441284179688]}, "name": 321, "source": {"coordinates": [-4.1205749511719, -4.6570587158203, 240.18023681641, 418.73150634766]}, "seconds": 13.375, "object": "black shirt", "type": "relation", "subject": "the man"}, {"caption": "the man wearing black shirt", "predicate": "wearing", "target": {"coordinates": [295.23803710938, 7.029296875, 419.05096435547, 394.24136352539]}, "name": 321, "source": {"coordinates": [-4.1205749511719, -4.6570587158203, 240.18023681641, 418.73150634766]}, "seconds": 13.375, "object": "black shirt", "type": "relation", "subject": "the man"}, {"caption": "the man wearing black shirt", "predicate": "wearing", "target": {"coordinates": [153.42346191406, 172.88249206543, 258.59948730469, 232.35578918457]}, "name": 321, "source": {"coordinates": [-4.1205749511719, -4.6570587158203, 240.18023681641, 418.73150634766]}, "seconds": 13.375, "object": "black shirt", "type": "relation", "subject": "the man"}, {"caption": "the man wearing black shirt", "predicate": "wearing", "target": {"coordinates": [-8.9635314941406, 3.9517288208008, 607.44567871094, 183.9934387207]}, "name": 321, "source": {"coordinates": [-4.1205749511719, -4.6570587158203, 240.18023681641, 418.73150634766]}, "seconds": 13.375, "object": "black shirt", "type": "relation", "subject": "the man"}]