[{"caption": "the man has head", "predicate": "has", "target": {"coordinates": [288.10864257812, -6.6089477539062, 188.79534912109, 396.71203613281]}, "name": 345, "source": {"coordinates": [192.34020996094, 149.0623626709, 518.18591308594, 258.55297851562]}, "seconds": 14.375, "object": "head", "type": "relation", "subject": "the man"}, {"caption": "the man has head", "predicate": "has", "target": {"coordinates": [6.234504699707, 248.56207275391, 229.14828491211, 157.20147705078]}, "name": 345, "source": {"coordinates": [192.34020996094, 149.0623626709, 518.18591308594, 258.55297851562]}, "seconds": 14.375, "object": "head", "type": "relation", "subject": "the man"}, {"caption": "the man in background", "predicate": "in", "target": {"coordinates": [294.42990112305, 2.7947235107422, 151.20751953125, 137.41094970703]}, "name": 345, "source": {"coordinates": [192.34020996094, 149.0623626709, 518.18591308594, 258.55297851562]}, "seconds": 14.375, "object": "background", "type": "relation", "subject": "the man"}, {"caption": "the man wearing blue shirt", "predicate": "wearing", "target": {"coordinates": [15.191009521484, -0.44400787353516, 673.03088378906, 208.27841186523]}, "name": 345, "source": {"coordinates": [192.34020996094, 149.0623626709, 518.18591308594, 258.55297851562]}, "seconds": 14.375, "object": "blue shirt", "type": "relation", "subject": "the man"}, {"caption": "the man wearing blue shirt", "predicate": "wearing", "target": {"coordinates": [192.34020996094, 149.0623626709, 518.18591308594, 258.55297851562]}, "name": 345, "source": {"coordinates": [288.10864257812, -6.6089477539062, 188.79534912109, 396.71203613281]}, "seconds": 14.375, "object": "blue shirt", "type": "relation", "subject": "the man"}, {"caption": "the man wearing black shirt", "predicate": "wearing", "target": {"coordinates": [6.234504699707, 248.56207275391, 229.14828491211, 157.20147705078]}, "name": 345, "source": {"coordinates": [288.10864257812, -6.6089477539062, 188.79534912109, 396.71203613281]}, "seconds": 14.375, "object": "black shirt", "type": "relation", "subject": "the man"}, {"caption": "the man wearing black shirt", "predicate": "wearing", "target": {"coordinates": [294.42990112305, 2.7947235107422, 151.20751953125, 137.41094970703]}, "name": 345, "source": {"coordinates": [288.10864257812, -6.6089477539062, 188.79534912109, 396.71203613281]}, "seconds": 14.375, "object": "black shirt", "type": "relation", "subject": "the man"}, {"caption": "the man wearing blue shirt", "predicate": "wearing", "target": {"coordinates": [15.191009521484, -0.44400787353516, 673.03088378906, 208.27841186523]}, "name": 345, "source": {"coordinates": [288.10864257812, -6.6089477539062, 188.79534912109, 396.71203613281]}, "seconds": 14.375, "object": "blue shirt", "type": "relation", "subject": "the man"}, {"caption": "the man wearing blue shirt", "predicate": "wearing", "target": {"coordinates": [192.34020996094, 149.0623626709, 518.18591308594, 258.55297851562]}, "name": 345, "source": {"coordinates": [6.234504699707, 248.56207275391, 229.14828491211, 157.20147705078]}, "seconds": 14.375, "object": "blue shirt", "type": "relation", "subject": "the man"}, {"caption": "the man wearing blue shirt", "predicate": "wearing", "target": {"coordinates": [288.10864257812, -6.6089477539062, 188.79534912109, 396.71203613281]}, "name": 345, "source": {"coordinates": [6.234504699707, 248.56207275391, 229.14828491211, 157.20147705078]}, "seconds": 14.375, "object": "blue shirt", "type": "relation", "subject": "the man"}, {"caption": "the man wearing blue shirt", "predicate": "wearing", "target": {"coordinates": [294.42990112305, 2.7947235107422, 151.20751953125, 137.41094970703]}, "name": 345, "source": {"coordinates": [6.234504699707, 248.56207275391, 229.14828491211, 157.20147705078]}, "seconds": 14.375, "object": "blue shirt", "type": "relation", "subject": "the man"}, {"caption": "the head of man", "predicate": "of", "target": {"coordinates": [15.191009521484, -0.44400787353516, 673.03088378906, 208.27841186523]}, "name": 345, "source": {"coordinates": [6.234504699707, 248.56207275391, 229.14828491211, 157.20147705078]}, "seconds": 14.375, "object": "man", "type": "relation", "subject": "the head"}, {"caption": "the head of man", "predicate": "of", "target": {"coordinates": [192.34020996094, 149.0623626709, 518.18591308594, 258.55297851562]}, "name": 345, "source": {"coordinates": [294.42990112305, 2.7947235107422, 151.20751953125, 137.41094970703]}, "seconds": 14.375, "object": "man", "type": "relation", "subject": "the head"}, {"caption": "the head of man", "predicate": "of", "target": {"coordinates": [288.10864257812, -6.6089477539062, 188.79534912109, 396.71203613281]}, "name": 345, "source": {"coordinates": [294.42990112305, 2.7947235107422, 151.20751953125, 137.41094970703]}, "seconds": 14.375, "object": "man", "type": "relation", "subject": "the head"}, {"caption": "the head of man", "predicate": "of", "target": {"coordinates": [6.234504699707, 248.56207275391, 229.14828491211, 157.20147705078]}, "name": 345, "source": {"coordinates": [294.42990112305, 2.7947235107422, 151.20751953125, 137.41094970703]}, "seconds": 14.375, "object": "man", "type": "relation", "subject": "the head"}, {"caption": "the man wearing blue shirt", "predicate": "wearing", "target": {"coordinates": [15.191009521484, -0.44400787353516, 673.03088378906, 208.27841186523]}, "name": 345, "source": {"coordinates": [294.42990112305, 2.7947235107422, 151.20751953125, 137.41094970703]}, "seconds": 14.375, "object": "blue shirt", "type": "relation", "subject": "the man"}, {"caption": "the man wearing blue shirt", "predicate": "wearing", "target": {"coordinates": [192.34020996094, 149.0623626709, 518.18591308594, 258.55297851562]}, "name": 345, "source": {"coordinates": [15.191009521484, -0.44400787353516, 673.03088378906, 208.27841186523]}, "seconds": 14.375, "object": "blue shirt", "type": "relation", "subject": "the man"}, {"caption": "the man wearing white shirt", "predicate": "wearing", "target": {"coordinates": [288.10864257812, -6.6089477539062, 188.79534912109, 396.71203613281]}, "name": 345, "source": {"coordinates": [15.191009521484, -0.44400787353516, 673.03088378906, 208.27841186523]}, "seconds": 14.375, "object": "white shirt", "type": "relation", "subject": "the man"}, {"caption": "the man has head", "predicate": "has", "target": {"coordinates": [6.234504699707, 248.56207275391, 229.14828491211, 157.20147705078]}, "name": 345, "source": {"coordinates": [15.191009521484, -0.44400787353516, 673.03088378906, 208.27841186523]}, "seconds": 14.375, "object": "head", "type": "relation", "subject": "the man"}, {"caption": "the man wearing white shirt", "predicate": "wearing", "target": {"coordinates": [294.42990112305, 2.7947235107422, 151.20751953125, 137.41094970703]}, "name": 345, "source": {"coordinates": [15.191009521484, -0.44400787353516, 673.03088378906, 208.27841186523]}, "seconds": 14.375, "object": "white shirt", "type": "relation", "subject": "the man"}]