[{"caption": "the man wearing black shirt", "predicate": "wearing", "target": {"coordinates": [433.88403320312, 5.2277679443359, 292.26489257812, 410.27526855469]}, "name": 450, "source": {"coordinates": [171.60090637207, 9.6439208984375, 373.06317138672, 393.90609741211]}, "seconds": 18.75, "object": "black shirt", "type": "relation", "subject": "the man"}, {"caption": "the man has a black handle", "predicate": "has", "target": {"coordinates": [-14.759452819824, 2.9308013916016, 273.47952270508, 397.03552246094]}, "name": 450, "source": {"coordinates": [171.60090637207, 9.6439208984375, 373.06317138672, 393.90609741211]}, "seconds": 18.75, "object": "a black handle", "type": "relation", "subject": "the man"}, {"caption": "the man has black hair", "predicate": "has", "target": {"coordinates": [668.74261474609, 6.2262325286865, 48.296630859375, 40.857437133789]}, "name": 450, "source": {"coordinates": [171.60090637207, 9.6439208984375, 373.06317138672, 393.90609741211]}, "seconds": 18.75, "object": "black hair", "type": "relation", "subject": "the man"}, {"caption": "the man wearing black shirt", "predicate": "wearing", "target": {"coordinates": [587.97265625, 362.43365478516, 71.787719726562, 39.196899414062]}, "name": 450, "source": {"coordinates": [171.60090637207, 9.6439208984375, 373.06317138672, 393.90609741211]}, "seconds": 18.75, "object": "black shirt", "type": "relation", "subject": "the man"}, {"caption": "the man wearing black shirt", "predicate": "wearing", "target": {"coordinates": [171.60090637207, 9.6439208984375, 373.06317138672, 393.90609741211]}, "name": 450, "source": {"coordinates": [433.88403320312, 5.2277679443359, 292.26489257812, 410.27526855469]}, "seconds": 18.75, "object": "black shirt", "type": "relation", "subject": "the man"}, {"caption": "the man wearing black shirt", "predicate": "wearing", "target": {"coordinates": [-14.759452819824, 2.9308013916016, 273.47952270508, 397.03552246094]}, "name": 450, "source": {"coordinates": [433.88403320312, 5.2277679443359, 292.26489257812, 410.27526855469]}, "seconds": 18.75, "object": "black shirt", "type": "relation", "subject": "the man"}, {"caption": "the man has black hair", "predicate": "has", "target": {"coordinates": [668.74261474609, 6.2262325286865, 48.296630859375, 40.857437133789]}, "name": 450, "source": {"coordinates": [433.88403320312, 5.2277679443359, 292.26489257812, 410.27526855469]}, "seconds": 18.75, "object": "black hair", "type": "relation", "subject": "the man"}, {"caption": "the man wearing black shirt", "predicate": "wearing", "target": {"coordinates": [587.97265625, 362.43365478516, 71.787719726562, 39.196899414062]}, "name": 450, "source": {"coordinates": [433.88403320312, 5.2277679443359, 292.26489257812, 410.27526855469]}, "seconds": 18.75, "object": "black shirt", "type": "relation", "subject": "the man"}, {"caption": "the man wearing black shirt", "predicate": "wearing", "target": {"coordinates": [171.60090637207, 9.6439208984375, 373.06317138672, 393.90609741211]}, "name": 450, "source": {"coordinates": [-14.759452819824, 2.9308013916016, 273.47952270508, 397.03552246094]}, "seconds": 18.75, "object": "black shirt", "type": "relation", "subject": "the man"}, {"caption": "the man wearing black shirt", "predicate": "wearing", "target": {"coordinates": [433.88403320312, 5.2277679443359, 292.26489257812, 410.27526855469]}, "name": 450, "source": {"coordinates": [-14.759452819824, 2.9308013916016, 273.47952270508, 397.03552246094]}, "seconds": 18.75, "object": "black shirt", "type": "relation", "subject": "the man"}, {"caption": "the man has black hair", "predicate": "has", "target": {"coordinates": [668.74261474609, 6.2262325286865, 48.296630859375, 40.857437133789]}, "name": 450, "source": {"coordinates": [-14.759452819824, 2.9308013916016, 273.47952270508, 397.03552246094]}, "seconds": 18.75, "object": "black hair", "type": "relation", "subject": "the man"}, {"caption": "the window on building", "predicate": "on", "target": {"coordinates": [587.97265625, 362.43365478516, 71.787719726562, 39.196899414062]}, "name": 450, "source": {"coordinates": [-14.759452819824, 2.9308013916016, 273.47952270508, 397.03552246094]}, "seconds": 18.75, "object": "building", "type": "relation", "subject": "the window"}, {"caption": "the window on building", "predicate": "on", "target": {"coordinates": [171.60090637207, 9.6439208984375, 373.06317138672, 393.90609741211]}, "name": 450, "source": {"coordinates": [668.74261474609, 6.2262325286865, 48.296630859375, 40.857437133789]}, "seconds": 18.75, "object": "building", "type": "relation", "subject": "the window"}, {"caption": "the window on building", "predicate": "on", "target": {"coordinates": [433.88403320312, 5.2277679443359, 292.26489257812, 410.27526855469]}, "name": 450, "source": {"coordinates": [668.74261474609, 6.2262325286865, 48.296630859375, 40.857437133789]}, "seconds": 18.75, "object": "building", "type": "relation", "subject": "the window"}, {"caption": "the window on wall", "predicate": "on", "target": {"coordinates": [-14.759452819824, 2.9308013916016, 273.47952270508, 397.03552246094]}, "name": 450, "source": {"coordinates": [668.74261474609, 6.2262325286865, 48.296630859375, 40.857437133789]}, "seconds": 18.75, "object": "wall", "type": "relation", "subject": "the window"}, {"caption": "the hand on a man", "predicate": "on", "target": {"coordinates": [587.97265625, 362.43365478516, 71.787719726562, 39.196899414062]}, "name": 450, "source": {"coordinates": [668.74261474609, 6.2262325286865, 48.296630859375, 40.857437133789]}, "seconds": 18.75, "object": "a man", "type": "relation", "subject": "the hand"}, {"caption": "the hand on a man", "predicate": "on", "target": {"coordinates": [171.60090637207, 9.6439208984375, 373.06317138672, 393.90609741211]}, "name": 450, "source": {"coordinates": [587.97265625, 362.43365478516, 71.787719726562, 39.196899414062]}, "seconds": 18.75, "object": "a man", "type": "relation", "subject": "the hand"}, {"caption": "the wheel on a man", "predicate": "on", "target": {"coordinates": [433.88403320312, 5.2277679443359, 292.26489257812, 410.27526855469]}, "name": 450, "source": {"coordinates": [587.97265625, 362.43365478516, 71.787719726562, 39.196899414062]}, "seconds": 18.75, "object": "a man", "type": "relation", "subject": "the wheel"}, {"caption": "the wheel on white shirt", "predicate": "on", "target": {"coordinates": [-14.759452819824, 2.9308013916016, 273.47952270508, 397.03552246094]}, "name": 450, "source": {"coordinates": [587.97265625, 362.43365478516, 71.787719726562, 39.196899414062]}, "seconds": 18.75, "object": "white shirt", "type": "relation", "subject": "the wheel"}, {"caption": "the hand on black shirt", "predicate": "on", "target": {"coordinates": [668.74261474609, 6.2262325286865, 48.296630859375, 40.857437133789]}, "name": 450, "source": {"coordinates": [587.97265625, 362.43365478516, 71.787719726562, 39.196899414062]}, "seconds": 18.75, "object": "black shirt", "type": "relation", "subject": "the hand"}]