[{"caption": "the man wearing white shirt", "predicate": "wearing", "target": {"coordinates": [-5.9588165283203, -5.1032867431641, 205.49212646484, 413.50836181641]}, "name": 519, "source": {"coordinates": [-0.06842041015625, 111.59921264648, 650.77722167969, 298.00793457031]}, "seconds": 21.625, "object": "white shirt", "type": "relation", "subject": "the man"}, {"caption": "the man wearing black shirt", "predicate": "wearing", "target": {"coordinates": [426.32858276367, -2.075439453125, 303.5373840332, 412.04815673828]}, "name": 519, "source": {"coordinates": [-0.06842041015625, 111.59921264648, 650.77722167969, 298.00793457031]}, "seconds": 21.625, "object": "black shirt", "type": "relation", "subject": "the man"}, {"caption": "the man wearing black shirt", "predicate": "wearing", "target": {"coordinates": [-11.421875, 1.5333938598633, 629.44488525391, 187.85614013672]}, "name": 519, "source": {"coordinates": [-0.06842041015625, 111.59921264648, 650.77722167969, 298.00793457031]}, "seconds": 21.625, "object": "black shirt", "type": "relation", "subject": "the man"}, {"caption": "the man wearing black shirt", "predicate": "wearing", "target": {"coordinates": [252.23780822754, 39.768981933594, 270.70208740234, 293.80654907227]}, "name": 519, "source": {"coordinates": [-0.06842041015625, 111.59921264648, 650.77722167969, 298.00793457031]}, "seconds": 21.625, "object": "black shirt", "type": "relation", "subject": "the man"}, {"caption": "the man wearing white shirt", "predicate": "wearing", "target": {"coordinates": [-1.3538627624512, 10.610366821289, 121.80200195312, 145.34965515137]}, "name": 519, "source": {"coordinates": [-0.06842041015625, 111.59921264648, 650.77722167969, 298.00793457031]}, "seconds": 21.625, "object": "white shirt", "type": "relation", "subject": "the man"}, {"caption": "the man has a white plate", "predicate": "has", "target": {"coordinates": [672.04376220703, 293.96166992188, 48.026245117188, 55.161865234375]}, "name": 519, "source": {"coordinates": [-0.06842041015625, 111.59921264648, 650.77722167969, 298.00793457031]}, "seconds": 21.625, "object": "a white plate", "type": "relation", "subject": "the man"}, {"caption": "the man wearing black shirt", "predicate": "wearing", "target": {"coordinates": [681.88305664062, 250.40274047852, 32.761352539062, 62.042236328125]}, "name": 519, "source": {"coordinates": [-0.06842041015625, 111.59921264648, 650.77722167969, 298.00793457031]}, "seconds": 21.625, "object": "black shirt", "type": "relation", "subject": "the man"}, {"caption": "the man wearing black shirt", "predicate": "wearing", "target": {"coordinates": [-0.06842041015625, 111.59921264648, 650.77722167969, 298.00793457031]}, "name": 519, "source": {"coordinates": [-5.9588165283203, -5.1032867431641, 205.49212646484, 413.50836181641]}, "seconds": 21.625, "object": "black shirt", "type": "relation", "subject": "the man"}, {"caption": "the man wearing black shirt", "predicate": "wearing", "target": {"coordinates": [426.32858276367, -2.075439453125, 303.5373840332, 412.04815673828]}, "name": 519, "source": {"coordinates": [-5.9588165283203, -5.1032867431641, 205.49212646484, 413.50836181641]}, "seconds": 21.625, "object": "black shirt", "type": "relation", "subject": "the man"}, {"caption": "the man wearing black shirt", "predicate": "wearing", "target": {"coordinates": [-11.421875, 1.5333938598633, 629.44488525391, 187.85614013672]}, "name": 519, "source": {"coordinates": [-5.9588165283203, -5.1032867431641, 205.49212646484, 413.50836181641]}, "seconds": 21.625, "object": "black shirt", "type": "relation", "subject": "the man"}, {"caption": "the man wearing black shirt", "predicate": "wearing", "target": {"coordinates": [252.23780822754, 39.768981933594, 270.70208740234, 293.80654907227]}, "name": 519, "source": {"coordinates": [-5.9588165283203, -5.1032867431641, 205.49212646484, 413.50836181641]}, "seconds": 21.625, "object": "black shirt", "type": "relation", "subject": "the man"}, {"caption": "the man wearing white shirt", "predicate": "wearing", "target": {"coordinates": [-1.3538627624512, 10.610366821289, 121.80200195312, 145.34965515137]}, "name": 519, "source": {"coordinates": [-5.9588165283203, -5.1032867431641, 205.49212646484, 413.50836181641]}, "seconds": 21.625, "object": "white shirt", "type": "relation", "subject": "the man"}, {"caption": "the man wearing white shirt", "predicate": "wearing", "target": {"coordinates": [672.04376220703, 293.96166992188, 48.026245117188, 55.161865234375]}, "name": 519, "source": {"coordinates": [-5.9588165283203, -5.1032867431641, 205.49212646484, 413.50836181641]}, "seconds": 21.625, "object": "white shirt", "type": "relation", "subject": "the man"}, {"caption": "the man wearing black shirt", "predicate": "wearing", "target": {"coordinates": [681.88305664062, 250.40274047852, 32.761352539062, 62.042236328125]}, "name": 519, "source": {"coordinates": [-5.9588165283203, -5.1032867431641, 205.49212646484, 413.50836181641]}, "seconds": 21.625, "object": "black shirt", "type": "relation", "subject": "the man"}, {"caption": "the man wearing black shirt", "predicate": "wearing", "target": {"coordinates": [-0.06842041015625, 111.59921264648, 650.77722167969, 298.00793457031]}, "name": 519, "source": {"coordinates": [426.32858276367, -2.075439453125, 303.5373840332, 412.04815673828]}, "seconds": 21.625, "object": "black shirt", "type": "relation", "subject": "the man"}, {"caption": "the man wearing black shirt", "predicate": "wearing", "target": {"coordinates": [-5.9588165283203, -5.1032867431641, 205.49212646484, 413.50836181641]}, "name": 519, "source": {"coordinates": [426.32858276367, -2.075439453125, 303.5373840332, 412.04815673828]}, "seconds": 21.625, "object": "black shirt", "type": "relation", "subject": "the man"}, {"caption": "the man wearing black shirt", "predicate": "wearing", "target": {"coordinates": [-11.421875, 1.5333938598633, 629.44488525391, 187.85614013672]}, "name": 519, "source": {"coordinates": [426.32858276367, -2.075439453125, 303.5373840332, 412.04815673828]}, "seconds": 21.625, "object": "black shirt", "type": "relation", "subject": "the man"}, {"caption": "the man wearing black shirt", "predicate": "wearing", "target": {"coordinates": [252.23780822754, 39.768981933594, 270.70208740234, 293.80654907227]}, "name": 519, "source": {"coordinates": [426.32858276367, -2.075439453125, 303.5373840332, 412.04815673828]}, "seconds": 21.625, "object": "black shirt", "type": "relation", "subject": "the man"}, {"caption": "the man wearing white shirt", "predicate": "wearing", "target": {"coordinates": [-1.3538627624512, 10.610366821289, 121.80200195312, 145.34965515137]}, "name": 519, "source": {"coordinates": [426.32858276367, -2.075439453125, 303.5373840332, 412.04815673828]}, "seconds": 21.625, "object": "white shirt", "type": "relation", "subject": "the man"}, {"caption": "the man wearing white shirt", "predicate": "wearing", "target": {"coordinates": [672.04376220703, 293.96166992188, 48.026245117188, 55.161865234375]}, "name": 519, "source": {"coordinates": [426.32858276367, -2.075439453125, 303.5373840332, 412.04815673828]}, "seconds": 21.625, "object": "white shirt", "type": "relation", "subject": "the man"}, {"caption": "the man wearing black shirt", "predicate": "wearing", "target": {"coordinates": [681.88305664062, 250.40274047852, 32.761352539062, 62.042236328125]}, "name": 519, "source": {"coordinates": [426.32858276367, -2.075439453125, 303.5373840332, 412.04815673828]}, "seconds": 21.625, "object": "black shirt", "type": "relation", "subject": "the man"}, {"caption": "the man wearing black shirt", "predicate": "wearing", "target": {"coordinates": [-0.06842041015625, 111.59921264648, 650.77722167969, 298.00793457031]}, "name": 519, "source": {"coordinates": [-11.421875, 1.5333938598633, 629.44488525391, 187.85614013672]}, "seconds": 21.625, "object": "black shirt", "type": "relation", "subject": "the man"}, {"caption": "the man wearing black shirt", "predicate": "wearing", "target": {"coordinates": [-5.9588165283203, -5.1032867431641, 205.49212646484, 413.50836181641]}, "name": 519, "source": {"coordinates": [-11.421875, 1.5333938598633, 629.44488525391, 187.85614013672]}, "seconds": 21.625, "object": "black shirt", "type": "relation", "subject": "the man"}, {"caption": "the man wearing white shirt", "predicate": "wearing", "target": {"coordinates": [426.32858276367, -2.075439453125, 303.5373840332, 412.04815673828]}, "name": 519, "source": {"coordinates": [-11.421875, 1.5333938598633, 629.44488525391, 187.85614013672]}, "seconds": 21.625, "object": "white shirt", "type": "relation", "subject": "the man"}, {"caption": "the man wearing black shirt", "predicate": "wearing", "target": {"coordinates": [252.23780822754, 39.768981933594, 270.70208740234, 293.80654907227]}, "name": 519, "source": {"coordinates": [-11.421875, 1.5333938598633, 629.44488525391, 187.85614013672]}, "seconds": 21.625, "object": "black shirt", "type": "relation", "subject": "the man"}, {"caption": "the man wearing white shirt", "predicate": "wearing", "target": {"coordinates": [-1.3538627624512, 10.610366821289, 121.80200195312, 145.34965515137]}, "name": 519, "source": {"coordinates": [-11.421875, 1.5333938598633, 629.44488525391, 187.85614013672]}, "seconds": 21.625, "object": "white shirt", "type": "relation", "subject": "the man"}, {"caption": "the man wearing white shirt", "predicate": "wearing", "target": {"coordinates": [672.04376220703, 293.96166992188, 48.026245117188, 55.161865234375]}, "name": 519, "source": {"coordinates": [-11.421875, 1.5333938598633, 629.44488525391, 187.85614013672]}, "seconds": 21.625, "object": "white shirt", "type": "relation", "subject": "the man"}, {"caption": "the man wearing black shirt", "predicate": "wearing", "target": {"coordinates": [681.88305664062, 250.40274047852, 32.761352539062, 62.042236328125]}, "name": 519, "source": {"coordinates": [-11.421875, 1.5333938598633, 629.44488525391, 187.85614013672]}, "seconds": 21.625, "object": "black shirt", "type": "relation", "subject": "the man"}, {"caption": "the man wearing black shirt", "predicate": "wearing", "target": {"coordinates": [-0.06842041015625, 111.59921264648, 650.77722167969, 298.00793457031]}, "name": 519, "source": {"coordinates": [252.23780822754, 39.768981933594, 270.70208740234, 293.80654907227]}, "seconds": 21.625, "object": "black shirt", "type": "relation", "subject": "the man"}, {"caption": "the man wearing black shirt", "predicate": "wearing", "target": {"coordinates": [-5.9588165283203, -5.1032867431641, 205.49212646484, 413.50836181641]}, "name": 519, "source": {"coordinates": [252.23780822754, 39.768981933594, 270.70208740234, 293.80654907227]}, "seconds": 21.625, "object": "black shirt", "type": "relation", "subject": "the man"}, {"caption": "the man wearing black shirt", "predicate": "wearing", "target": {"coordinates": [426.32858276367, -2.075439453125, 303.5373840332, 412.04815673828]}, "name": 519, "source": {"coordinates": [252.23780822754, 39.768981933594, 270.70208740234, 293.80654907227]}, "seconds": 21.625, "object": "black shirt", "type": "relation", "subject": "the man"}, {"caption": "the man wearing black shirt", "predicate": "wearing", "target": {"coordinates": [-11.421875, 1.5333938598633, 629.44488525391, 187.85614013672]}, "name": 519, "source": {"coordinates": [252.23780822754, 39.768981933594, 270.70208740234, 293.80654907227]}, "seconds": 21.625, "object": "black shirt", "type": "relation", "subject": "the man"}, {"caption": "the man wearing black shirt", "predicate": "wearing", "target": {"coordinates": [-1.3538627624512, 10.610366821289, 121.80200195312, 145.34965515137]}, "name": 519, "source": {"coordinates": [252.23780822754, 39.768981933594, 270.70208740234, 293.80654907227]}, "seconds": 21.625, "object": "black shirt", "type": "relation", "subject": "the man"}, {"caption": "the man wearing white shirt", "predicate": "wearing", "target": {"coordinates": [672.04376220703, 293.96166992188, 48.026245117188, 55.161865234375]}, "name": 519, "source": {"coordinates": [252.23780822754, 39.768981933594, 270.70208740234, 293.80654907227]}, "seconds": 21.625, "object": "white shirt", "type": "relation", "subject": "the man"}, {"caption": "the man wearing black shirt", "predicate": "wearing", "target": {"coordinates": [681.88305664062, 250.40274047852, 32.761352539062, 62.042236328125]}, "name": 519, "source": {"coordinates": [252.23780822754, 39.768981933594, 270.70208740234, 293.80654907227]}, "seconds": 21.625, "object": "black shirt", "type": "relation", "subject": "the man"}, {"caption": "the man wearing black shirt", "predicate": "wearing", "target": {"coordinates": [-0.06842041015625, 111.59921264648, 650.77722167969, 298.00793457031]}, "name": 519, "source": {"coordinates": [-1.3538627624512, 10.610366821289, 121.80200195312, 145.34965515137]}, "seconds": 21.625, "object": "black shirt", "type": "relation", "subject": "the man"}, {"caption": "the man on white shirt", "predicate": "on", "target": {"coordinates": [-5.9588165283203, -5.1032867431641, 205.49212646484, 413.50836181641]}, "name": 519, "source": {"coordinates": [-1.3538627624512, 10.610366821289, 121.80200195312, 145.34965515137]}, "seconds": 21.625, "object": "white shirt", "type": "relation", "subject": "the man"}, {"caption": "the man in a white shirt", "predicate": "in", "target": {"coordinates": [426.32858276367, -2.075439453125, 303.5373840332, 412.04815673828]}, "name": 519, "source": {"coordinates": [-1.3538627624512, 10.610366821289, 121.80200195312, 145.34965515137]}, "seconds": 21.625, "object": "a white shirt", "type": "relation", "subject": "the man"}, {"caption": "the man wearing black shirt", "predicate": "wearing", "target": {"coordinates": [-11.421875, 1.5333938598633, 629.44488525391, 187.85614013672]}, "name": 519, "source": {"coordinates": [-1.3538627624512, 10.610366821289, 121.80200195312, 145.34965515137]}, "seconds": 21.625, "object": "black shirt", "type": "relation", "subject": "the man"}, {"caption": "the man wearing black shirt", "predicate": "wearing", "target": {"coordinates": [252.23780822754, 39.768981933594, 270.70208740234, 293.80654907227]}, "name": 519, "source": {"coordinates": [-1.3538627624512, 10.610366821289, 121.80200195312, 145.34965515137]}, "seconds": 21.625, "object": "black shirt", "type": "relation", "subject": "the man"}, {"caption": "the man wearing black shirt", "predicate": "wearing", "target": {"coordinates": [672.04376220703, 293.96166992188, 48.026245117188, 55.161865234375]}, "name": 519, "source": {"coordinates": [-1.3538627624512, 10.610366821289, 121.80200195312, 145.34965515137]}, "seconds": 21.625, "object": "black shirt", "type": "relation", "subject": "the man"}, {"caption": "the light on table", "predicate": "on", "target": {"coordinates": [681.88305664062, 250.40274047852, 32.761352539062, 62.042236328125]}, "name": 519, "source": {"coordinates": [-1.3538627624512, 10.610366821289, 121.80200195312, 145.34965515137]}, "seconds": 21.625, "object": "table", "type": "relation", "subject": "the light"}, {"caption": "the light on table", "predicate": "on", "target": {"coordinates": [-0.06842041015625, 111.59921264648, 650.77722167969, 298.00793457031]}, "name": 519, "source": {"coordinates": [672.04376220703, 293.96166992188, 48.026245117188, 55.161865234375]}, "seconds": 21.625, "object": "table", "type": "relation", "subject": "the light"}, {"caption": "the light on table", "predicate": "on", "target": {"coordinates": [-5.9588165283203, -5.1032867431641, 205.49212646484, 413.50836181641]}, "name": 519, "source": {"coordinates": [672.04376220703, 293.96166992188, 48.026245117188, 55.161865234375]}, "seconds": 21.625, "object": "table", "type": "relation", "subject": "the light"}, {"caption": "the light on wall", "predicate": "on", "target": {"coordinates": [426.32858276367, -2.075439453125, 303.5373840332, 412.04815673828]}, "name": 519, "source": {"coordinates": [672.04376220703, 293.96166992188, 48.026245117188, 55.161865234375]}, "seconds": 21.625, "object": "wall", "type": "relation", "subject": "the light"}, {"caption": "the light on wall", "predicate": "on", "target": {"coordinates": [-11.421875, 1.5333938598633, 629.44488525391, 187.85614013672]}, "name": 519, "source": {"coordinates": [672.04376220703, 293.96166992188, 48.026245117188, 55.161865234375]}, "seconds": 21.625, "object": "wall", "type": "relation", "subject": "the light"}, {"caption": "the glass on table", "predicate": "on", "target": {"coordinates": [252.23780822754, 39.768981933594, 270.70208740234, 293.80654907227]}, "name": 519, "source": {"coordinates": [672.04376220703, 293.96166992188, 48.026245117188, 55.161865234375]}, "seconds": 21.625, "object": "table", "type": "relation", "subject": "the glass"}, {"caption": "the hand on table", "predicate": "on", "target": {"coordinates": [-1.3538627624512, 10.610366821289, 121.80200195312, 145.34965515137]}, "name": 519, "source": {"coordinates": [672.04376220703, 293.96166992188, 48.026245117188, 55.161865234375]}, "seconds": 21.625, "object": "table", "type": "relation", "subject": "the hand"}, {"caption": "the man in a white shirt", "predicate": "in", "target": {"coordinates": [681.88305664062, 250.40274047852, 32.761352539062, 62.042236328125]}, "name": 519, "source": {"coordinates": [672.04376220703, 293.96166992188, 48.026245117188, 55.161865234375]}, "seconds": 21.625, "object": "a white shirt", "type": "relation", "subject": "the man"}, {"caption": "the man in a white shirt", "predicate": "in", "target": {"coordinates": [-0.06842041015625, 111.59921264648, 650.77722167969, 298.00793457031]}, "name": 519, "source": {"coordinates": [681.88305664062, 250.40274047852, 32.761352539062, 62.042236328125]}, "seconds": 21.625, "object": "a white shirt", "type": "relation", "subject": "the man"}, {"caption": "the man on table", "predicate": "on", "target": {"coordinates": [-5.9588165283203, -5.1032867431641, 205.49212646484, 413.50836181641]}, "name": 519, "source": {"coordinates": [681.88305664062, 250.40274047852, 32.761352539062, 62.042236328125]}, "seconds": 21.625, "object": "table", "type": "relation", "subject": "the man"}, {"caption": "the man in a white shirt", "predicate": "in", "target": {"coordinates": [426.32858276367, -2.075439453125, 303.5373840332, 412.04815673828]}, "name": 519, "source": {"coordinates": [681.88305664062, 250.40274047852, 32.761352539062, 62.042236328125]}, "seconds": 21.625, "object": "a white shirt", "type": "relation", "subject": "the man"}, {"caption": "the man in a white shirt", "predicate": "in", "target": {"coordinates": [-11.421875, 1.5333938598633, 629.44488525391, 187.85614013672]}, "name": 519, "source": {"coordinates": [681.88305664062, 250.40274047852, 32.761352539062, 62.042236328125]}, "seconds": 21.625, "object": "a white shirt", "type": "relation", "subject": "the man"}, {"caption": "the man wearing black shirt", "predicate": "wearing", "target": {"coordinates": [252.23780822754, 39.768981933594, 270.70208740234, 293.80654907227]}, "name": 519, "source": {"coordinates": [681.88305664062, 250.40274047852, 32.761352539062, 62.042236328125]}, "seconds": 21.625, "object": "black shirt", "type": "relation", "subject": "the man"}, {"caption": "the man wearing black shirt", "predicate": "wearing", "target": {"coordinates": [-1.3538627624512, 10.610366821289, 121.80200195312, 145.34965515137]}, "name": 519, "source": {"coordinates": [681.88305664062, 250.40274047852, 32.761352539062, 62.042236328125]}, "seconds": 21.625, "object": "black shirt", "type": "relation", "subject": "the man"}, {"caption": "the man in white table", "predicate": "in", "target": {"coordinates": [672.04376220703, 293.96166992188, 48.026245117188, 55.161865234375]}, "name": 519, "source": {"coordinates": [681.88305664062, 250.40274047852, 32.761352539062, 62.042236328125]}, "seconds": 21.625, "object": "white table", "type": "relation", "subject": "the man"}]