[{"caption": "the man wearing black shirt", "predicate": "wearing", "target": {"coordinates": [105.81881713867, 154.94815063477, 200.84786987305, 248.93865966797]}, "name": 532, "source": {"coordinates": [-1.7093200683594, 6.2003479003906, 718.99035644531, 392.65856933594]}, "seconds": 22.166666666666668, "object": "black shirt", "type": "relation", "subject": "the man"}, {"caption": "the man wearing black shirt", "predicate": "wearing", "target": {"coordinates": [327.6471862793, 116.47265625, 192.3811340332, 279.31707763672]}, "name": 532, "source": {"coordinates": [-1.7093200683594, 6.2003479003906, 718.99035644531, 392.65856933594]}, "seconds": 22.166666666666668, "object": "black shirt", "type": "relation", "subject": "the man"}, {"caption": "the man wearing white shirt", "predicate": "wearing", "target": {"coordinates": [212.77864074707, 24.27604675293, 223.97581481934, 262.38641357422]}, "name": 532, "source": {"coordinates": [-1.7093200683594, 6.2003479003906, 718.99035644531, 392.65856933594]}, "seconds": 22.166666666666668, "object": "white shirt", "type": "relation", "subject": "the man"}, {"caption": "the man wearing black shirt", "predicate": "wearing", "target": {"coordinates": [508.74438476562, 5.2044219970703, 215.47583007812, 392.55834960938]}, "name": 532, "source": {"coordinates": [-1.7093200683594, 6.2003479003906, 718.99035644531, 392.65856933594]}, "seconds": 22.166666666666668, "object": "black shirt", "type": "relation", "subject": "the man"}, {"caption": "the man has a white shirt", "predicate": "has", "target": {"coordinates": [0.040382385253906, 2.6664733886719, 211.96612548828, 372.962890625]}, "name": 532, "source": {"coordinates": [-1.7093200683594, 6.2003479003906, 718.99035644531, 392.65856933594]}, "seconds": 22.166666666666668, "object": "a white shirt", "type": "relation", "subject": "the man"}, {"caption": "the man wearing black shirt", "predicate": "wearing", "target": {"coordinates": [5.2169609069824, 8.5247421264648, 26.03889465332, 54.730850219727]}, "name": 532, "source": {"coordinates": [-1.7093200683594, 6.2003479003906, 718.99035644531, 392.65856933594]}, "seconds": 22.166666666666668, "object": "black shirt", "type": "relation", "subject": "the man"}, {"caption": "the man wearing black shirt", "predicate": "wearing", "target": {"coordinates": [-1.7093200683594, 6.2003479003906, 718.99035644531, 392.65856933594]}, "name": 532, "source": {"coordinates": [105.81881713867, 154.94815063477, 200.84786987305, 248.93865966797]}, "seconds": 22.166666666666668, "object": "black shirt", "type": "relation", "subject": "the man"}, {"caption": "the man wearing black shirt", "predicate": "wearing", "target": {"coordinates": [327.6471862793, 116.47265625, 192.3811340332, 279.31707763672]}, "name": 532, "source": {"coordinates": [105.81881713867, 154.94815063477, 200.84786987305, 248.93865966797]}, "seconds": 22.166666666666668, "object": "black shirt", "type": "relation", "subject": "the man"}, {"caption": "the man wearing black shirt", "predicate": "wearing", "target": {"coordinates": [212.77864074707, 24.27604675293, 223.97581481934, 262.38641357422]}, "name": 532, "source": {"coordinates": [105.81881713867, 154.94815063477, 200.84786987305, 248.93865966797]}, "seconds": 22.166666666666668, "object": "black shirt", "type": "relation", "subject": "the man"}, {"caption": "the man wearing black shirt", "predicate": "wearing", "target": {"coordinates": [508.74438476562, 5.2044219970703, 215.47583007812, 392.55834960938]}, "name": 532, "source": {"coordinates": [105.81881713867, 154.94815063477, 200.84786987305, 248.93865966797]}, "seconds": 22.166666666666668, "object": "black shirt", "type": "relation", "subject": "the man"}, {"caption": "the man has a white shirt", "predicate": "has", "target": {"coordinates": [0.040382385253906, 2.6664733886719, 211.96612548828, 372.962890625]}, "name": 532, "source": {"coordinates": [105.81881713867, 154.94815063477, 200.84786987305, 248.93865966797]}, "seconds": 22.166666666666668, "object": "a white shirt", "type": "relation", "subject": "the man"}, {"caption": "the man wearing black shirt", "predicate": "wearing", "target": {"coordinates": [5.2169609069824, 8.5247421264648, 26.03889465332, 54.730850219727]}, "name": 532, "source": {"coordinates": [105.81881713867, 154.94815063477, 200.84786987305, 248.93865966797]}, "seconds": 22.166666666666668, "object": "black shirt", "type": "relation", "subject": "the man"}, {"caption": "the man wearing black shirt", "predicate": "wearing", "target": {"coordinates": [-1.7093200683594, 6.2003479003906, 718.99035644531, 392.65856933594]}, "name": 532, "source": {"coordinates": [327.6471862793, 116.47265625, 192.3811340332, 279.31707763672]}, "seconds": 22.166666666666668, "object": "black shirt", "type": "relation", "subject": "the man"}, {"caption": "the man wearing black shirt", "predicate": "wearing", "target": {"coordinates": [105.81881713867, 154.94815063477, 200.84786987305, 248.93865966797]}, "name": 532, "source": {"coordinates": [327.6471862793, 116.47265625, 192.3811340332, 279.31707763672]}, "seconds": 22.166666666666668, "object": "black shirt", "type": "relation", "subject": "the man"}, {"caption": "the man wearing black shirt", "predicate": "wearing", "target": {"coordinates": [212.77864074707, 24.27604675293, 223.97581481934, 262.38641357422]}, "name": 532, "source": {"coordinates": [327.6471862793, 116.47265625, 192.3811340332, 279.31707763672]}, "seconds": 22.166666666666668, "object": "black shirt", "type": "relation", "subject": "the man"}, {"caption": "the man wearing black shirt", "predicate": "wearing", "target": {"coordinates": [508.74438476562, 5.2044219970703, 215.47583007812, 392.55834960938]}, "name": 532, "source": {"coordinates": [327.6471862793, 116.47265625, 192.3811340332, 279.31707763672]}, "seconds": 22.166666666666668, "object": "black shirt", "type": "relation", "subject": "the man"}, {"caption": "the man wearing black shirt", "predicate": "wearing", "target": {"coordinates": [0.040382385253906, 2.6664733886719, 211.96612548828, 372.962890625]}, "name": 532, "source": {"coordinates": [327.6471862793, 116.47265625, 192.3811340332, 279.31707763672]}, "seconds": 22.166666666666668, "object": "black shirt", "type": "relation", "subject": "the man"}, {"caption": "the man wearing black shirt", "predicate": "wearing", "target": {"coordinates": [5.2169609069824, 8.5247421264648, 26.03889465332, 54.730850219727]}, "name": 532, "source": {"coordinates": [327.6471862793, 116.47265625, 192.3811340332, 279.31707763672]}, "seconds": 22.166666666666668, "object": "black shirt", "type": "relation", "subject": "the man"}, {"caption": "the man wearing black shirt", "predicate": "wearing", "target": {"coordinates": [-1.7093200683594, 6.2003479003906, 718.99035644531, 392.65856933594]}, "name": 532, "source": {"coordinates": [212.77864074707, 24.27604675293, 223.97581481934, 262.38641357422]}, "seconds": 22.166666666666668, "object": "black shirt", "type": "relation", "subject": "the man"}, {"caption": "the man wearing black shirt", "predicate": "wearing", "target": {"coordinates": [105.81881713867, 154.94815063477, 200.84786987305, 248.93865966797]}, "name": 532, "source": {"coordinates": [212.77864074707, 24.27604675293, 223.97581481934, 262.38641357422]}, "seconds": 22.166666666666668, "object": "black shirt", "type": "relation", "subject": "the man"}, {"caption": "the man wearing black shirt", "predicate": "wearing", "target": {"coordinates": [327.6471862793, 116.47265625, 192.3811340332, 279.31707763672]}, "name": 532, "source": {"coordinates": [212.77864074707, 24.27604675293, 223.97581481934, 262.38641357422]}, "seconds": 22.166666666666668, "object": "black shirt", "type": "relation", "subject": "the man"}, {"caption": "the man wearing black shirt", "predicate": "wearing", "target": {"coordinates": [508.74438476562, 5.2044219970703, 215.47583007812, 392.55834960938]}, "name": 532, "source": {"coordinates": [212.77864074707, 24.27604675293, 223.97581481934, 262.38641357422]}, "seconds": 22.166666666666668, "object": "black shirt", "type": "relation", "subject": "the man"}, {"caption": "the man has a white shirt", "predicate": "has", "target": {"coordinates": [0.040382385253906, 2.6664733886719, 211.96612548828, 372.962890625]}, "name": 532, "source": {"coordinates": [212.77864074707, 24.27604675293, 223.97581481934, 262.38641357422]}, "seconds": 22.166666666666668, "object": "a white shirt", "type": "relation", "subject": "the man"}, {"caption": "the man wearing white shirt", "predicate": "wearing", "target": {"coordinates": [5.2169609069824, 8.5247421264648, 26.03889465332, 54.730850219727]}, "name": 532, "source": {"coordinates": [212.77864074707, 24.27604675293, 223.97581481934, 262.38641357422]}, "seconds": 22.166666666666668, "object": "white shirt", "type": "relation", "subject": "the man"}, {"caption": "the man wearing white shirt", "predicate": "wearing", "target": {"coordinates": [-1.7093200683594, 6.2003479003906, 718.99035644531, 392.65856933594]}, "name": 532, "source": {"coordinates": [508.74438476562, 5.2044219970703, 215.47583007812, 392.55834960938]}, "seconds": 22.166666666666668, "object": "white shirt", "type": "relation", "subject": "the man"}, {"caption": "the man wearing black shirt", "predicate": "wearing", "target": {"coordinates": [105.81881713867, 154.94815063477, 200.84786987305, 248.93865966797]}, "name": 532, "source": {"coordinates": [508.74438476562, 5.2044219970703, 215.47583007812, 392.55834960938]}, "seconds": 22.166666666666668, "object": "black shirt", "type": "relation", "subject": "the man"}, {"caption": "the man wearing black shirt", "predicate": "wearing", "target": {"coordinates": [327.6471862793, 116.47265625, 192.3811340332, 279.31707763672]}, "name": 532, "source": {"coordinates": [508.74438476562, 5.2044219970703, 215.47583007812, 392.55834960938]}, "seconds": 22.166666666666668, "object": "black shirt", "type": "relation", "subject": "the man"}, {"caption": "the man wearing black shirt", "predicate": "wearing", "target": {"coordinates": [212.77864074707, 24.27604675293, 223.97581481934, 262.38641357422]}, "name": 532, "source": {"coordinates": [508.74438476562, 5.2044219970703, 215.47583007812, 392.55834960938]}, "seconds": 22.166666666666668, "object": "black shirt", "type": "relation", "subject": "the man"}, {"caption": "the man has a white shirt", "predicate": "has", "target": {"coordinates": [0.040382385253906, 2.6664733886719, 211.96612548828, 372.962890625]}, "name": 532, "source": {"coordinates": [508.74438476562, 5.2044219970703, 215.47583007812, 392.55834960938]}, "seconds": 22.166666666666668, "object": "a white shirt", "type": "relation", "subject": "the man"}, {"caption": "the man wearing white shirt", "predicate": "wearing", "target": {"coordinates": [5.2169609069824, 8.5247421264648, 26.03889465332, 54.730850219727]}, "name": 532, "source": {"coordinates": [508.74438476562, 5.2044219970703, 215.47583007812, 392.55834960938]}, "seconds": 22.166666666666668, "object": "white shirt", "type": "relation", "subject": "the man"}, {"caption": "the man wearing white shirt", "predicate": "wearing", "target": {"coordinates": [-1.7093200683594, 6.2003479003906, 718.99035644531, 392.65856933594]}, "name": 532, "source": {"coordinates": [0.040382385253906, 2.6664733886719, 211.96612548828, 372.962890625]}, "seconds": 22.166666666666668, "object": "white shirt", "type": "relation", "subject": "the man"}, {"caption": "the man wearing black shirt", "predicate": "wearing", "target": {"coordinates": [105.81881713867, 154.94815063477, 200.84786987305, 248.93865966797]}, "name": 532, "source": {"coordinates": [0.040382385253906, 2.6664733886719, 211.96612548828, 372.962890625]}, "seconds": 22.166666666666668, "object": "black shirt", "type": "relation", "subject": "the man"}, {"caption": "the man wearing black shirt", "predicate": "wearing", "target": {"coordinates": [327.6471862793, 116.47265625, 192.3811340332, 279.31707763672]}, "name": 532, "source": {"coordinates": [0.040382385253906, 2.6664733886719, 211.96612548828, 372.962890625]}, "seconds": 22.166666666666668, "object": "black shirt", "type": "relation", "subject": "the man"}, {"caption": "the man wearing black shirt", "predicate": "wearing", "target": {"coordinates": [212.77864074707, 24.27604675293, 223.97581481934, 262.38641357422]}, "name": 532, "source": {"coordinates": [0.040382385253906, 2.6664733886719, 211.96612548828, 372.962890625]}, "seconds": 22.166666666666668, "object": "black shirt", "type": "relation", "subject": "the man"}, {"caption": "the man wearing black shirt", "predicate": "wearing", "target": {"coordinates": [508.74438476562, 5.2044219970703, 215.47583007812, 392.55834960938]}, "name": 532, "source": {"coordinates": [0.040382385253906, 2.6664733886719, 211.96612548828, 372.962890625]}, "seconds": 22.166666666666668, "object": "black shirt", "type": "relation", "subject": "the man"}, {"caption": "the window on building", "predicate": "on", "target": {"coordinates": [5.2169609069824, 8.5247421264648, 26.03889465332, 54.730850219727]}, "name": 532, "source": {"coordinates": [0.040382385253906, 2.6664733886719, 211.96612548828, 372.962890625]}, "seconds": 22.166666666666668, "object": "building", "type": "relation", "subject": "the window"}, {"caption": "the window on building", "predicate": "on", "target": {"coordinates": [-1.7093200683594, 6.2003479003906, 718.99035644531, 392.65856933594]}, "name": 532, "source": {"coordinates": [5.2169609069824, 8.5247421264648, 26.03889465332, 54.730850219727]}, "seconds": 22.166666666666668, "object": "building", "type": "relation", "subject": "the window"}, {"caption": "the window on a wall", "predicate": "on", "target": {"coordinates": [105.81881713867, 154.94815063477, 200.84786987305, 248.93865966797]}, "name": 532, "source": {"coordinates": [5.2169609069824, 8.5247421264648, 26.03889465332, 54.730850219727]}, "seconds": 22.166666666666668, "object": "a wall", "type": "relation", "subject": "the window"}, {"caption": "the window on building", "predicate": "on", "target": {"coordinates": [327.6471862793, 116.47265625, 192.3811340332, 279.31707763672]}, "name": 532, "source": {"coordinates": [5.2169609069824, 8.5247421264648, 26.03889465332, 54.730850219727]}, "seconds": 22.166666666666668, "object": "building", "type": "relation", "subject": "the window"}, {"caption": "the window on building", "predicate": "on", "target": {"coordinates": [212.77864074707, 24.27604675293, 223.97581481934, 262.38641357422]}, "name": 532, "source": {"coordinates": [5.2169609069824, 8.5247421264648, 26.03889465332, 54.730850219727]}, "seconds": 22.166666666666668, "object": "building", "type": "relation", "subject": "the window"}, {"caption": "the window on building", "predicate": "on", "target": {"coordinates": [508.74438476562, 5.2044219970703, 215.47583007812, 392.55834960938]}, "name": 532, "source": {"coordinates": [5.2169609069824, 8.5247421264648, 26.03889465332, 54.730850219727]}, "seconds": 22.166666666666668, "object": "building", "type": "relation", "subject": "the window"}, {"caption": "the window on wall", "predicate": "on", "target": {"coordinates": [0.040382385253906, 2.6664733886719, 211.96612548828, 372.962890625]}, "name": 532, "source": {"coordinates": [5.2169609069824, 8.5247421264648, 26.03889465332, 54.730850219727]}, "seconds": 22.166666666666668, "object": "wall", "type": "relation", "subject": "the window"}]