[{"caption": "the man wearing black shirt", "predicate": "wearing", "target": {"coordinates": [530.43914794922, -1.325439453125, 193.91333007812, 408.72821044922]}, "name": 539, "source": {"coordinates": [224.58477783203, 50.301498413086, 373.41906738281, 366.29473876953]}, "seconds": 22.458333333333332, "object": "black shirt", "type": "relation", "subject": "the man"}, {"caption": "the man has head", "predicate": "has", "target": {"coordinates": [-13.247131347656, -4.916015625, 284.94790649414, 408.29577636719]}, "name": 539, "source": {"coordinates": [224.58477783203, 50.301498413086, 373.41906738281, 366.29473876953]}, "seconds": 22.458333333333332, "object": "head", "type": "relation", "subject": "the man"}, {"caption": "the man wearing black shirt", "predicate": "wearing", "target": {"coordinates": [358.28286743164, 38.859214782715, 148.45587158203, 128.13433837891]}, "name": 539, "source": {"coordinates": [224.58477783203, 50.301498413086, 373.41906738281, 366.29473876953]}, "seconds": 22.458333333333332, "object": "black shirt", "type": "relation", "subject": "the man"}, {"caption": "the man has a white shirt", "predicate": "has", "target": {"coordinates": [22.013732910156, 1.9841766357422, 722.56481933594, 219.51669311523]}, "name": 539, "source": {"coordinates": [224.58477783203, 50.301498413086, 373.41906738281, 366.29473876953]}, "seconds": 22.458333333333332, "object": "a white shirt", "type": "relation", "subject": "the man"}, {"caption": "the man has a white plate", "predicate": "has", "target": {"coordinates": [681.19024658203, 227.05351257324, 34.73388671875, 71.174331665039]}, "name": 539, "source": {"coordinates": [224.58477783203, 50.301498413086, 373.41906738281, 366.29473876953]}, "seconds": 22.458333333333332, "object": "a white plate", "type": "relation", "subject": "the man"}, {"caption": "the man wearing white shirt", "predicate": "wearing", "target": {"coordinates": [676.04016113281, 285.30694580078, 41.977294921875, 53.030883789062]}, "name": 539, "source": {"coordinates": [224.58477783203, 50.301498413086, 373.41906738281, 366.29473876953]}, "seconds": 22.458333333333332, "object": "white shirt", "type": "relation", "subject": "the man"}, {"caption": "the man wearing white shirt", "predicate": "wearing", "target": {"coordinates": [224.58477783203, 50.301498413086, 373.41906738281, 366.29473876953]}, "name": 539, "source": {"coordinates": [530.43914794922, -1.325439453125, 193.91333007812, 408.72821044922]}, "seconds": 22.458333333333332, "object": "white shirt", "type": "relation", "subject": "the man"}, {"caption": "the man has head", "predicate": "has", "target": {"coordinates": [-13.247131347656, -4.916015625, 284.94790649414, 408.29577636719]}, "name": 539, "source": {"coordinates": [530.43914794922, -1.325439453125, 193.91333007812, 408.72821044922]}, "seconds": 22.458333333333332, "object": "head", "type": "relation", "subject": "the man"}, {"caption": "the man wearing black shirt", "predicate": "wearing", "target": {"coordinates": [358.28286743164, 38.859214782715, 148.45587158203, 128.13433837891]}, "name": 539, "source": {"coordinates": [530.43914794922, -1.325439453125, 193.91333007812, 408.72821044922]}, "seconds": 22.458333333333332, "object": "black shirt", "type": "relation", "subject": "the man"}, {"caption": "the man wearing white shirt", "predicate": "wearing", "target": {"coordinates": [22.013732910156, 1.9841766357422, 722.56481933594, 219.51669311523]}, "name": 539, "source": {"coordinates": [530.43914794922, -1.325439453125, 193.91333007812, 408.72821044922]}, "seconds": 22.458333333333332, "object": "white shirt", "type": "relation", "subject": "the man"}, {"caption": "the man holding white plate", "predicate": "holding", "target": {"coordinates": [681.19024658203, 227.05351257324, 34.73388671875, 71.174331665039]}, "name": 539, "source": {"coordinates": [530.43914794922, -1.325439453125, 193.91333007812, 408.72821044922]}, "seconds": 22.458333333333332, "object": "white plate", "type": "relation", "subject": "the man"}, {"caption": "the man wearing white shirt", "predicate": "wearing", "target": {"coordinates": [676.04016113281, 285.30694580078, 41.977294921875, 53.030883789062]}, "name": 539, "source": {"coordinates": [530.43914794922, -1.325439453125, 193.91333007812, 408.72821044922]}, "seconds": 22.458333333333332, "object": "white shirt", "type": "relation", "subject": "the man"}, {"caption": "the man wearing white shirt", "predicate": "wearing", "target": {"coordinates": [224.58477783203, 50.301498413086, 373.41906738281, 366.29473876953]}, "name": 539, "source": {"coordinates": [-13.247131347656, -4.916015625, 284.94790649414, 408.29577636719]}, "seconds": 22.458333333333332, "object": "white shirt", "type": "relation", "subject": "the man"}, {"caption": "the man wearing black shirt", "predicate": "wearing", "target": {"coordinates": [530.43914794922, -1.325439453125, 193.91333007812, 408.72821044922]}, "name": 539, "source": {"coordinates": [-13.247131347656, -4.916015625, 284.94790649414, 408.29577636719]}, "seconds": 22.458333333333332, "object": "black shirt", "type": "relation", "subject": "the man"}, {"caption": "the man wearing black shirt", "predicate": "wearing", "target": {"coordinates": [358.28286743164, 38.859214782715, 148.45587158203, 128.13433837891]}, "name": 539, "source": {"coordinates": [-13.247131347656, -4.916015625, 284.94790649414, 408.29577636719]}, "seconds": 22.458333333333332, "object": "black shirt", "type": "relation", "subject": "the man"}, {"caption": "the man has a white plate", "predicate": "has", "target": {"coordinates": [22.013732910156, 1.9841766357422, 722.56481933594, 219.51669311523]}, "name": 539, "source": {"coordinates": [-13.247131347656, -4.916015625, 284.94790649414, 408.29577636719]}, "seconds": 22.458333333333332, "object": "a white plate", "type": "relation", "subject": "the man"}, {"caption": "the man has a white plate", "predicate": "has", "target": {"coordinates": [681.19024658203, 227.05351257324, 34.73388671875, 71.174331665039]}, "name": 539, "source": {"coordinates": [-13.247131347656, -4.916015625, 284.94790649414, 408.29577636719]}, "seconds": 22.458333333333332, "object": "a white plate", "type": "relation", "subject": "the man"}, {"caption": "the man wearing black shirt", "predicate": "wearing", "target": {"coordinates": [676.04016113281, 285.30694580078, 41.977294921875, 53.030883789062]}, "name": 539, "source": {"coordinates": [-13.247131347656, -4.916015625, 284.94790649414, 408.29577636719]}, "seconds": 22.458333333333332, "object": "black shirt", "type": "relation", "subject": "the man"}, {"caption": "the man wearing black shirt", "predicate": "wearing", "target": {"coordinates": [224.58477783203, 50.301498413086, 373.41906738281, 366.29473876953]}, "name": 539, "source": {"coordinates": [358.28286743164, 38.859214782715, 148.45587158203, 128.13433837891]}, "seconds": 22.458333333333332, "object": "black shirt", "type": "relation", "subject": "the man"}, {"caption": "the man on wall", "predicate": "on", "target": {"coordinates": [530.43914794922, -1.325439453125, 193.91333007812, 408.72821044922]}, "name": 539, "source": {"coordinates": [358.28286743164, 38.859214782715, 148.45587158203, 128.13433837891]}, "seconds": 22.458333333333332, "object": "wall", "type": "relation", "subject": "the man"}, {"caption": "the man wearing black shirt", "predicate": "wearing", "target": {"coordinates": [-13.247131347656, -4.916015625, 284.94790649414, 408.29577636719]}, "name": 539, "source": {"coordinates": [358.28286743164, 38.859214782715, 148.45587158203, 128.13433837891]}, "seconds": 22.458333333333332, "object": "black shirt", "type": "relation", "subject": "the man"}, {"caption": "the man wearing black shirt", "predicate": "wearing", "target": {"coordinates": [22.013732910156, 1.9841766357422, 722.56481933594, 219.51669311523]}, "name": 539, "source": {"coordinates": [358.28286743164, 38.859214782715, 148.45587158203, 128.13433837891]}, "seconds": 22.458333333333332, "object": "black shirt", "type": "relation", "subject": "the man"}, {"caption": "the man wearing black shirt", "predicate": "wearing", "target": {"coordinates": [681.19024658203, 227.05351257324, 34.73388671875, 71.174331665039]}, "name": 539, "source": {"coordinates": [358.28286743164, 38.859214782715, 148.45587158203, 128.13433837891]}, "seconds": 22.458333333333332, "object": "black shirt", "type": "relation", "subject": "the man"}, {"caption": "the man wearing white shirt", "predicate": "wearing", "target": {"coordinates": [676.04016113281, 285.30694580078, 41.977294921875, 53.030883789062]}, "name": 539, "source": {"coordinates": [358.28286743164, 38.859214782715, 148.45587158203, 128.13433837891]}, "seconds": 22.458333333333332, "object": "white shirt", "type": "relation", "subject": "the man"}, {"caption": "the man wearing white shirt", "predicate": "wearing", "target": {"coordinates": [224.58477783203, 50.301498413086, 373.41906738281, 366.29473876953]}, "name": 539, "source": {"coordinates": [22.013732910156, 1.9841766357422, 722.56481933594, 219.51669311523]}, "seconds": 22.458333333333332, "object": "white shirt", "type": "relation", "subject": "the man"}, {"caption": "the man wearing black shirt", "predicate": "wearing", "target": {"coordinates": [530.43914794922, -1.325439453125, 193.91333007812, 408.72821044922]}, "name": 539, "source": {"coordinates": [22.013732910156, 1.9841766357422, 722.56481933594, 219.51669311523]}, "seconds": 22.458333333333332, "object": "black shirt", "type": "relation", "subject": "the man"}, {"caption": "the man wearing black shirt", "predicate": "wearing", "target": {"coordinates": [-13.247131347656, -4.916015625, 284.94790649414, 408.29577636719]}, "name": 539, "source": {"coordinates": [22.013732910156, 1.9841766357422, 722.56481933594, 219.51669311523]}, "seconds": 22.458333333333332, "object": "black shirt", "type": "relation", "subject": "the man"}, {"caption": "the man has a white shirt", "predicate": "has", "target": {"coordinates": [358.28286743164, 38.859214782715, 148.45587158203, 128.13433837891]}, "name": 539, "source": {"coordinates": [22.013732910156, 1.9841766357422, 722.56481933594, 219.51669311523]}, "seconds": 22.458333333333332, "object": "a white shirt", "type": "relation", "subject": "the man"}, {"caption": "the man has a white", "predicate": "has", "target": {"coordinates": [681.19024658203, 227.05351257324, 34.73388671875, 71.174331665039]}, "name": 539, "source": {"coordinates": [22.013732910156, 1.9841766357422, 722.56481933594, 219.51669311523]}, "seconds": 22.458333333333332, "object": "a white", "type": "relation", "subject": "the man"}, {"caption": "the man wearing black shirt", "predicate": "wearing", "target": {"coordinates": [676.04016113281, 285.30694580078, 41.977294921875, 53.030883789062]}, "name": 539, "source": {"coordinates": [22.013732910156, 1.9841766357422, 722.56481933594, 219.51669311523]}, "seconds": 22.458333333333332, "object": "black shirt", "type": "relation", "subject": "the man"}, {"caption": "the man wearing black shirt", "predicate": "wearing", "target": {"coordinates": [224.58477783203, 50.301498413086, 373.41906738281, 366.29473876953]}, "name": 539, "source": {"coordinates": [681.19024658203, 227.05351257324, 34.73388671875, 71.174331665039]}, "seconds": 22.458333333333332, "object": "black shirt", "type": "relation", "subject": "the man"}, {"caption": "the man on table", "predicate": "on", "target": {"coordinates": [530.43914794922, -1.325439453125, 193.91333007812, 408.72821044922]}, "name": 539, "source": {"coordinates": [681.19024658203, 227.05351257324, 34.73388671875, 71.174331665039]}, "seconds": 22.458333333333332, "object": "table", "type": "relation", "subject": "the man"}, {"caption": "the person on table", "predicate": "on", "target": {"coordinates": [-13.247131347656, -4.916015625, 284.94790649414, 408.29577636719]}, "name": 539, "source": {"coordinates": [681.19024658203, 227.05351257324, 34.73388671875, 71.174331665039]}, "seconds": 22.458333333333332, "object": "table", "type": "relation", "subject": "the person"}, {"caption": "the woman has head", "predicate": "has", "target": {"coordinates": [358.28286743164, 38.859214782715, 148.45587158203, 128.13433837891]}, "name": 539, "source": {"coordinates": [681.19024658203, 227.05351257324, 34.73388671875, 71.174331665039]}, "seconds": 22.458333333333332, "object": "head", "type": "relation", "subject": "the woman"}, {"caption": "the window on wall", "predicate": "on", "target": {"coordinates": [22.013732910156, 1.9841766357422, 722.56481933594, 219.51669311523]}, "name": 539, "source": {"coordinates": [681.19024658203, 227.05351257324, 34.73388671875, 71.174331665039]}, "seconds": 22.458333333333332, "object": "wall", "type": "relation", "subject": "the window"}, {"caption": "the light on wall", "predicate": "on", "target": {"coordinates": [676.04016113281, 285.30694580078, 41.977294921875, 53.030883789062]}, "name": 539, "source": {"coordinates": [681.19024658203, 227.05351257324, 34.73388671875, 71.174331665039]}, "seconds": 22.458333333333332, "object": "wall", "type": "relation", "subject": "the light"}, {"caption": "the light on wall", "predicate": "on", "target": {"coordinates": [224.58477783203, 50.301498413086, 373.41906738281, 366.29473876953]}, "name": 539, "source": {"coordinates": [676.04016113281, 285.30694580078, 41.977294921875, 53.030883789062]}, "seconds": 22.458333333333332, "object": "wall", "type": "relation", "subject": "the light"}, {"caption": "the light on wall", "predicate": "on", "target": {"coordinates": [530.43914794922, -1.325439453125, 193.91333007812, 408.72821044922]}, "name": 539, "source": {"coordinates": [676.04016113281, 285.30694580078, 41.977294921875, 53.030883789062]}, "seconds": 22.458333333333332, "object": "wall", "type": "relation", "subject": "the light"}, {"caption": "the light on table", "predicate": "on", "target": {"coordinates": [-13.247131347656, -4.916015625, 284.94790649414, 408.29577636719]}, "name": 539, "source": {"coordinates": [676.04016113281, 285.30694580078, 41.977294921875, 53.030883789062]}, "seconds": 22.458333333333332, "object": "table", "type": "relation", "subject": "the light"}, {"caption": "the glass on table", "predicate": "on", "target": {"coordinates": [358.28286743164, 38.859214782715, 148.45587158203, 128.13433837891]}, "name": 539, "source": {"coordinates": [676.04016113281, 285.30694580078, 41.977294921875, 53.030883789062]}, "seconds": 22.458333333333332, "object": "table", "type": "relation", "subject": "the glass"}, {"caption": "the light on wall", "predicate": "on", "target": {"coordinates": [22.013732910156, 1.9841766357422, 722.56481933594, 219.51669311523]}, "name": 539, "source": {"coordinates": [676.04016113281, 285.30694580078, 41.977294921875, 53.030883789062]}, "seconds": 22.458333333333332, "object": "wall", "type": "relation", "subject": "the light"}, {"caption": "the man wearing black shirt", "predicate": "wearing", "target": {"coordinates": [681.19024658203, 227.05351257324, 34.73388671875, 71.174331665039]}, "name": 539, "source": {"coordinates": [676.04016113281, 285.30694580078, 41.977294921875, 53.030883789062]}, "seconds": 22.458333333333332, "object": "black shirt", "type": "relation", "subject": "the man"}]