[{"caption": "the man wearing black shirt", "predicate": "wearing", "target": {"coordinates": [-2.5119781494141, 208.30569458008, 397.53918457031, 194.79132080078]}, "name": 645, "source": {"coordinates": [256.25286865234, 6.0031585693359, 377.54083251953, 410.76733398438]}, "seconds": 26.875, "object": "black shirt", "type": "relation", "subject": "the man"}, {"caption": "the man in front of building", "predicate": "in", "target": {"coordinates": [555.02618408203, 56.819511413574, 145.14904785156, 144.07501220703]}, "name": 645, "source": {"coordinates": [256.25286865234, 6.0031585693359, 377.54083251953, 410.76733398438]}, "seconds": 26.875, "object": "front of building", "type": "relation", "subject": "the man"}, {"caption": "the man wearing black shirt", "predicate": "wearing", "target": {"coordinates": [-8.6911163330078, 4.1353454589844, 382.79986572266, 307.66494750977]}, "name": 645, "source": {"coordinates": [256.25286865234, 6.0031585693359, 377.54083251953, 410.76733398438]}, "seconds": 26.875, "object": "black shirt", "type": "relation", "subject": "the man"}, {"caption": "the man has a white", "predicate": "has", "target": {"coordinates": [13.873893737793, 162.58609008789, 136.26776123047, 130.73327636719]}, "name": 645, "source": {"coordinates": [256.25286865234, 6.0031585693359, 377.54083251953, 410.76733398438]}, "seconds": 26.875, "object": "a white", "type": "relation", "subject": "the man"}, {"caption": "the man wearing black shirt", "predicate": "wearing", "target": {"coordinates": [598.400390625, 121.19602966309, 63.22119140625, 50.039947509766]}, "name": 645, "source": {"coordinates": [256.25286865234, 6.0031585693359, 377.54083251953, 410.76733398438]}, "seconds": 26.875, "object": "black shirt", "type": "relation", "subject": "the man"}, {"caption": "the man in a room", "predicate": "in", "target": {"coordinates": [583.65777587891, 4.2529983520508, 105.35302734375, 24.685272216797]}, "name": 645, "source": {"coordinates": [256.25286865234, 6.0031585693359, 377.54083251953, 410.76733398438]}, "seconds": 26.875, "object": "a room", "type": "relation", "subject": "the man"}, {"caption": "the man in a room", "predicate": "in", "target": {"coordinates": [256.25286865234, 6.0031585693359, 377.54083251953, 410.76733398438]}, "name": 645, "source": {"coordinates": [-2.5119781494141, 208.30569458008, 397.53918457031, 194.79132080078]}, "seconds": 26.875, "object": "a room", "type": "relation", "subject": "the man"}, {"caption": "the man wearing black shirt", "predicate": "wearing", "target": {"coordinates": [555.02618408203, 56.819511413574, 145.14904785156, 144.07501220703]}, "name": 645, "source": {"coordinates": [-2.5119781494141, 208.30569458008, 397.53918457031, 194.79132080078]}, "seconds": 26.875, "object": "black shirt", "type": "relation", "subject": "the man"}, {"caption": "the man wearing black shirt", "predicate": "wearing", "target": {"coordinates": [-8.6911163330078, 4.1353454589844, 382.79986572266, 307.66494750977]}, "name": 645, "source": {"coordinates": [-2.5119781494141, 208.30569458008, 397.53918457031, 194.79132080078]}, "seconds": 26.875, "object": "black shirt", "type": "relation", "subject": "the man"}, {"caption": "the man has a white", "predicate": "has", "target": {"coordinates": [13.873893737793, 162.58609008789, 136.26776123047, 130.73327636719]}, "name": 645, "source": {"coordinates": [-2.5119781494141, 208.30569458008, 397.53918457031, 194.79132080078]}, "seconds": 26.875, "object": "a white", "type": "relation", "subject": "the man"}, {"caption": "the man wearing black shirt", "predicate": "wearing", "target": {"coordinates": [598.400390625, 121.19602966309, 63.22119140625, 50.039947509766]}, "name": 645, "source": {"coordinates": [-2.5119781494141, 208.30569458008, 397.53918457031, 194.79132080078]}, "seconds": 26.875, "object": "black shirt", "type": "relation", "subject": "the man"}, {"caption": "the man in a white shirt", "predicate": "in", "target": {"coordinates": [583.65777587891, 4.2529983520508, 105.35302734375, 24.685272216797]}, "name": 645, "source": {"coordinates": [-2.5119781494141, 208.30569458008, 397.53918457031, 194.79132080078]}, "seconds": 26.875, "object": "a white shirt", "type": "relation", "subject": "the man"}, {"caption": "the man in a white shirt", "predicate": "in", "target": {"coordinates": [256.25286865234, 6.0031585693359, 377.54083251953, 410.76733398438]}, "name": 645, "source": {"coordinates": [555.02618408203, 56.819511413574, 145.14904785156, 144.07501220703]}, "seconds": 26.875, "object": "a white shirt", "type": "relation", "subject": "the man"}, {"caption": "the man on table", "predicate": "on", "target": {"coordinates": [-2.5119781494141, 208.30569458008, 397.53918457031, 194.79132080078]}, "name": 645, "source": {"coordinates": [555.02618408203, 56.819511413574, 145.14904785156, 144.07501220703]}, "seconds": 26.875, "object": "table", "type": "relation", "subject": "the man"}, {"caption": "the man wearing black shirt", "predicate": "wearing", "target": {"coordinates": [-8.6911163330078, 4.1353454589844, 382.79986572266, 307.66494750977]}, "name": 645, "source": {"coordinates": [555.02618408203, 56.819511413574, 145.14904785156, 144.07501220703]}, "seconds": 26.875, "object": "black shirt", "type": "relation", "subject": "the man"}, {"caption": "the man wearing black shirt", "predicate": "wearing", "target": {"coordinates": [13.873893737793, 162.58609008789, 136.26776123047, 130.73327636719]}, "name": 645, "source": {"coordinates": [555.02618408203, 56.819511413574, 145.14904785156, 144.07501220703]}, "seconds": 26.875, "object": "black shirt", "type": "relation", "subject": "the man"}, {"caption": "the man on wall", "predicate": "on", "target": {"coordinates": [598.400390625, 121.19602966309, 63.22119140625, 50.039947509766]}, "name": 645, "source": {"coordinates": [555.02618408203, 56.819511413574, 145.14904785156, 144.07501220703]}, "seconds": 26.875, "object": "wall", "type": "relation", "subject": "the man"}, {"caption": "the man in a room", "predicate": "in", "target": {"coordinates": [583.65777587891, 4.2529983520508, 105.35302734375, 24.685272216797]}, "name": 645, "source": {"coordinates": [555.02618408203, 56.819511413574, 145.14904785156, 144.07501220703]}, "seconds": 26.875, "object": "a room", "type": "relation", "subject": "the man"}, {"caption": "the man in a room", "predicate": "in", "target": {"coordinates": [256.25286865234, 6.0031585693359, 377.54083251953, 410.76733398438]}, "name": 645, "source": {"coordinates": [-8.6911163330078, 4.1353454589844, 382.79986572266, 307.66494750977]}, "seconds": 26.875, "object": "a room", "type": "relation", "subject": "the man"}, {"caption": "the man wearing black shirt", "predicate": "wearing", "target": {"coordinates": [-2.5119781494141, 208.30569458008, 397.53918457031, 194.79132080078]}, "name": 645, "source": {"coordinates": [-8.6911163330078, 4.1353454589844, 382.79986572266, 307.66494750977]}, "seconds": 26.875, "object": "black shirt", "type": "relation", "subject": "the man"}, {"caption": "the man wearing black shirt", "predicate": "wearing", "target": {"coordinates": [555.02618408203, 56.819511413574, 145.14904785156, 144.07501220703]}, "name": 645, "source": {"coordinates": [-8.6911163330078, 4.1353454589844, 382.79986572266, 307.66494750977]}, "seconds": 26.875, "object": "black shirt", "type": "relation", "subject": "the man"}, {"caption": "the man has a white", "predicate": "has", "target": {"coordinates": [13.873893737793, 162.58609008789, 136.26776123047, 130.73327636719]}, "name": 645, "source": {"coordinates": [-8.6911163330078, 4.1353454589844, 382.79986572266, 307.66494750977]}, "seconds": 26.875, "object": "a white", "type": "relation", "subject": "the man"}, {"caption": "the man has a white shirt", "predicate": "has", "target": {"coordinates": [598.400390625, 121.19602966309, 63.22119140625, 50.039947509766]}, "name": 645, "source": {"coordinates": [-8.6911163330078, 4.1353454589844, 382.79986572266, 307.66494750977]}, "seconds": 26.875, "object": "a white shirt", "type": "relation", "subject": "the man"}, {"caption": "the man in a room", "predicate": "in", "target": {"coordinates": [583.65777587891, 4.2529983520508, 105.35302734375, 24.685272216797]}, "name": 645, "source": {"coordinates": [-8.6911163330078, 4.1353454589844, 382.79986572266, 307.66494750977]}, "seconds": 26.875, "object": "a room", "type": "relation", "subject": "the man"}, {"caption": "the man in a room", "predicate": "in", "target": {"coordinates": [256.25286865234, 6.0031585693359, 377.54083251953, 410.76733398438]}, "name": 645, "source": {"coordinates": [13.873893737793, 162.58609008789, 136.26776123047, 130.73327636719]}, "seconds": 26.875, "object": "a room", "type": "relation", "subject": "the man"}, {"caption": "the man wearing black shirt", "predicate": "wearing", "target": {"coordinates": [-2.5119781494141, 208.30569458008, 397.53918457031, 194.79132080078]}, "name": 645, "source": {"coordinates": [13.873893737793, 162.58609008789, 136.26776123047, 130.73327636719]}, "seconds": 26.875, "object": "black shirt", "type": "relation", "subject": "the man"}, {"caption": "the man wearing black shirt", "predicate": "wearing", "target": {"coordinates": [555.02618408203, 56.819511413574, 145.14904785156, 144.07501220703]}, "name": 645, "source": {"coordinates": [13.873893737793, 162.58609008789, 136.26776123047, 130.73327636719]}, "seconds": 26.875, "object": "black shirt", "type": "relation", "subject": "the man"}, {"caption": "the man in front of building", "predicate": "in", "target": {"coordinates": [-8.6911163330078, 4.1353454589844, 382.79986572266, 307.66494750977]}, "name": 645, "source": {"coordinates": [13.873893737793, 162.58609008789, 136.26776123047, 130.73327636719]}, "seconds": 26.875, "object": "front of building", "type": "relation", "subject": "the man"}, {"caption": "the man on table", "predicate": "on", "target": {"coordinates": [598.400390625, 121.19602966309, 63.22119140625, 50.039947509766]}, "name": 645, "source": {"coordinates": [13.873893737793, 162.58609008789, 136.26776123047, 130.73327636719]}, "seconds": 26.875, "object": "table", "type": "relation", "subject": "the man"}, {"caption": "the light on wall", "predicate": "on", "target": {"coordinates": [583.65777587891, 4.2529983520508, 105.35302734375, 24.685272216797]}, "name": 645, "source": {"coordinates": [13.873893737793, 162.58609008789, 136.26776123047, 130.73327636719]}, "seconds": 26.875, "object": "wall", "type": "relation", "subject": "the light"}, {"caption": "the light on wall", "predicate": "on", "target": {"coordinates": [256.25286865234, 6.0031585693359, 377.54083251953, 410.76733398438]}, "name": 645, "source": {"coordinates": [598.400390625, 121.19602966309, 63.22119140625, 50.039947509766]}, "seconds": 26.875, "object": "wall", "type": "relation", "subject": "the light"}, {"caption": "the light on wall", "predicate": "on", "target": {"coordinates": [-2.5119781494141, 208.30569458008, 397.53918457031, 194.79132080078]}, "name": 645, "source": {"coordinates": [598.400390625, 121.19602966309, 63.22119140625, 50.039947509766]}, "seconds": 26.875, "object": "wall", "type": "relation", "subject": "the light"}, {"caption": "the light on wall", "predicate": "on", "target": {"coordinates": [555.02618408203, 56.819511413574, 145.14904785156, 144.07501220703]}, "name": 645, "source": {"coordinates": [598.400390625, 121.19602966309, 63.22119140625, 50.039947509766]}, "seconds": 26.875, "object": "wall", "type": "relation", "subject": "the light"}, {"caption": "the light on wall", "predicate": "on", "target": {"coordinates": [-8.6911163330078, 4.1353454589844, 382.79986572266, 307.66494750977]}, "name": 645, "source": {"coordinates": [598.400390625, 121.19602966309, 63.22119140625, 50.039947509766]}, "seconds": 26.875, "object": "wall", "type": "relation", "subject": "the light"}, {"caption": "the light on wall", "predicate": "on", "target": {"coordinates": [13.873893737793, 162.58609008789, 136.26776123047, 130.73327636719]}, "name": 645, "source": {"coordinates": [598.400390625, 121.19602966309, 63.22119140625, 50.039947509766]}, "seconds": 26.875, "object": "wall", "type": "relation", "subject": "the light"}, {"caption": "the sign on wall", "predicate": "on", "target": {"coordinates": [583.65777587891, 4.2529983520508, 105.35302734375, 24.685272216797]}, "name": 645, "source": {"coordinates": [598.400390625, 121.19602966309, 63.22119140625, 50.039947509766]}, "seconds": 26.875, "object": "wall", "type": "relation", "subject": "the sign"}, {"caption": "the sign on wall", "predicate": "on", "target": {"coordinates": [256.25286865234, 6.0031585693359, 377.54083251953, 410.76733398438]}, "name": 645, "source": {"coordinates": [583.65777587891, 4.2529983520508, 105.35302734375, 24.685272216797]}, "seconds": 26.875, "object": "wall", "type": "relation", "subject": "the sign"}, {"caption": "the sign on wall", "predicate": "on", "target": {"coordinates": [-2.5119781494141, 208.30569458008, 397.53918457031, 194.79132080078]}, "name": 645, "source": {"coordinates": [583.65777587891, 4.2529983520508, 105.35302734375, 24.685272216797]}, "seconds": 26.875, "object": "wall", "type": "relation", "subject": "the sign"}, {"caption": "the sign on wall", "predicate": "on", "target": {"coordinates": [555.02618408203, 56.819511413574, 145.14904785156, 144.07501220703]}, "name": 645, "source": {"coordinates": [583.65777587891, 4.2529983520508, 105.35302734375, 24.685272216797]}, "seconds": 26.875, "object": "wall", "type": "relation", "subject": "the sign"}, {"caption": "the sign on wall", "predicate": "on", "target": {"coordinates": [-8.6911163330078, 4.1353454589844, 382.79986572266, 307.66494750977]}, "name": 645, "source": {"coordinates": [583.65777587891, 4.2529983520508, 105.35302734375, 24.685272216797]}, "seconds": 26.875, "object": "wall", "type": "relation", "subject": "the sign"}, {"caption": "the sign on wall", "predicate": "on", "target": {"coordinates": [13.873893737793, 162.58609008789, 136.26776123047, 130.73327636719]}, "name": 645, "source": {"coordinates": [583.65777587891, 4.2529983520508, 105.35302734375, 24.685272216797]}, "seconds": 26.875, "object": "wall", "type": "relation", "subject": "the sign"}, {"caption": "the sign on wall", "predicate": "on", "target": {"coordinates": [598.400390625, 121.19602966309, 63.22119140625, 50.039947509766]}, "name": 645, "source": {"coordinates": [583.65777587891, 4.2529983520508, 105.35302734375, 24.685272216797]}, "seconds": 26.875, "object": "wall", "type": "relation", "subject": "the sign"}]