[{"caption": "the man holding white", "predicate": "holding", "target": {"coordinates": [252.18263244629, 283.24169921875, 53.180557250977, 55.276977539062]}, "name": 756, "source": {"coordinates": [72.721771240234, 6.1497955322266, 392.97125244141, 401.10430908203]}, "seconds": 31.5, "object": "white", "type": "relation", "subject": "the man"}, {"caption": "the man wearing black shirt", "predicate": "wearing", "target": {"coordinates": [212.31631469727, 277.98571777344, 154.8017578125, 123.34399414062]}, "name": 756, "source": {"coordinates": [72.721771240234, 6.1497955322266, 392.97125244141, 401.10430908203]}, "seconds": 31.5, "object": "black shirt", "type": "relation", "subject": "the man"}, {"caption": "the man wearing black shirt", "predicate": "wearing", "target": {"coordinates": [306.78948974609, -8.3683776855469, 394.91961669922, 420.84564208984]}, "name": 756, "source": {"coordinates": [72.721771240234, 6.1497955322266, 392.97125244141, 401.10430908203]}, "seconds": 31.5, "object": "black shirt", "type": "relation", "subject": "the man"}, {"caption": "the man wearing black shirt", "predicate": "wearing", "target": {"coordinates": [30.376602172852, 211.77130126953, 280.56951904297, 187.62884521484]}, "name": 756, "source": {"coordinates": [72.721771240234, 6.1497955322266, 392.97125244141, 401.10430908203]}, "seconds": 31.5, "object": "black shirt", "type": "relation", "subject": "the man"}, {"caption": "the man has a black hair", "predicate": "has", "target": {"coordinates": [347.14752197266, 143.98524475098, 180.82995605469, 259.47491455078]}, "name": 756, "source": {"coordinates": [72.721771240234, 6.1497955322266, 392.97125244141, 401.10430908203]}, "seconds": 31.5, "object": "a black hair", "type": "relation", "subject": "the man"}, {"caption": "the man has head", "predicate": "has", "target": {"coordinates": [111.51337432861, 263.19738769531, 55.586082458496, 61.144226074219]}, "name": 756, "source": {"coordinates": [72.721771240234, 6.1497955322266, 392.97125244141, 401.10430908203]}, "seconds": 31.5, "object": "head", "type": "relation", "subject": "the man"}, {"caption": "the hand on man", "predicate": "on", "target": {"coordinates": [193.376953125, 27.186019897461, 158.20977783203, 143.87141418457]}, "name": 756, "source": {"coordinates": [72.721771240234, 6.1497955322266, 392.97125244141, 401.10430908203]}, "seconds": 31.5, "object": "man", "type": "relation", "subject": "the hand"}, {"caption": "the hand on man", "predicate": "on", "target": {"coordinates": [72.721771240234, 6.1497955322266, 392.97125244141, 401.10430908203]}, "name": 756, "source": {"coordinates": [252.18263244629, 283.24169921875, 53.180557250977, 55.276977539062]}, "seconds": 31.5, "object": "man", "type": "relation", "subject": "the hand"}, {"caption": "the hand on man", "predicate": "on", "target": {"coordinates": [212.31631469727, 277.98571777344, 154.8017578125, 123.34399414062]}, "name": 756, "source": {"coordinates": [252.18263244629, 283.24169921875, 53.180557250977, 55.276977539062]}, "seconds": 31.5, "object": "man", "type": "relation", "subject": "the hand"}, {"caption": "the hand on man", "predicate": "on", "target": {"coordinates": [306.78948974609, -8.3683776855469, 394.91961669922, 420.84564208984]}, "name": 756, "source": {"coordinates": [252.18263244629, 283.24169921875, 53.180557250977, 55.276977539062]}, "seconds": 31.5, "object": "man", "type": "relation", "subject": "the hand"}, {"caption": "the hand on man", "predicate": "on", "target": {"coordinates": [30.376602172852, 211.77130126953, 280.56951904297, 187.62884521484]}, "name": 756, "source": {"coordinates": [252.18263244629, 283.24169921875, 53.180557250977, 55.276977539062]}, "seconds": 31.5, "object": "man", "type": "relation", "subject": "the hand"}, {"caption": "the hand on hand", "predicate": "on", "target": {"coordinates": [347.14752197266, 143.98524475098, 180.82995605469, 259.47491455078]}, "name": 756, "source": {"coordinates": [252.18263244629, 283.24169921875, 53.180557250977, 55.276977539062]}, "seconds": 31.5, "object": "hand", "type": "relation", "subject": "the hand"}, {"caption": "the hand on head", "predicate": "on", "target": {"coordinates": [111.51337432861, 263.19738769531, 55.586082458496, 61.144226074219]}, "name": 756, "source": {"coordinates": [252.18263244629, 283.24169921875, 53.180557250977, 55.276977539062]}, "seconds": 31.5, "object": "head", "type": "relation", "subject": "the hand"}, {"caption": "the hand on man", "predicate": "on", "target": {"coordinates": [193.376953125, 27.186019897461, 158.20977783203, 143.87141418457]}, "name": 756, "source": {"coordinates": [252.18263244629, 283.24169921875, 53.180557250977, 55.276977539062]}, "seconds": 31.5, "object": "man", "type": "relation", "subject": "the hand"}, {"caption": "the hand on man", "predicate": "on", "target": {"coordinates": [72.721771240234, 6.1497955322266, 392.97125244141, 401.10430908203]}, "name": 756, "source": {"coordinates": [212.31631469727, 277.98571777344, 154.8017578125, 123.34399414062]}, "seconds": 31.5, "object": "man", "type": "relation", "subject": "the hand"}, {"caption": "the man has a white", "predicate": "has", "target": {"coordinates": [252.18263244629, 283.24169921875, 53.180557250977, 55.276977539062]}, "name": 756, "source": {"coordinates": [212.31631469727, 277.98571777344, 154.8017578125, 123.34399414062]}, "seconds": 31.5, "object": "a white", "type": "relation", "subject": "the man"}, {"caption": "the hand on a man", "predicate": "on", "target": {"coordinates": [306.78948974609, -8.3683776855469, 394.91961669922, 420.84564208984]}, "name": 756, "source": {"coordinates": [212.31631469727, 277.98571777344, 154.8017578125, 123.34399414062]}, "seconds": 31.5, "object": "a man", "type": "relation", "subject": "the hand"}, {"caption": "the man wearing black shirt", "predicate": "wearing", "target": {"coordinates": [30.376602172852, 211.77130126953, 280.56951904297, 187.62884521484]}, "name": 756, "source": {"coordinates": [212.31631469727, 277.98571777344, 154.8017578125, 123.34399414062]}, "seconds": 31.5, "object": "black shirt", "type": "relation", "subject": "the man"}, {"caption": "the man wearing black shirt", "predicate": "wearing", "target": {"coordinates": [347.14752197266, 143.98524475098, 180.82995605469, 259.47491455078]}, "name": 756, "source": {"coordinates": [212.31631469727, 277.98571777344, 154.8017578125, 123.34399414062]}, "seconds": 31.5, "object": "black shirt", "type": "relation", "subject": "the man"}, {"caption": "the man has head", "predicate": "has", "target": {"coordinates": [111.51337432861, 263.19738769531, 55.586082458496, 61.144226074219]}, "name": 756, "source": {"coordinates": [212.31631469727, 277.98571777344, 154.8017578125, 123.34399414062]}, "seconds": 31.5, "object": "head", "type": "relation", "subject": "the man"}, {"caption": "the man wearing black shirt", "predicate": "wearing", "target": {"coordinates": [193.376953125, 27.186019897461, 158.20977783203, 143.87141418457]}, "name": 756, "source": {"coordinates": [212.31631469727, 277.98571777344, 154.8017578125, 123.34399414062]}, "seconds": 31.5, "object": "black shirt", "type": "relation", "subject": "the man"}, {"caption": "the man wearing black shirt", "predicate": "wearing", "target": {"coordinates": [72.721771240234, 6.1497955322266, 392.97125244141, 401.10430908203]}, "name": 756, "source": {"coordinates": [306.78948974609, -8.3683776855469, 394.91961669922, 420.84564208984]}, "seconds": 31.5, "object": "black shirt", "type": "relation", "subject": "the man"}, {"caption": "the man wearing black shirt", "predicate": "wearing", "target": {"coordinates": [252.18263244629, 283.24169921875, 53.180557250977, 55.276977539062]}, "name": 756, "source": {"coordinates": [306.78948974609, -8.3683776855469, 394.91961669922, 420.84564208984]}, "seconds": 31.5, "object": "black shirt", "type": "relation", "subject": "the man"}, {"caption": "the man wearing black shirt", "predicate": "wearing", "target": {"coordinates": [212.31631469727, 277.98571777344, 154.8017578125, 123.34399414062]}, "name": 756, "source": {"coordinates": [306.78948974609, -8.3683776855469, 394.91961669922, 420.84564208984]}, "seconds": 31.5, "object": "black shirt", "type": "relation", "subject": "the man"}, {"caption": "the man wearing black shirt", "predicate": "wearing", "target": {"coordinates": [30.376602172852, 211.77130126953, 280.56951904297, 187.62884521484]}, "name": 756, "source": {"coordinates": [306.78948974609, -8.3683776855469, 394.91961669922, 420.84564208984]}, "seconds": 31.5, "object": "black shirt", "type": "relation", "subject": "the man"}, {"caption": "the man has a black hair", "predicate": "has", "target": {"coordinates": [347.14752197266, 143.98524475098, 180.82995605469, 259.47491455078]}, "name": 756, "source": {"coordinates": [306.78948974609, -8.3683776855469, 394.91961669922, 420.84564208984]}, "seconds": 31.5, "object": "a black hair", "type": "relation", "subject": "the man"}, {"caption": "the man has head", "predicate": "has", "target": {"coordinates": [111.51337432861, 263.19738769531, 55.586082458496, 61.144226074219]}, "name": 756, "source": {"coordinates": [306.78948974609, -8.3683776855469, 394.91961669922, 420.84564208984]}, "seconds": 31.5, "object": "head", "type": "relation", "subject": "the man"}, {"caption": "the man wearing black shirt", "predicate": "wearing", "target": {"coordinates": [193.376953125, 27.186019897461, 158.20977783203, 143.87141418457]}, "name": 756, "source": {"coordinates": [306.78948974609, -8.3683776855469, 394.91961669922, 420.84564208984]}, "seconds": 31.5, "object": "black shirt", "type": "relation", "subject": "the man"}, {"caption": "the man wearing black shirt", "predicate": "wearing", "target": {"coordinates": [72.721771240234, 6.1497955322266, 392.97125244141, 401.10430908203]}, "name": 756, "source": {"coordinates": [30.376602172852, 211.77130126953, 280.56951904297, 187.62884521484]}, "seconds": 31.5, "object": "black shirt", "type": "relation", "subject": "the man"}, {"caption": "the man has a white", "predicate": "has", "target": {"coordinates": [252.18263244629, 283.24169921875, 53.180557250977, 55.276977539062]}, "name": 756, "source": {"coordinates": [30.376602172852, 211.77130126953, 280.56951904297, 187.62884521484]}, "seconds": 31.5, "object": "a white", "type": "relation", "subject": "the man"}, {"caption": "the man holding white frisbee", "predicate": "holding", "target": {"coordinates": [212.31631469727, 277.98571777344, 154.8017578125, 123.34399414062]}, "name": 756, "source": {"coordinates": [30.376602172852, 211.77130126953, 280.56951904297, 187.62884521484]}, "seconds": 31.5, "object": "white frisbee", "type": "relation", "subject": "the man"}, {"caption": "the man wearing black shirt", "predicate": "wearing", "target": {"coordinates": [306.78948974609, -8.3683776855469, 394.91961669922, 420.84564208984]}, "name": 756, "source": {"coordinates": [30.376602172852, 211.77130126953, 280.56951904297, 187.62884521484]}, "seconds": 31.5, "object": "black shirt", "type": "relation", "subject": "the man"}, {"caption": "the man wearing black shirt", "predicate": "wearing", "target": {"coordinates": [347.14752197266, 143.98524475098, 180.82995605469, 259.47491455078]}, "name": 756, "source": {"coordinates": [30.376602172852, 211.77130126953, 280.56951904297, 187.62884521484]}, "seconds": 31.5, "object": "black shirt", "type": "relation", "subject": "the man"}, {"caption": "the man wearing black shirt", "predicate": "wearing", "target": {"coordinates": [111.51337432861, 263.19738769531, 55.586082458496, 61.144226074219]}, "name": 756, "source": {"coordinates": [30.376602172852, 211.77130126953, 280.56951904297, 187.62884521484]}, "seconds": 31.5, "object": "black shirt", "type": "relation", "subject": "the man"}, {"caption": "the man wearing black shirt", "predicate": "wearing", "target": {"coordinates": [193.376953125, 27.186019897461, 158.20977783203, 143.87141418457]}, "name": 756, "source": {"coordinates": [30.376602172852, 211.77130126953, 280.56951904297, 187.62884521484]}, "seconds": 31.5, "object": "black shirt", "type": "relation", "subject": "the man"}, {"caption": "the man wearing black shirt", "predicate": "wearing", "target": {"coordinates": [72.721771240234, 6.1497955322266, 392.97125244141, 401.10430908203]}, "name": 756, "source": {"coordinates": [347.14752197266, 143.98524475098, 180.82995605469, 259.47491455078]}, "seconds": 31.5, "object": "black shirt", "type": "relation", "subject": "the man"}, {"caption": "the man has a white", "predicate": "has", "target": {"coordinates": [252.18263244629, 283.24169921875, 53.180557250977, 55.276977539062]}, "name": 756, "source": {"coordinates": [347.14752197266, 143.98524475098, 180.82995605469, 259.47491455078]}, "seconds": 31.5, "object": "a white", "type": "relation", "subject": "the man"}, {"caption": "the woman wearing white shirt", "predicate": "wearing", "target": {"coordinates": [212.31631469727, 277.98571777344, 154.8017578125, 123.34399414062]}, "name": 756, "source": {"coordinates": [347.14752197266, 143.98524475098, 180.82995605469, 259.47491455078]}, "seconds": 31.5, "object": "white shirt", "type": "relation", "subject": "the woman"}, {"caption": "the man wearing black shirt", "predicate": "wearing", "target": {"coordinates": [306.78948974609, -8.3683776855469, 394.91961669922, 420.84564208984]}, "name": 756, "source": {"coordinates": [347.14752197266, 143.98524475098, 180.82995605469, 259.47491455078]}, "seconds": 31.5, "object": "black shirt", "type": "relation", "subject": "the man"}, {"caption": "the man wearing black shirt", "predicate": "wearing", "target": {"coordinates": [30.376602172852, 211.77130126953, 280.56951904297, 187.62884521484]}, "name": 756, "source": {"coordinates": [347.14752197266, 143.98524475098, 180.82995605469, 259.47491455078]}, "seconds": 31.5, "object": "black shirt", "type": "relation", "subject": "the man"}, {"caption": "the man has head", "predicate": "has", "target": {"coordinates": [111.51337432861, 263.19738769531, 55.586082458496, 61.144226074219]}, "name": 756, "source": {"coordinates": [347.14752197266, 143.98524475098, 180.82995605469, 259.47491455078]}, "seconds": 31.5, "object": "head", "type": "relation", "subject": "the man"}, {"caption": "the hand on man", "predicate": "on", "target": {"coordinates": [193.376953125, 27.186019897461, 158.20977783203, 143.87141418457]}, "name": 756, "source": {"coordinates": [347.14752197266, 143.98524475098, 180.82995605469, 259.47491455078]}, "seconds": 31.5, "object": "man", "type": "relation", "subject": "the hand"}, {"caption": "the hand on man", "predicate": "on", "target": {"coordinates": [72.721771240234, 6.1497955322266, 392.97125244141, 401.10430908203]}, "name": 756, "source": {"coordinates": [111.51337432861, 263.19738769531, 55.586082458496, 61.144226074219]}, "seconds": 31.5, "object": "man", "type": "relation", "subject": "the hand"}, {"caption": "the hand on hand", "predicate": "on", "target": {"coordinates": [252.18263244629, 283.24169921875, 53.180557250977, 55.276977539062]}, "name": 756, "source": {"coordinates": [111.51337432861, 263.19738769531, 55.586082458496, 61.144226074219]}, "seconds": 31.5, "object": "hand", "type": "relation", "subject": "the hand"}, {"caption": "the hand on man", "predicate": "on", "target": {"coordinates": [212.31631469727, 277.98571777344, 154.8017578125, 123.34399414062]}, "name": 756, "source": {"coordinates": [111.51337432861, 263.19738769531, 55.586082458496, 61.144226074219]}, "seconds": 31.5, "object": "man", "type": "relation", "subject": "the hand"}, {"caption": "the hand on man", "predicate": "on", "target": {"coordinates": [306.78948974609, -8.3683776855469, 394.91961669922, 420.84564208984]}, "name": 756, "source": {"coordinates": [111.51337432861, 263.19738769531, 55.586082458496, 61.144226074219]}, "seconds": 31.5, "object": "man", "type": "relation", "subject": "the hand"}, {"caption": "the hand on head", "predicate": "on", "target": {"coordinates": [30.376602172852, 211.77130126953, 280.56951904297, 187.62884521484]}, "name": 756, "source": {"coordinates": [111.51337432861, 263.19738769531, 55.586082458496, 61.144226074219]}, "seconds": 31.5, "object": "head", "type": "relation", "subject": "the hand"}, {"caption": "the head of man", "predicate": "of", "target": {"coordinates": [347.14752197266, 143.98524475098, 180.82995605469, 259.47491455078]}, "name": 756, "source": {"coordinates": [111.51337432861, 263.19738769531, 55.586082458496, 61.144226074219]}, "seconds": 31.5, "object": "man", "type": "relation", "subject": "the head"}, {"caption": "the man wearing black shirt", "predicate": "wearing", "target": {"coordinates": [193.376953125, 27.186019897461, 158.20977783203, 143.87141418457]}, "name": 756, "source": {"coordinates": [111.51337432861, 263.19738769531, 55.586082458496, 61.144226074219]}, "seconds": 31.5, "object": "black shirt", "type": "relation", "subject": "the man"}, {"caption": "the man wearing black shirt", "predicate": "wearing", "target": {"coordinates": [72.721771240234, 6.1497955322266, 392.97125244141, 401.10430908203]}, "name": 756, "source": {"coordinates": [193.376953125, 27.186019897461, 158.20977783203, 143.87141418457]}, "seconds": 31.5, "object": "black shirt", "type": "relation", "subject": "the man"}, {"caption": "the man holding white", "predicate": "holding", "target": {"coordinates": [252.18263244629, 283.24169921875, 53.180557250977, 55.276977539062]}, "name": 756, "source": {"coordinates": [193.376953125, 27.186019897461, 158.20977783203, 143.87141418457]}, "seconds": 31.5, "object": "white", "type": "relation", "subject": "the man"}, {"caption": "the man holding white", "predicate": "holding", "target": {"coordinates": [212.31631469727, 277.98571777344, 154.8017578125, 123.34399414062]}, "name": 756, "source": {"coordinates": [193.376953125, 27.186019897461, 158.20977783203, 143.87141418457]}, "seconds": 31.5, "object": "white", "type": "relation", "subject": "the man"}, {"caption": "the man wearing black shirt", "predicate": "wearing", "target": {"coordinates": [306.78948974609, -8.3683776855469, 394.91961669922, 420.84564208984]}, "name": 756, "source": {"coordinates": [193.376953125, 27.186019897461, 158.20977783203, 143.87141418457]}, "seconds": 31.5, "object": "black shirt", "type": "relation", "subject": "the man"}, {"caption": "the man wearing black shirt", "predicate": "wearing", "target": {"coordinates": [30.376602172852, 211.77130126953, 280.56951904297, 187.62884521484]}, "name": 756, "source": {"coordinates": [193.376953125, 27.186019897461, 158.20977783203, 143.87141418457]}, "seconds": 31.5, "object": "black shirt", "type": "relation", "subject": "the man"}, {"caption": "the man wearing black shirt", "predicate": "wearing", "target": {"coordinates": [347.14752197266, 143.98524475098, 180.82995605469, 259.47491455078]}, "name": 756, "source": {"coordinates": [193.376953125, 27.186019897461, 158.20977783203, 143.87141418457]}, "seconds": 31.5, "object": "black shirt", "type": "relation", "subject": "the man"}, {"caption": "the man has a white", "predicate": "has", "target": {"coordinates": [111.51337432861, 263.19738769531, 55.586082458496, 61.144226074219]}, "name": 756, "source": {"coordinates": [193.376953125, 27.186019897461, 158.20977783203, 143.87141418457]}, "seconds": 31.5, "object": "a white", "type": "relation", "subject": "the man"}]