[{"caption": "the man wearing black shirt", "predicate": "wearing", "target": {"coordinates": [454.45330810547, 134.60665893555, 269.14758300781, 275.154296875]}, "name": 788, "source": {"coordinates": [171.68696594238, 21.782470703125, 381.07537841797, 380.67434692383]}, "seconds": 32.833333333333336, "object": "black shirt", "type": "relation", "subject": "the man"}, {"caption": "the man wearing white shirt", "predicate": "wearing", "target": {"coordinates": [86.290969848633, 177.76554870605, 289.87866210938, 221.94770812988]}, "name": 788, "source": {"coordinates": [171.68696594238, 21.782470703125, 381.07537841797, 380.67434692383]}, "seconds": 32.833333333333336, "object": "white shirt", "type": "relation", "subject": "the man"}, {"caption": "the man wearing black shirt", "predicate": "wearing", "target": {"coordinates": [3.1120986938477, 92.243255615234, 39.136901855469, 65.538269042969]}, "name": 788, "source": {"coordinates": [171.68696594238, 21.782470703125, 381.07537841797, 380.67434692383]}, "seconds": 32.833333333333336, "object": "black shirt", "type": "relation", "subject": "the man"}, {"caption": "the man wearing black shirt", "predicate": "wearing", "target": {"coordinates": [-4.3114776611328, 117.82667541504, 229.29191589355, 261.16864013672]}, "name": 788, "source": {"coordinates": [171.68696594238, 21.782470703125, 381.07537841797, 380.67434692383]}, "seconds": 32.833333333333336, "object": "black shirt", "type": "relation", "subject": "the man"}, {"caption": "the man wearing black shirt", "predicate": "wearing", "target": {"coordinates": [352.93423461914, 319.10537719727, 58.196655273438, 62.47216796875]}, "name": 788, "source": {"coordinates": [171.68696594238, 21.782470703125, 381.07537841797, 380.67434692383]}, "seconds": 32.833333333333336, "object": "black shirt", "type": "relation", "subject": "the man"}, {"caption": "the man wearing white shirt", "predicate": "wearing", "target": {"coordinates": [321.10650634766, 1.8200149536133, 410.72485351562, 188.01174926758]}, "name": 788, "source": {"coordinates": [171.68696594238, 21.782470703125, 381.07537841797, 380.67434692383]}, "seconds": 32.833333333333336, "object": "white shirt", "type": "relation", "subject": "the man"}, {"caption": "the man wearing black shirt", "predicate": "wearing", "target": {"coordinates": [-25.152145385742, 11.281845092773, 451.23815917969, 187.72583007812]}, "name": 788, "source": {"coordinates": [171.68696594238, 21.782470703125, 381.07537841797, 380.67434692383]}, "seconds": 32.833333333333336, "object": "black shirt", "type": "relation", "subject": "the man"}, {"caption": "the man wearing black shirt", "predicate": "wearing", "target": {"coordinates": [171.68696594238, 21.782470703125, 381.07537841797, 380.67434692383]}, "name": 788, "source": {"coordinates": [454.45330810547, 134.60665893555, 269.14758300781, 275.154296875]}, "seconds": 32.833333333333336, "object": "black shirt", "type": "relation", "subject": "the man"}, {"caption": "the man wearing white shirt", "predicate": "wearing", "target": {"coordinates": [86.290969848633, 177.76554870605, 289.87866210938, 221.94770812988]}, "name": 788, "source": {"coordinates": [454.45330810547, 134.60665893555, 269.14758300781, 275.154296875]}, "seconds": 32.833333333333336, "object": "white shirt", "type": "relation", "subject": "the man"}, {"caption": "the man wearing black shirt", "predicate": "wearing", "target": {"coordinates": [3.1120986938477, 92.243255615234, 39.136901855469, 65.538269042969]}, "name": 788, "source": {"coordinates": [454.45330810547, 134.60665893555, 269.14758300781, 275.154296875]}, "seconds": 32.833333333333336, "object": "black shirt", "type": "relation", "subject": "the man"}, {"caption": "the man wearing black shirt", "predicate": "wearing", "target": {"coordinates": [-4.3114776611328, 117.82667541504, 229.29191589355, 261.16864013672]}, "name": 788, "source": {"coordinates": [454.45330810547, 134.60665893555, 269.14758300781, 275.154296875]}, "seconds": 32.833333333333336, "object": "black shirt", "type": "relation", "subject": "the man"}, {"caption": "the man wearing black shirt", "predicate": "wearing", "target": {"coordinates": [352.93423461914, 319.10537719727, 58.196655273438, 62.47216796875]}, "name": 788, "source": {"coordinates": [454.45330810547, 134.60665893555, 269.14758300781, 275.154296875]}, "seconds": 32.833333333333336, "object": "black shirt", "type": "relation", "subject": "the man"}, {"caption": "the man wearing black shirt", "predicate": "wearing", "target": {"coordinates": [321.10650634766, 1.8200149536133, 410.72485351562, 188.01174926758]}, "name": 788, "source": {"coordinates": [454.45330810547, 134.60665893555, 269.14758300781, 275.154296875]}, "seconds": 32.833333333333336, "object": "black shirt", "type": "relation", "subject": "the man"}, {"caption": "the man wearing black shirt", "predicate": "wearing", "target": {"coordinates": [-25.152145385742, 11.281845092773, 451.23815917969, 187.72583007812]}, "name": 788, "source": {"coordinates": [454.45330810547, 134.60665893555, 269.14758300781, 275.154296875]}, "seconds": 32.833333333333336, "object": "black shirt", "type": "relation", "subject": "the man"}, {"caption": "the man wearing black shirt", "predicate": "wearing", "target": {"coordinates": [171.68696594238, 21.782470703125, 381.07537841797, 380.67434692383]}, "name": 788, "source": {"coordinates": [86.290969848633, 177.76554870605, 289.87866210938, 221.94770812988]}, "seconds": 32.833333333333336, "object": "black shirt", "type": "relation", "subject": "the man"}, {"caption": "the man wearing black shirt", "predicate": "wearing", "target": {"coordinates": [454.45330810547, 134.60665893555, 269.14758300781, 275.154296875]}, "name": 788, "source": {"coordinates": [86.290969848633, 177.76554870605, 289.87866210938, 221.94770812988]}, "seconds": 32.833333333333336, "object": "black shirt", "type": "relation", "subject": "the man"}, {"caption": "the man wearing black shirt", "predicate": "wearing", "target": {"coordinates": [3.1120986938477, 92.243255615234, 39.136901855469, 65.538269042969]}, "name": 788, "source": {"coordinates": [86.290969848633, 177.76554870605, 289.87866210938, 221.94770812988]}, "seconds": 32.833333333333336, "object": "black shirt", "type": "relation", "subject": "the man"}, {"caption": "the man wearing black shirt", "predicate": "wearing", "target": {"coordinates": [-4.3114776611328, 117.82667541504, 229.29191589355, 261.16864013672]}, "name": 788, "source": {"coordinates": [86.290969848633, 177.76554870605, 289.87866210938, 221.94770812988]}, "seconds": 32.833333333333336, "object": "black shirt", "type": "relation", "subject": "the man"}, {"caption": "the man in room", "predicate": "in", "target": {"coordinates": [352.93423461914, 319.10537719727, 58.196655273438, 62.47216796875]}, "name": 788, "source": {"coordinates": [86.290969848633, 177.76554870605, 289.87866210938, 221.94770812988]}, "seconds": 32.833333333333336, "object": "room", "type": "relation", "subject": "the man"}, {"caption": "the man wearing black shirt", "predicate": "wearing", "target": {"coordinates": [321.10650634766, 1.8200149536133, 410.72485351562, 188.01174926758]}, "name": 788, "source": {"coordinates": [86.290969848633, 177.76554870605, 289.87866210938, 221.94770812988]}, "seconds": 32.833333333333336, "object": "black shirt", "type": "relation", "subject": "the man"}, {"caption": "the window on wall", "predicate": "on", "target": {"coordinates": [-25.152145385742, 11.281845092773, 451.23815917969, 187.72583007812]}, "name": 788, "source": {"coordinates": [86.290969848633, 177.76554870605, 289.87866210938, 221.94770812988]}, "seconds": 32.833333333333336, "object": "wall", "type": "relation", "subject": "the window"}, {"caption": "the window on wall", "predicate": "on", "target": {"coordinates": [171.68696594238, 21.782470703125, 381.07537841797, 380.67434692383]}, "name": 788, "source": {"coordinates": [3.1120986938477, 92.243255615234, 39.136901855469, 65.538269042969]}, "seconds": 32.833333333333336, "object": "wall", "type": "relation", "subject": "the window"}, {"caption": "the window on wall", "predicate": "on", "target": {"coordinates": [454.45330810547, 134.60665893555, 269.14758300781, 275.154296875]}, "name": 788, "source": {"coordinates": [3.1120986938477, 92.243255615234, 39.136901855469, 65.538269042969]}, "seconds": 32.833333333333336, "object": "wall", "type": "relation", "subject": "the window"}, {"caption": "the window on wall", "predicate": "on", "target": {"coordinates": [86.290969848633, 177.76554870605, 289.87866210938, 221.94770812988]}, "name": 788, "source": {"coordinates": [3.1120986938477, 92.243255615234, 39.136901855469, 65.538269042969]}, "seconds": 32.833333333333336, "object": "wall", "type": "relation", "subject": "the window"}, {"caption": "the window on wall", "predicate": "on", "target": {"coordinates": [-4.3114776611328, 117.82667541504, 229.29191589355, 261.16864013672]}, "name": 788, "source": {"coordinates": [3.1120986938477, 92.243255615234, 39.136901855469, 65.538269042969]}, "seconds": 32.833333333333336, "object": "wall", "type": "relation", "subject": "the window"}, {"caption": "the window on wall", "predicate": "on", "target": {"coordinates": [352.93423461914, 319.10537719727, 58.196655273438, 62.47216796875]}, "name": 788, "source": {"coordinates": [3.1120986938477, 92.243255615234, 39.136901855469, 65.538269042969]}, "seconds": 32.833333333333336, "object": "wall", "type": "relation", "subject": "the window"}, {"caption": "the window on wall", "predicate": "on", "target": {"coordinates": [321.10650634766, 1.8200149536133, 410.72485351562, 188.01174926758]}, "name": 788, "source": {"coordinates": [3.1120986938477, 92.243255615234, 39.136901855469, 65.538269042969]}, "seconds": 32.833333333333336, "object": "wall", "type": "relation", "subject": "the window"}, {"caption": "the man wearing black shirt", "predicate": "wearing", "target": {"coordinates": [-25.152145385742, 11.281845092773, 451.23815917969, 187.72583007812]}, "name": 788, "source": {"coordinates": [3.1120986938477, 92.243255615234, 39.136901855469, 65.538269042969]}, "seconds": 32.833333333333336, "object": "black shirt", "type": "relation", "subject": "the man"}, {"caption": "the man wearing black shirt", "predicate": "wearing", "target": {"coordinates": [171.68696594238, 21.782470703125, 381.07537841797, 380.67434692383]}, "name": 788, "source": {"coordinates": [-4.3114776611328, 117.82667541504, 229.29191589355, 261.16864013672]}, "seconds": 32.833333333333336, "object": "black shirt", "type": "relation", "subject": "the man"}, {"caption": "the man wearing black shirt", "predicate": "wearing", "target": {"coordinates": [454.45330810547, 134.60665893555, 269.14758300781, 275.154296875]}, "name": 788, "source": {"coordinates": [-4.3114776611328, 117.82667541504, 229.29191589355, 261.16864013672]}, "seconds": 32.833333333333336, "object": "black shirt", "type": "relation", "subject": "the man"}, {"caption": "the man wearing black shirt", "predicate": "wearing", "target": {"coordinates": [86.290969848633, 177.76554870605, 289.87866210938, 221.94770812988]}, "name": 788, "source": {"coordinates": [-4.3114776611328, 117.82667541504, 229.29191589355, 261.16864013672]}, "seconds": 32.833333333333336, "object": "black shirt", "type": "relation", "subject": "the man"}, {"caption": "the man wearing black shirt", "predicate": "wearing", "target": {"coordinates": [3.1120986938477, 92.243255615234, 39.136901855469, 65.538269042969]}, "name": 788, "source": {"coordinates": [-4.3114776611328, 117.82667541504, 229.29191589355, 261.16864013672]}, "seconds": 32.833333333333336, "object": "black shirt", "type": "relation", "subject": "the man"}, {"caption": "the man in room", "predicate": "in", "target": {"coordinates": [352.93423461914, 319.10537719727, 58.196655273438, 62.47216796875]}, "name": 788, "source": {"coordinates": [-4.3114776611328, 117.82667541504, 229.29191589355, 261.16864013672]}, "seconds": 32.833333333333336, "object": "room", "type": "relation", "subject": "the man"}, {"caption": "the man wearing black shirt", "predicate": "wearing", "target": {"coordinates": [321.10650634766, 1.8200149536133, 410.72485351562, 188.01174926758]}, "name": 788, "source": {"coordinates": [-4.3114776611328, 117.82667541504, 229.29191589355, 261.16864013672]}, "seconds": 32.833333333333336, "object": "black shirt", "type": "relation", "subject": "the man"}, {"caption": "the hand on man", "predicate": "on", "target": {"coordinates": [-25.152145385742, 11.281845092773, 451.23815917969, 187.72583007812]}, "name": 788, "source": {"coordinates": [-4.3114776611328, 117.82667541504, 229.29191589355, 261.16864013672]}, "seconds": 32.833333333333336, "object": "man", "type": "relation", "subject": "the hand"}, {"caption": "the hand on man", "predicate": "on", "target": {"coordinates": [171.68696594238, 21.782470703125, 381.07537841797, 380.67434692383]}, "name": 788, "source": {"coordinates": [352.93423461914, 319.10537719727, 58.196655273438, 62.47216796875]}, "seconds": 32.833333333333336, "object": "man", "type": "relation", "subject": "the hand"}, {"caption": "the hand on man", "predicate": "on", "target": {"coordinates": [454.45330810547, 134.60665893555, 269.14758300781, 275.154296875]}, "name": 788, "source": {"coordinates": [352.93423461914, 319.10537719727, 58.196655273438, 62.47216796875]}, "seconds": 32.833333333333336, "object": "man", "type": "relation", "subject": "the hand"}, {"caption": "the hand on man", "predicate": "on", "target": {"coordinates": [86.290969848633, 177.76554870605, 289.87866210938, 221.94770812988]}, "name": 788, "source": {"coordinates": [352.93423461914, 319.10537719727, 58.196655273438, 62.47216796875]}, "seconds": 32.833333333333336, "object": "man", "type": "relation", "subject": "the hand"}, {"caption": "the hand on man", "predicate": "on", "target": {"coordinates": [3.1120986938477, 92.243255615234, 39.136901855469, 65.538269042969]}, "name": 788, "source": {"coordinates": [352.93423461914, 319.10537719727, 58.196655273438, 62.47216796875]}, "seconds": 32.833333333333336, "object": "man", "type": "relation", "subject": "the hand"}, {"caption": "the hand on man", "predicate": "on", "target": {"coordinates": [-4.3114776611328, 117.82667541504, 229.29191589355, 261.16864013672]}, "name": 788, "source": {"coordinates": [352.93423461914, 319.10537719727, 58.196655273438, 62.47216796875]}, "seconds": 32.833333333333336, "object": "man", "type": "relation", "subject": "the hand"}, {"caption": "the hand on man", "predicate": "on", "target": {"coordinates": [321.10650634766, 1.8200149536133, 410.72485351562, 188.01174926758]}, "name": 788, "source": {"coordinates": [352.93423461914, 319.10537719727, 58.196655273438, 62.47216796875]}, "seconds": 32.833333333333336, "object": "man", "type": "relation", "subject": "the hand"}, {"caption": "the man wearing black shirt", "predicate": "wearing", "target": {"coordinates": [-25.152145385742, 11.281845092773, 451.23815917969, 187.72583007812]}, "name": 788, "source": {"coordinates": [352.93423461914, 319.10537719727, 58.196655273438, 62.47216796875]}, "seconds": 32.833333333333336, "object": "black shirt", "type": "relation", "subject": "the man"}, {"caption": "the man wearing black shirt", "predicate": "wearing", "target": {"coordinates": [171.68696594238, 21.782470703125, 381.07537841797, 380.67434692383]}, "name": 788, "source": {"coordinates": [321.10650634766, 1.8200149536133, 410.72485351562, 188.01174926758]}, "seconds": 32.833333333333336, "object": "black shirt", "type": "relation", "subject": "the man"}, {"caption": "the man in room", "predicate": "in", "target": {"coordinates": [454.45330810547, 134.60665893555, 269.14758300781, 275.154296875]}, "name": 788, "source": {"coordinates": [321.10650634766, 1.8200149536133, 410.72485351562, 188.01174926758]}, "seconds": 32.833333333333336, "object": "room", "type": "relation", "subject": "the man"}, {"caption": "the man wearing black shirt", "predicate": "wearing", "target": {"coordinates": [86.290969848633, 177.76554870605, 289.87866210938, 221.94770812988]}, "name": 788, "source": {"coordinates": [321.10650634766, 1.8200149536133, 410.72485351562, 188.01174926758]}, "seconds": 32.833333333333336, "object": "black shirt", "type": "relation", "subject": "the man"}, {"caption": "the man wearing black shirt", "predicate": "wearing", "target": {"coordinates": [3.1120986938477, 92.243255615234, 39.136901855469, 65.538269042969]}, "name": 788, "source": {"coordinates": [321.10650634766, 1.8200149536133, 410.72485351562, 188.01174926758]}, "seconds": 32.833333333333336, "object": "black shirt", "type": "relation", "subject": "the man"}, {"caption": "the man wearing black shirt", "predicate": "wearing", "target": {"coordinates": [-4.3114776611328, 117.82667541504, 229.29191589355, 261.16864013672]}, "name": 788, "source": {"coordinates": [321.10650634766, 1.8200149536133, 410.72485351562, 188.01174926758]}, "seconds": 32.833333333333336, "object": "black shirt", "type": "relation", "subject": "the man"}, {"caption": "the man wearing black shirt", "predicate": "wearing", "target": {"coordinates": [352.93423461914, 319.10537719727, 58.196655273438, 62.47216796875]}, "name": 788, "source": {"coordinates": [321.10650634766, 1.8200149536133, 410.72485351562, 188.01174926758]}, "seconds": 32.833333333333336, "object": "black shirt", "type": "relation", "subject": "the man"}, {"caption": "the man wearing black shirt", "predicate": "wearing", "target": {"coordinates": [-25.152145385742, 11.281845092773, 451.23815917969, 187.72583007812]}, "name": 788, "source": {"coordinates": [321.10650634766, 1.8200149536133, 410.72485351562, 188.01174926758]}, "seconds": 32.833333333333336, "object": "black shirt", "type": "relation", "subject": "the man"}, {"caption": "the man wearing black shirt", "predicate": "wearing", "target": {"coordinates": [171.68696594238, 21.782470703125, 381.07537841797, 380.67434692383]}, "name": 788, "source": {"coordinates": [-25.152145385742, 11.281845092773, 451.23815917969, 187.72583007812]}, "seconds": 32.833333333333336, "object": "black shirt", "type": "relation", "subject": "the man"}, {"caption": "the man in room", "predicate": "in", "target": {"coordinates": [454.45330810547, 134.60665893555, 269.14758300781, 275.154296875]}, "name": 788, "source": {"coordinates": [-25.152145385742, 11.281845092773, 451.23815917969, 187.72583007812]}, "seconds": 32.833333333333336, "object": "room", "type": "relation", "subject": "the man"}, {"caption": "the man wearing black shirt", "predicate": "wearing", "target": {"coordinates": [86.290969848633, 177.76554870605, 289.87866210938, 221.94770812988]}, "name": 788, "source": {"coordinates": [-25.152145385742, 11.281845092773, 451.23815917969, 187.72583007812]}, "seconds": 32.833333333333336, "object": "black shirt", "type": "relation", "subject": "the man"}, {"caption": "the man wearing black shirt", "predicate": "wearing", "target": {"coordinates": [3.1120986938477, 92.243255615234, 39.136901855469, 65.538269042969]}, "name": 788, "source": {"coordinates": [-25.152145385742, 11.281845092773, 451.23815917969, 187.72583007812]}, "seconds": 32.833333333333336, "object": "black shirt", "type": "relation", "subject": "the man"}, {"caption": "the man wearing black shirt", "predicate": "wearing", "target": {"coordinates": [-4.3114776611328, 117.82667541504, 229.29191589355, 261.16864013672]}, "name": 788, "source": {"coordinates": [-25.152145385742, 11.281845092773, 451.23815917969, 187.72583007812]}, "seconds": 32.833333333333336, "object": "black shirt", "type": "relation", "subject": "the man"}, {"caption": "the man wearing black shirt", "predicate": "wearing", "target": {"coordinates": [352.93423461914, 319.10537719727, 58.196655273438, 62.47216796875]}, "name": 788, "source": {"coordinates": [-25.152145385742, 11.281845092773, 451.23815917969, 187.72583007812]}, "seconds": 32.833333333333336, "object": "black shirt", "type": "relation", "subject": "the man"}, {"caption": "the man wearing black shirt", "predicate": "wearing", "target": {"coordinates": [321.10650634766, 1.8200149536133, 410.72485351562, 188.01174926758]}, "name": 788, "source": {"coordinates": [-25.152145385742, 11.281845092773, 451.23815917969, 187.72583007812]}, "seconds": 32.833333333333336, "object": "black shirt", "type": "relation", "subject": "the man"}]