[{"caption": "the man wearing white shirt", "predicate": "wearing", "target": {"coordinates": [-10.99715423584, 2.7173614501953, 246.67254638672, 400.78472900391]}, "name": 1119, "source": {"coordinates": [266.57531738281, 7.3450775146484, 405.97595214844, 393.84002685547]}, "seconds": 46.625, "object": "white shirt", "type": "relation", "subject": "the man"}, {"caption": "the man wearing black shirt", "predicate": "wearing", "target": {"coordinates": [214.23648071289, 182.80972290039, 285.15356445312, 223.34820556641]}, "name": 1119, "source": {"coordinates": [266.57531738281, 7.3450775146484, 405.97595214844, 393.84002685547]}, "seconds": 46.625, "object": "black shirt", "type": "relation", "subject": "the man"}, {"caption": "the man has a white shirt", "predicate": "has", "target": {"coordinates": [432.33688354492, 24.907371520996, 158.59902954102, 160.38177490234]}, "name": 1119, "source": {"coordinates": [266.57531738281, 7.3450775146484, 405.97595214844, 393.84002685547]}, "seconds": 46.625, "object": "a white shirt", "type": "relation", "subject": "the man"}, {"caption": "the man wearing white shirt", "predicate": "wearing", "target": {"coordinates": [680.02307128906, 26.736778259277, 39.188598632812, 56.194198608398]}, "name": 1119, "source": {"coordinates": [266.57531738281, 7.3450775146484, 405.97595214844, 393.84002685547]}, "seconds": 46.625, "object": "white shirt", "type": "relation", "subject": "the man"}, {"caption": "the man wearing white shirt", "predicate": "wearing", "target": {"coordinates": [680.83551025391, 59.302947998047, 38.691650390625, 55.126693725586]}, "name": 1119, "source": {"coordinates": [266.57531738281, 7.3450775146484, 405.97595214844, 393.84002685547]}, "seconds": 46.625, "object": "white shirt", "type": "relation", "subject": "the man"}, {"caption": "the man wearing white shirt", "predicate": "wearing", "target": {"coordinates": [266.57531738281, 7.3450775146484, 405.97595214844, 393.84002685547]}, "name": 1119, "source": {"coordinates": [-10.99715423584, 2.7173614501953, 246.67254638672, 400.78472900391]}, "seconds": 46.625, "object": "white shirt", "type": "relation", "subject": "the man"}, {"caption": "the man wearing black shirt", "predicate": "wearing", "target": {"coordinates": [214.23648071289, 182.80972290039, 285.15356445312, 223.34820556641]}, "name": 1119, "source": {"coordinates": [-10.99715423584, 2.7173614501953, 246.67254638672, 400.78472900391]}, "seconds": 46.625, "object": "black shirt", "type": "relation", "subject": "the man"}, {"caption": "the man has white shirt", "predicate": "has", "target": {"coordinates": [432.33688354492, 24.907371520996, 158.59902954102, 160.38177490234]}, "name": 1119, "source": {"coordinates": [-10.99715423584, 2.7173614501953, 246.67254638672, 400.78472900391]}, "seconds": 46.625, "object": "white shirt", "type": "relation", "subject": "the man"}, {"caption": "the man wearing white shirt", "predicate": "wearing", "target": {"coordinates": [680.02307128906, 26.736778259277, 39.188598632812, 56.194198608398]}, "name": 1119, "source": {"coordinates": [-10.99715423584, 2.7173614501953, 246.67254638672, 400.78472900391]}, "seconds": 46.625, "object": "white shirt", "type": "relation", "subject": "the man"}, {"caption": "the man wearing white shirt", "predicate": "wearing", "target": {"coordinates": [680.83551025391, 59.302947998047, 38.691650390625, 55.126693725586]}, "name": 1119, "source": {"coordinates": [-10.99715423584, 2.7173614501953, 246.67254638672, 400.78472900391]}, "seconds": 46.625, "object": "white shirt", "type": "relation", "subject": "the man"}, {"caption": "the man wearing white shirt", "predicate": "wearing", "target": {"coordinates": [266.57531738281, 7.3450775146484, 405.97595214844, 393.84002685547]}, "name": 1119, "source": {"coordinates": [214.23648071289, 182.80972290039, 285.15356445312, 223.34820556641]}, "seconds": 46.625, "object": "white shirt", "type": "relation", "subject": "the man"}, {"caption": "the man wearing white shirt", "predicate": "wearing", "target": {"coordinates": [-10.99715423584, 2.7173614501953, 246.67254638672, 400.78472900391]}, "name": 1119, "source": {"coordinates": [214.23648071289, 182.80972290039, 285.15356445312, 223.34820556641]}, "seconds": 46.625, "object": "white shirt", "type": "relation", "subject": "the man"}, {"caption": "the man wearing white shirt", "predicate": "wearing", "target": {"coordinates": [432.33688354492, 24.907371520996, 158.59902954102, 160.38177490234]}, "name": 1119, "source": {"coordinates": [214.23648071289, 182.80972290039, 285.15356445312, 223.34820556641]}, "seconds": 46.625, "object": "white shirt", "type": "relation", "subject": "the man"}, {"caption": "the woman wearing white shirt", "predicate": "wearing", "target": {"coordinates": [680.02307128906, 26.736778259277, 39.188598632812, 56.194198608398]}, "name": 1119, "source": {"coordinates": [214.23648071289, 182.80972290039, 285.15356445312, 223.34820556641]}, "seconds": 46.625, "object": "white shirt", "type": "relation", "subject": "the woman"}, {"caption": "the man in a white shirt", "predicate": "in", "target": {"coordinates": [680.83551025391, 59.302947998047, 38.691650390625, 55.126693725586]}, "name": 1119, "source": {"coordinates": [214.23648071289, 182.80972290039, 285.15356445312, 223.34820556641]}, "seconds": 46.625, "object": "a white shirt", "type": "relation", "subject": "the man"}, {"caption": "the man in a white shirt", "predicate": "in", "target": {"coordinates": [266.57531738281, 7.3450775146484, 405.97595214844, 393.84002685547]}, "name": 1119, "source": {"coordinates": [432.33688354492, 24.907371520996, 158.59902954102, 160.38177490234]}, "seconds": 46.625, "object": "a white shirt", "type": "relation", "subject": "the man"}, {"caption": "the man in a white shirt", "predicate": "in", "target": {"coordinates": [-10.99715423584, 2.7173614501953, 246.67254638672, 400.78472900391]}, "name": 1119, "source": {"coordinates": [432.33688354492, 24.907371520996, 158.59902954102, 160.38177490234]}, "seconds": 46.625, "object": "a white shirt", "type": "relation", "subject": "the man"}, {"caption": "the man wearing black shirt", "predicate": "wearing", "target": {"coordinates": [214.23648071289, 182.80972290039, 285.15356445312, 223.34820556641]}, "name": 1119, "source": {"coordinates": [432.33688354492, 24.907371520996, 158.59902954102, 160.38177490234]}, "seconds": 46.625, "object": "black shirt", "type": "relation", "subject": "the man"}, {"caption": "the woman wearing white shirt", "predicate": "wearing", "target": {"coordinates": [680.02307128906, 26.736778259277, 39.188598632812, 56.194198608398]}, "name": 1119, "source": {"coordinates": [432.33688354492, 24.907371520996, 158.59902954102, 160.38177490234]}, "seconds": 46.625, "object": "white shirt", "type": "relation", "subject": "the woman"}, {"caption": "the light on wall", "predicate": "on", "target": {"coordinates": [680.83551025391, 59.302947998047, 38.691650390625, 55.126693725586]}, "name": 1119, "source": {"coordinates": [432.33688354492, 24.907371520996, 158.59902954102, 160.38177490234]}, "seconds": 46.625, "object": "wall", "type": "relation", "subject": "the light"}, {"caption": "the light on wall", "predicate": "on", "target": {"coordinates": [266.57531738281, 7.3450775146484, 405.97595214844, 393.84002685547]}, "name": 1119, "source": {"coordinates": [680.02307128906, 26.736778259277, 39.188598632812, 56.194198608398]}, "seconds": 46.625, "object": "wall", "type": "relation", "subject": "the light"}, {"caption": "the light on wall", "predicate": "on", "target": {"coordinates": [-10.99715423584, 2.7173614501953, 246.67254638672, 400.78472900391]}, "name": 1119, "source": {"coordinates": [680.02307128906, 26.736778259277, 39.188598632812, 56.194198608398]}, "seconds": 46.625, "object": "wall", "type": "relation", "subject": "the light"}, {"caption": "the man wearing black shirt", "predicate": "wearing", "target": {"coordinates": [214.23648071289, 182.80972290039, 285.15356445312, 223.34820556641]}, "name": 1119, "source": {"coordinates": [680.02307128906, 26.736778259277, 39.188598632812, 56.194198608398]}, "seconds": 46.625, "object": "black shirt", "type": "relation", "subject": "the man"}, {"caption": "the light on wall", "predicate": "on", "target": {"coordinates": [432.33688354492, 24.907371520996, 158.59902954102, 160.38177490234]}, "name": 1119, "source": {"coordinates": [680.02307128906, 26.736778259277, 39.188598632812, 56.194198608398]}, "seconds": 46.625, "object": "wall", "type": "relation", "subject": "the light"}, {"caption": "the light on wall", "predicate": "on", "target": {"coordinates": [680.83551025391, 59.302947998047, 38.691650390625, 55.126693725586]}, "name": 1119, "source": {"coordinates": [680.02307128906, 26.736778259277, 39.188598632812, 56.194198608398]}, "seconds": 46.625, "object": "wall", "type": "relation", "subject": "the light"}, {"caption": "the light on wall", "predicate": "on", "target": {"coordinates": [266.57531738281, 7.3450775146484, 405.97595214844, 393.84002685547]}, "name": 1119, "source": {"coordinates": [680.83551025391, 59.302947998047, 38.691650390625, 55.126693725586]}, "seconds": 46.625, "object": "wall", "type": "relation", "subject": "the light"}, {"caption": "the light on wall", "predicate": "on", "target": {"coordinates": [-10.99715423584, 2.7173614501953, 246.67254638672, 400.78472900391]}, "name": 1119, "source": {"coordinates": [680.83551025391, 59.302947998047, 38.691650390625, 55.126693725586]}, "seconds": 46.625, "object": "wall", "type": "relation", "subject": "the light"}, {"caption": "the man wearing white shirt", "predicate": "wearing", "target": {"coordinates": [214.23648071289, 182.80972290039, 285.15356445312, 223.34820556641]}, "name": 1119, "source": {"coordinates": [680.83551025391, 59.302947998047, 38.691650390625, 55.126693725586]}, "seconds": 46.625, "object": "white shirt", "type": "relation", "subject": "the man"}, {"caption": "the light on wall", "predicate": "on", "target": {"coordinates": [432.33688354492, 24.907371520996, 158.59902954102, 160.38177490234]}, "name": 1119, "source": {"coordinates": [680.83551025391, 59.302947998047, 38.691650390625, 55.126693725586]}, "seconds": 46.625, "object": "wall", "type": "relation", "subject": "the light"}, {"caption": "the light on white shirt", "predicate": "on", "target": {"coordinates": [680.02307128906, 26.736778259277, 39.188598632812, 56.194198608398]}, "name": 1119, "source": {"coordinates": [680.83551025391, 59.302947998047, 38.691650390625, 55.126693725586]}, "seconds": 46.625, "object": "white shirt", "type": "relation", "subject": "the light"}]