[{"caption": "the man wearing white shirt", "predicate": "wearing", "target": {"coordinates": [138.70126342773, 11.112030029297, 201.79656982422, 365.9748840332]}, "name": 1461, "source": {"coordinates": [-17.288604736328, 106.84498596191, 714.58117675781, 305.76721191406]}, "seconds": 60.875, "object": "white shirt", "type": "relation", "subject": "the man"}, {"caption": "the man wearing white shirt", "predicate": "wearing", "target": {"coordinates": [-7.6306610107422, 1.1324081420898, 520.61138916016, 192.50228881836]}, "name": 1461, "source": {"coordinates": [-17.288604736328, 106.84498596191, 714.58117675781, 305.76721191406]}, "seconds": 60.875, "object": "white shirt", "type": "relation", "subject": "the man"}, {"caption": "the man in room", "predicate": "in", "target": {"coordinates": [3.8508987426758, 39.37109375, 203.53048706055, 362.1318359375]}, "name": 1461, "source": {"coordinates": [-17.288604736328, 106.84498596191, 714.58117675781, 305.76721191406]}, "seconds": 60.875, "object": "room", "type": "relation", "subject": "the man"}, {"caption": "the man wearing black hat", "predicate": "wearing", "target": {"coordinates": [499.27960205078, -14.561920166016, 206.78149414062, 411.40908813477]}, "name": 1461, "source": {"coordinates": [-17.288604736328, 106.84498596191, 714.58117675781, 305.76721191406]}, "seconds": 60.875, "object": "black hat", "type": "relation", "subject": "the man"}, {"caption": "the man wearing black shirt", "predicate": "wearing", "target": {"coordinates": [180.10186767578, 42.420600891113, 143.70391845703, 131.7702331543]}, "name": 1461, "source": {"coordinates": [-17.288604736328, 106.84498596191, 714.58117675781, 305.76721191406]}, "seconds": 60.875, "object": "black shirt", "type": "relation", "subject": "the man"}, {"caption": "the man wearing black shirt", "predicate": "wearing", "target": {"coordinates": [267.65496826172, 68.969085693359, 195.69189453125, 318.46734619141]}, "name": 1461, "source": {"coordinates": [-17.288604736328, 106.84498596191, 714.58117675781, 305.76721191406]}, "seconds": 60.875, "object": "black shirt", "type": "relation", "subject": "the man"}, {"caption": "the man wearing black shirt", "predicate": "wearing", "target": {"coordinates": [456.3649597168, 324.53274536133, 139.36819458008, 81.918884277344]}, "name": 1461, "source": {"coordinates": [-17.288604736328, 106.84498596191, 714.58117675781, 305.76721191406]}, "seconds": 60.875, "object": "black shirt", "type": "relation", "subject": "the man"}, {"caption": "the man wearing black shirt", "predicate": "wearing", "target": {"coordinates": [2.0741577148438, 114.95483398438, 42.395286560059, 54.138916015625]}, "name": 1461, "source": {"coordinates": [-17.288604736328, 106.84498596191, 714.58117675781, 305.76721191406]}, "seconds": 60.875, "object": "black shirt", "type": "relation", "subject": "the man"}, {"caption": "the man wearing black shirt", "predicate": "wearing", "target": {"coordinates": [-17.288604736328, 106.84498596191, 714.58117675781, 305.76721191406]}, "name": 1461, "source": {"coordinates": [138.70126342773, 11.112030029297, 201.79656982422, 365.9748840332]}, "seconds": 60.875, "object": "black shirt", "type": "relation", "subject": "the man"}, {"caption": "the woman wearing white shirt", "predicate": "wearing", "target": {"coordinates": [-7.6306610107422, 1.1324081420898, 520.61138916016, 192.50228881836]}, "name": 1461, "source": {"coordinates": [138.70126342773, 11.112030029297, 201.79656982422, 365.9748840332]}, "seconds": 60.875, "object": "white shirt", "type": "relation", "subject": "the woman"}, {"caption": "the woman wearing white shirt", "predicate": "wearing", "target": {"coordinates": [3.8508987426758, 39.37109375, 203.53048706055, 362.1318359375]}, "name": 1461, "source": {"coordinates": [138.70126342773, 11.112030029297, 201.79656982422, 365.9748840332]}, "seconds": 60.875, "object": "white shirt", "type": "relation", "subject": "the woman"}, {"caption": "the man wearing white shirt", "predicate": "wearing", "target": {"coordinates": [499.27960205078, -14.561920166016, 206.78149414062, 411.40908813477]}, "name": 1461, "source": {"coordinates": [138.70126342773, 11.112030029297, 201.79656982422, 365.9748840332]}, "seconds": 60.875, "object": "white shirt", "type": "relation", "subject": "the man"}, {"caption": "the man wearing black shirt", "predicate": "wearing", "target": {"coordinates": [180.10186767578, 42.420600891113, 143.70391845703, 131.7702331543]}, "name": 1461, "source": {"coordinates": [138.70126342773, 11.112030029297, 201.79656982422, 365.9748840332]}, "seconds": 60.875, "object": "black shirt", "type": "relation", "subject": "the man"}, {"caption": "the man wearing black shirt", "predicate": "wearing", "target": {"coordinates": [267.65496826172, 68.969085693359, 195.69189453125, 318.46734619141]}, "name": 1461, "source": {"coordinates": [138.70126342773, 11.112030029297, 201.79656982422, 365.9748840332]}, "seconds": 60.875, "object": "black shirt", "type": "relation", "subject": "the man"}, {"caption": "the man wearing black hat", "predicate": "wearing", "target": {"coordinates": [456.3649597168, 324.53274536133, 139.36819458008, 81.918884277344]}, "name": 1461, "source": {"coordinates": [138.70126342773, 11.112030029297, 201.79656982422, 365.9748840332]}, "seconds": 60.875, "object": "black hat", "type": "relation", "subject": "the man"}, {"caption": "the man wearing white shirt", "predicate": "wearing", "target": {"coordinates": [2.0741577148438, 114.95483398438, 42.395286560059, 54.138916015625]}, "name": 1461, "source": {"coordinates": [138.70126342773, 11.112030029297, 201.79656982422, 365.9748840332]}, "seconds": 60.875, "object": "white shirt", "type": "relation", "subject": "the man"}, {"caption": "the man wearing white shirt", "predicate": "wearing", "target": {"coordinates": [-17.288604736328, 106.84498596191, 714.58117675781, 305.76721191406]}, "name": 1461, "source": {"coordinates": [-7.6306610107422, 1.1324081420898, 520.61138916016, 192.50228881836]}, "seconds": 60.875, "object": "white shirt", "type": "relation", "subject": "the man"}, {"caption": "the man wearing white shirt", "predicate": "wearing", "target": {"coordinates": [138.70126342773, 11.112030029297, 201.79656982422, 365.9748840332]}, "name": 1461, "source": {"coordinates": [-7.6306610107422, 1.1324081420898, 520.61138916016, 192.50228881836]}, "seconds": 60.875, "object": "white shirt", "type": "relation", "subject": "the man"}, {"caption": "the man wearing white shirt", "predicate": "wearing", "target": {"coordinates": [3.8508987426758, 39.37109375, 203.53048706055, 362.1318359375]}, "name": 1461, "source": {"coordinates": [-7.6306610107422, 1.1324081420898, 520.61138916016, 192.50228881836]}, "seconds": 60.875, "object": "white shirt", "type": "relation", "subject": "the man"}, {"caption": "the man wearing black shirt", "predicate": "wearing", "target": {"coordinates": [499.27960205078, -14.561920166016, 206.78149414062, 411.40908813477]}, "name": 1461, "source": {"coordinates": [-7.6306610107422, 1.1324081420898, 520.61138916016, 192.50228881836]}, "seconds": 60.875, "object": "black shirt", "type": "relation", "subject": "the man"}, {"caption": "the man wearing black shirt", "predicate": "wearing", "target": {"coordinates": [180.10186767578, 42.420600891113, 143.70391845703, 131.7702331543]}, "name": 1461, "source": {"coordinates": [-7.6306610107422, 1.1324081420898, 520.61138916016, 192.50228881836]}, "seconds": 60.875, "object": "black shirt", "type": "relation", "subject": "the man"}, {"caption": "the man wearing black shirt", "predicate": "wearing", "target": {"coordinates": [267.65496826172, 68.969085693359, 195.69189453125, 318.46734619141]}, "name": 1461, "source": {"coordinates": [-7.6306610107422, 1.1324081420898, 520.61138916016, 192.50228881836]}, "seconds": 60.875, "object": "black shirt", "type": "relation", "subject": "the man"}, {"caption": "the man wearing black hat", "predicate": "wearing", "target": {"coordinates": [456.3649597168, 324.53274536133, 139.36819458008, 81.918884277344]}, "name": 1461, "source": {"coordinates": [-7.6306610107422, 1.1324081420898, 520.61138916016, 192.50228881836]}, "seconds": 60.875, "object": "black hat", "type": "relation", "subject": "the man"}, {"caption": "the man wearing black shirt", "predicate": "wearing", "target": {"coordinates": [2.0741577148438, 114.95483398438, 42.395286560059, 54.138916015625]}, "name": 1461, "source": {"coordinates": [-7.6306610107422, 1.1324081420898, 520.61138916016, 192.50228881836]}, "seconds": 60.875, "object": "black shirt", "type": "relation", "subject": "the man"}, {"caption": "the man wearing black shirt", "predicate": "wearing", "target": {"coordinates": [-17.288604736328, 106.84498596191, 714.58117675781, 305.76721191406]}, "name": 1461, "source": {"coordinates": [3.8508987426758, 39.37109375, 203.53048706055, 362.1318359375]}, "seconds": 60.875, "object": "black shirt", "type": "relation", "subject": "the man"}, {"caption": "the woman wearing white shirt", "predicate": "wearing", "target": {"coordinates": [138.70126342773, 11.112030029297, 201.79656982422, 365.9748840332]}, "name": 1461, "source": {"coordinates": [3.8508987426758, 39.37109375, 203.53048706055, 362.1318359375]}, "seconds": 60.875, "object": "white shirt", "type": "relation", "subject": "the woman"}, {"caption": "the man wearing black shirt", "predicate": "wearing", "target": {"coordinates": [-7.6306610107422, 1.1324081420898, 520.61138916016, 192.50228881836]}, "name": 1461, "source": {"coordinates": [3.8508987426758, 39.37109375, 203.53048706055, 362.1318359375]}, "seconds": 60.875, "object": "black shirt", "type": "relation", "subject": "the man"}, {"caption": "the man wearing black shirt", "predicate": "wearing", "target": {"coordinates": [499.27960205078, -14.561920166016, 206.78149414062, 411.40908813477]}, "name": 1461, "source": {"coordinates": [3.8508987426758, 39.37109375, 203.53048706055, 362.1318359375]}, "seconds": 60.875, "object": "black shirt", "type": "relation", "subject": "the man"}, {"caption": "the man wearing black shirt", "predicate": "wearing", "target": {"coordinates": [180.10186767578, 42.420600891113, 143.70391845703, 131.7702331543]}, "name": 1461, "source": {"coordinates": [3.8508987426758, 39.37109375, 203.53048706055, 362.1318359375]}, "seconds": 60.875, "object": "black shirt", "type": "relation", "subject": "the man"}, {"caption": "the man wearing black shirt", "predicate": "wearing", "target": {"coordinates": [267.65496826172, 68.969085693359, 195.69189453125, 318.46734619141]}, "name": 1461, "source": {"coordinates": [3.8508987426758, 39.37109375, 203.53048706055, 362.1318359375]}, "seconds": 60.875, "object": "black shirt", "type": "relation", "subject": "the man"}, {"caption": "the man wearing black hat", "predicate": "wearing", "target": {"coordinates": [456.3649597168, 324.53274536133, 139.36819458008, 81.918884277344]}, "name": 1461, "source": {"coordinates": [3.8508987426758, 39.37109375, 203.53048706055, 362.1318359375]}, "seconds": 60.875, "object": "black hat", "type": "relation", "subject": "the man"}, {"caption": "the man wearing black shirt", "predicate": "wearing", "target": {"coordinates": [2.0741577148438, 114.95483398438, 42.395286560059, 54.138916015625]}, "name": 1461, "source": {"coordinates": [3.8508987426758, 39.37109375, 203.53048706055, 362.1318359375]}, "seconds": 60.875, "object": "black shirt", "type": "relation", "subject": "the man"}, {"caption": "the man wearing black shirt", "predicate": "wearing", "target": {"coordinates": [-17.288604736328, 106.84498596191, 714.58117675781, 305.76721191406]}, "name": 1461, "source": {"coordinates": [499.27960205078, -14.561920166016, 206.78149414062, 411.40908813477]}, "seconds": 60.875, "object": "black shirt", "type": "relation", "subject": "the man"}, {"caption": "the man wearing white shirt", "predicate": "wearing", "target": {"coordinates": [138.70126342773, 11.112030029297, 201.79656982422, 365.9748840332]}, "name": 1461, "source": {"coordinates": [499.27960205078, -14.561920166016, 206.78149414062, 411.40908813477]}, "seconds": 60.875, "object": "white shirt", "type": "relation", "subject": "the man"}, {"caption": "the man wearing white shirt", "predicate": "wearing", "target": {"coordinates": [-7.6306610107422, 1.1324081420898, 520.61138916016, 192.50228881836]}, "name": 1461, "source": {"coordinates": [499.27960205078, -14.561920166016, 206.78149414062, 411.40908813477]}, "seconds": 60.875, "object": "white shirt", "type": "relation", "subject": "the man"}, {"caption": "the man wearing white shirt", "predicate": "wearing", "target": {"coordinates": [3.8508987426758, 39.37109375, 203.53048706055, 362.1318359375]}, "name": 1461, "source": {"coordinates": [499.27960205078, -14.561920166016, 206.78149414062, 411.40908813477]}, "seconds": 60.875, "object": "white shirt", "type": "relation", "subject": "the man"}, {"caption": "the man wearing black shirt", "predicate": "wearing", "target": {"coordinates": [180.10186767578, 42.420600891113, 143.70391845703, 131.7702331543]}, "name": 1461, "source": {"coordinates": [499.27960205078, -14.561920166016, 206.78149414062, 411.40908813477]}, "seconds": 60.875, "object": "black shirt", "type": "relation", "subject": "the man"}, {"caption": "the man wearing black shirt", "predicate": "wearing", "target": {"coordinates": [267.65496826172, 68.969085693359, 195.69189453125, 318.46734619141]}, "name": 1461, "source": {"coordinates": [499.27960205078, -14.561920166016, 206.78149414062, 411.40908813477]}, "seconds": 60.875, "object": "black shirt", "type": "relation", "subject": "the man"}, {"caption": "the man wearing black shirt", "predicate": "wearing", "target": {"coordinates": [456.3649597168, 324.53274536133, 139.36819458008, 81.918884277344]}, "name": 1461, "source": {"coordinates": [499.27960205078, -14.561920166016, 206.78149414062, 411.40908813477]}, "seconds": 60.875, "object": "black shirt", "type": "relation", "subject": "the man"}, {"caption": "the man wearing black shirt", "predicate": "wearing", "target": {"coordinates": [2.0741577148438, 114.95483398438, 42.395286560059, 54.138916015625]}, "name": 1461, "source": {"coordinates": [499.27960205078, -14.561920166016, 206.78149414062, 411.40908813477]}, "seconds": 60.875, "object": "black shirt", "type": "relation", "subject": "the man"}, {"caption": "the man wearing black shirt", "predicate": "wearing", "target": {"coordinates": [-17.288604736328, 106.84498596191, 714.58117675781, 305.76721191406]}, "name": 1461, "source": {"coordinates": [180.10186767578, 42.420600891113, 143.70391845703, 131.7702331543]}, "seconds": 60.875, "object": "black shirt", "type": "relation", "subject": "the man"}, {"caption": "the man wearing black shirt", "predicate": "wearing", "target": {"coordinates": [138.70126342773, 11.112030029297, 201.79656982422, 365.9748840332]}, "name": 1461, "source": {"coordinates": [180.10186767578, 42.420600891113, 143.70391845703, 131.7702331543]}, "seconds": 60.875, "object": "black shirt", "type": "relation", "subject": "the man"}, {"caption": "the woman wearing white shirt", "predicate": "wearing", "target": {"coordinates": [-7.6306610107422, 1.1324081420898, 520.61138916016, 192.50228881836]}, "name": 1461, "source": {"coordinates": [180.10186767578, 42.420600891113, 143.70391845703, 131.7702331543]}, "seconds": 60.875, "object": "white shirt", "type": "relation", "subject": "the woman"}, {"caption": "the woman wearing white shirt", "predicate": "wearing", "target": {"coordinates": [3.8508987426758, 39.37109375, 203.53048706055, 362.1318359375]}, "name": 1461, "source": {"coordinates": [180.10186767578, 42.420600891113, 143.70391845703, 131.7702331543]}, "seconds": 60.875, "object": "white shirt", "type": "relation", "subject": "the woman"}, {"caption": "the man in a room", "predicate": "in", "target": {"coordinates": [499.27960205078, -14.561920166016, 206.78149414062, 411.40908813477]}, "name": 1461, "source": {"coordinates": [180.10186767578, 42.420600891113, 143.70391845703, 131.7702331543]}, "seconds": 60.875, "object": "a room", "type": "relation", "subject": "the man"}, {"caption": "the man wearing black shirt", "predicate": "wearing", "target": {"coordinates": [267.65496826172, 68.969085693359, 195.69189453125, 318.46734619141]}, "name": 1461, "source": {"coordinates": [180.10186767578, 42.420600891113, 143.70391845703, 131.7702331543]}, "seconds": 60.875, "object": "black shirt", "type": "relation", "subject": "the man"}, {"caption": "the man wearing black hat", "predicate": "wearing", "target": {"coordinates": [456.3649597168, 324.53274536133, 139.36819458008, 81.918884277344]}, "name": 1461, "source": {"coordinates": [180.10186767578, 42.420600891113, 143.70391845703, 131.7702331543]}, "seconds": 60.875, "object": "black hat", "type": "relation", "subject": "the man"}, {"caption": "the man wearing black shirt", "predicate": "wearing", "target": {"coordinates": [2.0741577148438, 114.95483398438, 42.395286560059, 54.138916015625]}, "name": 1461, "source": {"coordinates": [180.10186767578, 42.420600891113, 143.70391845703, 131.7702331543]}, "seconds": 60.875, "object": "black shirt", "type": "relation", "subject": "the man"}, {"caption": "the man wearing black shirt", "predicate": "wearing", "target": {"coordinates": [-17.288604736328, 106.84498596191, 714.58117675781, 305.76721191406]}, "name": 1461, "source": {"coordinates": [267.65496826172, 68.969085693359, 195.69189453125, 318.46734619141]}, "seconds": 60.875, "object": "black shirt", "type": "relation", "subject": "the man"}, {"caption": "the man wearing white shirt", "predicate": "wearing", "target": {"coordinates": [138.70126342773, 11.112030029297, 201.79656982422, 365.9748840332]}, "name": 1461, "source": {"coordinates": [267.65496826172, 68.969085693359, 195.69189453125, 318.46734619141]}, "seconds": 60.875, "object": "white shirt", "type": "relation", "subject": "the man"}, {"caption": "the man wearing black shirt", "predicate": "wearing", "target": {"coordinates": [-7.6306610107422, 1.1324081420898, 520.61138916016, 192.50228881836]}, "name": 1461, "source": {"coordinates": [267.65496826172, 68.969085693359, 195.69189453125, 318.46734619141]}, "seconds": 60.875, "object": "black shirt", "type": "relation", "subject": "the man"}, {"caption": "the man wearing white shirt", "predicate": "wearing", "target": {"coordinates": [3.8508987426758, 39.37109375, 203.53048706055, 362.1318359375]}, "name": 1461, "source": {"coordinates": [267.65496826172, 68.969085693359, 195.69189453125, 318.46734619141]}, "seconds": 60.875, "object": "white shirt", "type": "relation", "subject": "the man"}, {"caption": "the man in room", "predicate": "in", "target": {"coordinates": [499.27960205078, -14.561920166016, 206.78149414062, 411.40908813477]}, "name": 1461, "source": {"coordinates": [267.65496826172, 68.969085693359, 195.69189453125, 318.46734619141]}, "seconds": 60.875, "object": "room", "type": "relation", "subject": "the man"}, {"caption": "the man wearing black hat", "predicate": "wearing", "target": {"coordinates": [180.10186767578, 42.420600891113, 143.70391845703, 131.7702331543]}, "name": 1461, "source": {"coordinates": [267.65496826172, 68.969085693359, 195.69189453125, 318.46734619141]}, "seconds": 60.875, "object": "black hat", "type": "relation", "subject": "the man"}, {"caption": "the man wearing black hat", "predicate": "wearing", "target": {"coordinates": [456.3649597168, 324.53274536133, 139.36819458008, 81.918884277344]}, "name": 1461, "source": {"coordinates": [267.65496826172, 68.969085693359, 195.69189453125, 318.46734619141]}, "seconds": 60.875, "object": "black hat", "type": "relation", "subject": "the man"}, {"caption": "the man wearing black shirt", "predicate": "wearing", "target": {"coordinates": [2.0741577148438, 114.95483398438, 42.395286560059, 54.138916015625]}, "name": 1461, "source": {"coordinates": [267.65496826172, 68.969085693359, 195.69189453125, 318.46734619141]}, "seconds": 60.875, "object": "black shirt", "type": "relation", "subject": "the man"}, {"caption": "the man wearing black shirt", "predicate": "wearing", "target": {"coordinates": [-17.288604736328, 106.84498596191, 714.58117675781, 305.76721191406]}, "name": 1461, "source": {"coordinates": [456.3649597168, 324.53274536133, 139.36819458008, 81.918884277344]}, "seconds": 60.875, "object": "black shirt", "type": "relation", "subject": "the man"}, {"caption": "the man wearing black shirt", "predicate": "wearing", "target": {"coordinates": [138.70126342773, 11.112030029297, 201.79656982422, 365.9748840332]}, "name": 1461, "source": {"coordinates": [456.3649597168, 324.53274536133, 139.36819458008, 81.918884277344]}, "seconds": 60.875, "object": "black shirt", "type": "relation", "subject": "the man"}, {"caption": "the man wearing black shirt", "predicate": "wearing", "target": {"coordinates": [-7.6306610107422, 1.1324081420898, 520.61138916016, 192.50228881836]}, "name": 1461, "source": {"coordinates": [456.3649597168, 324.53274536133, 139.36819458008, 81.918884277344]}, "seconds": 60.875, "object": "black shirt", "type": "relation", "subject": "the man"}, {"caption": "the man wearing black shirt", "predicate": "wearing", "target": {"coordinates": [3.8508987426758, 39.37109375, 203.53048706055, 362.1318359375]}, "name": 1461, "source": {"coordinates": [456.3649597168, 324.53274536133, 139.36819458008, 81.918884277344]}, "seconds": 60.875, "object": "black shirt", "type": "relation", "subject": "the man"}, {"caption": "the man in room", "predicate": "in", "target": {"coordinates": [499.27960205078, -14.561920166016, 206.78149414062, 411.40908813477]}, "name": 1461, "source": {"coordinates": [456.3649597168, 324.53274536133, 139.36819458008, 81.918884277344]}, "seconds": 60.875, "object": "room", "type": "relation", "subject": "the man"}, {"caption": "the man wearing black hat", "predicate": "wearing", "target": {"coordinates": [180.10186767578, 42.420600891113, 143.70391845703, 131.7702331543]}, "name": 1461, "source": {"coordinates": [456.3649597168, 324.53274536133, 139.36819458008, 81.918884277344]}, "seconds": 60.875, "object": "black hat", "type": "relation", "subject": "the man"}, {"caption": "the man wearing black shirt", "predicate": "wearing", "target": {"coordinates": [267.65496826172, 68.969085693359, 195.69189453125, 318.46734619141]}, "name": 1461, "source": {"coordinates": [456.3649597168, 324.53274536133, 139.36819458008, 81.918884277344]}, "seconds": 60.875, "object": "black shirt", "type": "relation", "subject": "the man"}, {"caption": "the man in a white shirt", "predicate": "in", "target": {"coordinates": [2.0741577148438, 114.95483398438, 42.395286560059, 54.138916015625]}, "name": 1461, "source": {"coordinates": [456.3649597168, 324.53274536133, 139.36819458008, 81.918884277344]}, "seconds": 60.875, "object": "a white shirt", "type": "relation", "subject": "the man"}, {"caption": "the man in a white shirt", "predicate": "in", "target": {"coordinates": [-17.288604736328, 106.84498596191, 714.58117675781, 305.76721191406]}, "name": 1461, "source": {"coordinates": [2.0741577148438, 114.95483398438, 42.395286560059, 54.138916015625]}, "seconds": 60.875, "object": "a white shirt", "type": "relation", "subject": "the man"}, {"caption": "the man wearing black shirt", "predicate": "wearing", "target": {"coordinates": [138.70126342773, 11.112030029297, 201.79656982422, 365.9748840332]}, "name": 1461, "source": {"coordinates": [2.0741577148438, 114.95483398438, 42.395286560059, 54.138916015625]}, "seconds": 60.875, "object": "black shirt", "type": "relation", "subject": "the man"}, {"caption": "the woman wearing white shirt", "predicate": "wearing", "target": {"coordinates": [-7.6306610107422, 1.1324081420898, 520.61138916016, 192.50228881836]}, "name": 1461, "source": {"coordinates": [2.0741577148438, 114.95483398438, 42.395286560059, 54.138916015625]}, "seconds": 60.875, "object": "white shirt", "type": "relation", "subject": "the woman"}, {"caption": "the woman wearing white shirt", "predicate": "wearing", "target": {"coordinates": [3.8508987426758, 39.37109375, 203.53048706055, 362.1318359375]}, "name": 1461, "source": {"coordinates": [2.0741577148438, 114.95483398438, 42.395286560059, 54.138916015625]}, "seconds": 60.875, "object": "white shirt", "type": "relation", "subject": "the woman"}, {"caption": "the man in room", "predicate": "in", "target": {"coordinates": [499.27960205078, -14.561920166016, 206.78149414062, 411.40908813477]}, "name": 1461, "source": {"coordinates": [2.0741577148438, 114.95483398438, 42.395286560059, 54.138916015625]}, "seconds": 60.875, "object": "room", "type": "relation", "subject": "the man"}, {"caption": "the man wearing black shirt", "predicate": "wearing", "target": {"coordinates": [180.10186767578, 42.420600891113, 143.70391845703, 131.7702331543]}, "name": 1461, "source": {"coordinates": [2.0741577148438, 114.95483398438, 42.395286560059, 54.138916015625]}, "seconds": 60.875, "object": "black shirt", "type": "relation", "subject": "the man"}, {"caption": "the man wearing black shirt", "predicate": "wearing", "target": {"coordinates": [267.65496826172, 68.969085693359, 195.69189453125, 318.46734619141]}, "name": 1461, "source": {"coordinates": [2.0741577148438, 114.95483398438, 42.395286560059, 54.138916015625]}, "seconds": 60.875, "object": "black shirt", "type": "relation", "subject": "the man"}, {"caption": "the man wearing black shirt", "predicate": "wearing", "target": {"coordinates": [456.3649597168, 324.53274536133, 139.36819458008, 81.918884277344]}, "name": 1461, "source": {"coordinates": [2.0741577148438, 114.95483398438, 42.395286560059, 54.138916015625]}, "seconds": 60.875, "object": "black shirt", "type": "relation", "subject": "the man"}]