[{"caption": "the man wearing black shirt", "predicate": "wearing", "target": {"coordinates": [404.05303955078, 17.234771728516, 326.935546875, 381.65985107422]}, "name": 1616, "source": {"coordinates": [201.57528686523, 5.8031005859375, 192.02471923828, 370.45111083984]}, "seconds": 67.33333333333333, "object": "black shirt", "type": "relation", "subject": "the man"}, {"caption": "the man wearing black shirt", "predicate": "wearing", "target": {"coordinates": [3.1111145019531, 13.465026855469, 224.91523742676, 384.33135986328]}, "name": 1616, "source": {"coordinates": [201.57528686523, 5.8031005859375, 192.02471923828, 370.45111083984]}, "seconds": 67.33333333333333, "object": "black shirt", "type": "relation", "subject": "the man"}, {"caption": "the man wearing white shirt", "predicate": "wearing", "target": {"coordinates": [-13.679382324219, 5.8710250854492, 646.54058837891, 204.56719970703]}, "name": 1616, "source": {"coordinates": [201.57528686523, 5.8031005859375, 192.02471923828, 370.45111083984]}, "seconds": 67.33333333333333, "object": "white shirt", "type": "relation", "subject": "the man"}, {"caption": "the man wearing black shirt", "predicate": "wearing", "target": {"coordinates": [0.84011840820312, 204.91819763184, 685.19067382812, 202.27680969238]}, "name": 1616, "source": {"coordinates": [201.57528686523, 5.8031005859375, 192.02471923828, 370.45111083984]}, "seconds": 67.33333333333333, "object": "black shirt", "type": "relation", "subject": "the man"}, {"caption": "the man wearing black shirt", "predicate": "wearing", "target": {"coordinates": [195.37847900391, 6.5143356323242, 149.58526611328, 126.64716339111]}, "name": 1616, "source": {"coordinates": [201.57528686523, 5.8031005859375, 192.02471923828, 370.45111083984]}, "seconds": 67.33333333333333, "object": "black shirt", "type": "relation", "subject": "the man"}, {"caption": "the man wearing black shirt", "predicate": "wearing", "target": {"coordinates": [70.34326171875, 164.90048217773, 52.420318603516, 51.5078125]}, "name": 1616, "source": {"coordinates": [201.57528686523, 5.8031005859375, 192.02471923828, 370.45111083984]}, "seconds": 67.33333333333333, "object": "black shirt", "type": "relation", "subject": "the man"}, {"caption": "the man wearing white shirt", "predicate": "wearing", "target": {"coordinates": [35.419330596924, 127.32679748535, 120.87890625, 109.05868530273]}, "name": 1616, "source": {"coordinates": [201.57528686523, 5.8031005859375, 192.02471923828, 370.45111083984]}, "seconds": 67.33333333333333, "object": "white shirt", "type": "relation", "subject": "the man"}, {"caption": "the man wearing white shirt", "predicate": "wearing", "target": {"coordinates": [201.57528686523, 5.8031005859375, 192.02471923828, 370.45111083984]}, "name": 1616, "source": {"coordinates": [404.05303955078, 17.234771728516, 326.935546875, 381.65985107422]}, "seconds": 67.33333333333333, "object": "white shirt", "type": "relation", "subject": "the man"}, {"caption": "the man wearing black shirt", "predicate": "wearing", "target": {"coordinates": [3.1111145019531, 13.465026855469, 224.91523742676, 384.33135986328]}, "name": 1616, "source": {"coordinates": [404.05303955078, 17.234771728516, 326.935546875, 381.65985107422]}, "seconds": 67.33333333333333, "object": "black shirt", "type": "relation", "subject": "the man"}, {"caption": "the man wearing black shirt", "predicate": "wearing", "target": {"coordinates": [-13.679382324219, 5.8710250854492, 646.54058837891, 204.56719970703]}, "name": 1616, "source": {"coordinates": [404.05303955078, 17.234771728516, 326.935546875, 381.65985107422]}, "seconds": 67.33333333333333, "object": "black shirt", "type": "relation", "subject": "the man"}, {"caption": "the woman has head", "predicate": "has", "target": {"coordinates": [0.84011840820312, 204.91819763184, 685.19067382812, 202.27680969238]}, "name": 1616, "source": {"coordinates": [404.05303955078, 17.234771728516, 326.935546875, 381.65985107422]}, "seconds": 67.33333333333333, "object": "head", "type": "relation", "subject": "the woman"}, {"caption": "the man has black hair", "predicate": "has", "target": {"coordinates": [195.37847900391, 6.5143356323242, 149.58526611328, 126.64716339111]}, "name": 1616, "source": {"coordinates": [404.05303955078, 17.234771728516, 326.935546875, 381.65985107422]}, "seconds": 67.33333333333333, "object": "black hair", "type": "relation", "subject": "the man"}, {"caption": "the man has a black handle", "predicate": "has", "target": {"coordinates": [70.34326171875, 164.90048217773, 52.420318603516, 51.5078125]}, "name": 1616, "source": {"coordinates": [404.05303955078, 17.234771728516, 326.935546875, 381.65985107422]}, "seconds": 67.33333333333333, "object": "a black handle", "type": "relation", "subject": "the man"}, {"caption": "the man wearing white shirt", "predicate": "wearing", "target": {"coordinates": [35.419330596924, 127.32679748535, 120.87890625, 109.05868530273]}, "name": 1616, "source": {"coordinates": [404.05303955078, 17.234771728516, 326.935546875, 381.65985107422]}, "seconds": 67.33333333333333, "object": "white shirt", "type": "relation", "subject": "the man"}, {"caption": "the man wearing white shirt", "predicate": "wearing", "target": {"coordinates": [201.57528686523, 5.8031005859375, 192.02471923828, 370.45111083984]}, "name": 1616, "source": {"coordinates": [3.1111145019531, 13.465026855469, 224.91523742676, 384.33135986328]}, "seconds": 67.33333333333333, "object": "white shirt", "type": "relation", "subject": "the man"}, {"caption": "the man wearing white shirt", "predicate": "wearing", "target": {"coordinates": [404.05303955078, 17.234771728516, 326.935546875, 381.65985107422]}, "name": 1616, "source": {"coordinates": [3.1111145019531, 13.465026855469, 224.91523742676, 384.33135986328]}, "seconds": 67.33333333333333, "object": "white shirt", "type": "relation", "subject": "the man"}, {"caption": "the woman in a white shirt", "predicate": "in", "target": {"coordinates": [-13.679382324219, 5.8710250854492, 646.54058837891, 204.56719970703]}, "name": 1616, "source": {"coordinates": [3.1111145019531, 13.465026855469, 224.91523742676, 384.33135986328]}, "seconds": 67.33333333333333, "object": "a white shirt", "type": "relation", "subject": "the woman"}, {"caption": "the man has head", "predicate": "has", "target": {"coordinates": [0.84011840820312, 204.91819763184, 685.19067382812, 202.27680969238]}, "name": 1616, "source": {"coordinates": [3.1111145019531, 13.465026855469, 224.91523742676, 384.33135986328]}, "seconds": 67.33333333333333, "object": "head", "type": "relation", "subject": "the man"}, {"caption": "the man has a black hair", "predicate": "has", "target": {"coordinates": [195.37847900391, 6.5143356323242, 149.58526611328, 126.64716339111]}, "name": 1616, "source": {"coordinates": [3.1111145019531, 13.465026855469, 224.91523742676, 384.33135986328]}, "seconds": 67.33333333333333, "object": "a black hair", "type": "relation", "subject": "the man"}, {"caption": "the man has a black handle", "predicate": "has", "target": {"coordinates": [70.34326171875, 164.90048217773, 52.420318603516, 51.5078125]}, "name": 1616, "source": {"coordinates": [3.1111145019531, 13.465026855469, 224.91523742676, 384.33135986328]}, "seconds": 67.33333333333333, "object": "a black handle", "type": "relation", "subject": "the man"}, {"caption": "the man wearing white shirt", "predicate": "wearing", "target": {"coordinates": [35.419330596924, 127.32679748535, 120.87890625, 109.05868530273]}, "name": 1616, "source": {"coordinates": [3.1111145019531, 13.465026855469, 224.91523742676, 384.33135986328]}, "seconds": 67.33333333333333, "object": "white shirt", "type": "relation", "subject": "the man"}, {"caption": "the man wearing white shirt", "predicate": "wearing", "target": {"coordinates": [201.57528686523, 5.8031005859375, 192.02471923828, 370.45111083984]}, "name": 1616, "source": {"coordinates": [-13.679382324219, 5.8710250854492, 646.54058837891, 204.56719970703]}, "seconds": 67.33333333333333, "object": "white shirt", "type": "relation", "subject": "the man"}, {"caption": "the man wearing white shirt", "predicate": "wearing", "target": {"coordinates": [404.05303955078, 17.234771728516, 326.935546875, 381.65985107422]}, "name": 1616, "source": {"coordinates": [-13.679382324219, 5.8710250854492, 646.54058837891, 204.56719970703]}, "seconds": 67.33333333333333, "object": "white shirt", "type": "relation", "subject": "the man"}, {"caption": "the man wearing white shirt", "predicate": "wearing", "target": {"coordinates": [3.1111145019531, 13.465026855469, 224.91523742676, 384.33135986328]}, "name": 1616, "source": {"coordinates": [-13.679382324219, 5.8710250854492, 646.54058837891, 204.56719970703]}, "seconds": 67.33333333333333, "object": "white shirt", "type": "relation", "subject": "the man"}, {"caption": "the man has head", "predicate": "has", "target": {"coordinates": [0.84011840820312, 204.91819763184, 685.19067382812, 202.27680969238]}, "name": 1616, "source": {"coordinates": [-13.679382324219, 5.8710250854492, 646.54058837891, 204.56719970703]}, "seconds": 67.33333333333333, "object": "head", "type": "relation", "subject": "the man"}, {"caption": "the man has black hair", "predicate": "has", "target": {"coordinates": [195.37847900391, 6.5143356323242, 149.58526611328, 126.64716339111]}, "name": 1616, "source": {"coordinates": [-13.679382324219, 5.8710250854492, 646.54058837891, 204.56719970703]}, "seconds": 67.33333333333333, "object": "black hair", "type": "relation", "subject": "the man"}, {"caption": "the man has black hair", "predicate": "has", "target": {"coordinates": [70.34326171875, 164.90048217773, 52.420318603516, 51.5078125]}, "name": 1616, "source": {"coordinates": [-13.679382324219, 5.8710250854492, 646.54058837891, 204.56719970703]}, "seconds": 67.33333333333333, "object": "black hair", "type": "relation", "subject": "the man"}, {"caption": "the man wearing white shirt", "predicate": "wearing", "target": {"coordinates": [35.419330596924, 127.32679748535, 120.87890625, 109.05868530273]}, "name": 1616, "source": {"coordinates": [-13.679382324219, 5.8710250854492, 646.54058837891, 204.56719970703]}, "seconds": 67.33333333333333, "object": "white shirt", "type": "relation", "subject": "the man"}, {"caption": "the man wearing white shirt", "predicate": "wearing", "target": {"coordinates": [201.57528686523, 5.8031005859375, 192.02471923828, 370.45111083984]}, "name": 1616, "source": {"coordinates": [0.84011840820312, 204.91819763184, 685.19067382812, 202.27680969238]}, "seconds": 67.33333333333333, "object": "white shirt", "type": "relation", "subject": "the man"}, {"caption": "the man wearing white shirt", "predicate": "wearing", "target": {"coordinates": [404.05303955078, 17.234771728516, 326.935546875, 381.65985107422]}, "name": 1616, "source": {"coordinates": [0.84011840820312, 204.91819763184, 685.19067382812, 202.27680969238]}, "seconds": 67.33333333333333, "object": "white shirt", "type": "relation", "subject": "the man"}, {"caption": "the man wearing white shirt", "predicate": "wearing", "target": {"coordinates": [3.1111145019531, 13.465026855469, 224.91523742676, 384.33135986328]}, "name": 1616, "source": {"coordinates": [0.84011840820312, 204.91819763184, 685.19067382812, 202.27680969238]}, "seconds": 67.33333333333333, "object": "white shirt", "type": "relation", "subject": "the man"}, {"caption": "the man wearing white shirt", "predicate": "wearing", "target": {"coordinates": [-13.679382324219, 5.8710250854492, 646.54058837891, 204.56719970703]}, "name": 1616, "source": {"coordinates": [0.84011840820312, 204.91819763184, 685.19067382812, 202.27680969238]}, "seconds": 67.33333333333333, "object": "white shirt", "type": "relation", "subject": "the man"}, {"caption": "the man has black hair", "predicate": "has", "target": {"coordinates": [195.37847900391, 6.5143356323242, 149.58526611328, 126.64716339111]}, "name": 1616, "source": {"coordinates": [0.84011840820312, 204.91819763184, 685.19067382812, 202.27680969238]}, "seconds": 67.33333333333333, "object": "black hair", "type": "relation", "subject": "the man"}, {"caption": "the man has a black handle", "predicate": "has", "target": {"coordinates": [70.34326171875, 164.90048217773, 52.420318603516, 51.5078125]}, "name": 1616, "source": {"coordinates": [0.84011840820312, 204.91819763184, 685.19067382812, 202.27680969238]}, "seconds": 67.33333333333333, "object": "a black handle", "type": "relation", "subject": "the man"}, {"caption": "the man wearing black shirt", "predicate": "wearing", "target": {"coordinates": [35.419330596924, 127.32679748535, 120.87890625, 109.05868530273]}, "name": 1616, "source": {"coordinates": [0.84011840820312, 204.91819763184, 685.19067382812, 202.27680969238]}, "seconds": 67.33333333333333, "object": "black shirt", "type": "relation", "subject": "the man"}, {"caption": "the man wearing black shirt", "predicate": "wearing", "target": {"coordinates": [201.57528686523, 5.8031005859375, 192.02471923828, 370.45111083984]}, "name": 1616, "source": {"coordinates": [195.37847900391, 6.5143356323242, 149.58526611328, 126.64716339111]}, "seconds": 67.33333333333333, "object": "black shirt", "type": "relation", "subject": "the man"}, {"caption": "the man on white shirt", "predicate": "on", "target": {"coordinates": [404.05303955078, 17.234771728516, 326.935546875, 381.65985107422]}, "name": 1616, "source": {"coordinates": [195.37847900391, 6.5143356323242, 149.58526611328, 126.64716339111]}, "seconds": 67.33333333333333, "object": "white shirt", "type": "relation", "subject": "the man"}, {"caption": "the man on wall", "predicate": "on", "target": {"coordinates": [3.1111145019531, 13.465026855469, 224.91523742676, 384.33135986328]}, "name": 1616, "source": {"coordinates": [195.37847900391, 6.5143356323242, 149.58526611328, 126.64716339111]}, "seconds": 67.33333333333333, "object": "wall", "type": "relation", "subject": "the man"}, {"caption": "the head of man", "predicate": "of", "target": {"coordinates": [-13.679382324219, 5.8710250854492, 646.54058837891, 204.56719970703]}, "name": 1616, "source": {"coordinates": [195.37847900391, 6.5143356323242, 149.58526611328, 126.64716339111]}, "seconds": 67.33333333333333, "object": "man", "type": "relation", "subject": "the head"}, {"caption": "the man on a table", "predicate": "on", "target": {"coordinates": [0.84011840820312, 204.91819763184, 685.19067382812, 202.27680969238]}, "name": 1616, "source": {"coordinates": [195.37847900391, 6.5143356323242, 149.58526611328, 126.64716339111]}, "seconds": 67.33333333333333, "object": "a table", "type": "relation", "subject": "the man"}, {"caption": "the man holding black umbrella", "predicate": "holding", "target": {"coordinates": [70.34326171875, 164.90048217773, 52.420318603516, 51.5078125]}, "name": 1616, "source": {"coordinates": [195.37847900391, 6.5143356323242, 149.58526611328, 126.64716339111]}, "seconds": 67.33333333333333, "object": "black umbrella", "type": "relation", "subject": "the man"}, {"caption": "the hand on white shirt", "predicate": "on", "target": {"coordinates": [35.419330596924, 127.32679748535, 120.87890625, 109.05868530273]}, "name": 1616, "source": {"coordinates": [195.37847900391, 6.5143356323242, 149.58526611328, 126.64716339111]}, "seconds": 67.33333333333333, "object": "white shirt", "type": "relation", "subject": "the hand"}, {"caption": "the hand on white shirt", "predicate": "on", "target": {"coordinates": [201.57528686523, 5.8031005859375, 192.02471923828, 370.45111083984]}, "name": 1616, "source": {"coordinates": [70.34326171875, 164.90048217773, 52.420318603516, 51.5078125]}, "seconds": 67.33333333333333, "object": "white shirt", "type": "relation", "subject": "the hand"}, {"caption": "the light on white shirt", "predicate": "on", "target": {"coordinates": [404.05303955078, 17.234771728516, 326.935546875, 381.65985107422]}, "name": 1616, "source": {"coordinates": [70.34326171875, 164.90048217773, 52.420318603516, 51.5078125]}, "seconds": 67.33333333333333, "object": "white shirt", "type": "relation", "subject": "the light"}, {"caption": "the light on wall", "predicate": "on", "target": {"coordinates": [3.1111145019531, 13.465026855469, 224.91523742676, 384.33135986328]}, "name": 1616, "source": {"coordinates": [70.34326171875, 164.90048217773, 52.420318603516, 51.5078125]}, "seconds": 67.33333333333333, "object": "wall", "type": "relation", "subject": "the light"}, {"caption": "the light on wall", "predicate": "on", "target": {"coordinates": [-13.679382324219, 5.8710250854492, 646.54058837891, 204.56719970703]}, "name": 1616, "source": {"coordinates": [70.34326171875, 164.90048217773, 52.420318603516, 51.5078125]}, "seconds": 67.33333333333333, "object": "wall", "type": "relation", "subject": "the light"}, {"caption": "the hand on white table", "predicate": "on", "target": {"coordinates": [0.84011840820312, 204.91819763184, 685.19067382812, 202.27680969238]}, "name": 1616, "source": {"coordinates": [70.34326171875, 164.90048217773, 52.420318603516, 51.5078125]}, "seconds": 67.33333333333333, "object": "white table", "type": "relation", "subject": "the hand"}, {"caption": "the hand on a white shirt", "predicate": "on", "target": {"coordinates": [195.37847900391, 6.5143356323242, 149.58526611328, 126.64716339111]}, "name": 1616, "source": {"coordinates": [70.34326171875, 164.90048217773, 52.420318603516, 51.5078125]}, "seconds": 67.33333333333333, "object": "a white shirt", "type": "relation", "subject": "the hand"}, {"caption": "the plate on table", "predicate": "on", "target": {"coordinates": [35.419330596924, 127.32679748535, 120.87890625, 109.05868530273]}, "name": 1616, "source": {"coordinates": [70.34326171875, 164.90048217773, 52.420318603516, 51.5078125]}, "seconds": 67.33333333333333, "object": "table", "type": "relation", "subject": "the plate"}, {"caption": "the plate on table", "predicate": "on", "target": {"coordinates": [201.57528686523, 5.8031005859375, 192.02471923828, 370.45111083984]}, "name": 1616, "source": {"coordinates": [35.419330596924, 127.32679748535, 120.87890625, 109.05868530273]}, "seconds": 67.33333333333333, "object": "table", "type": "relation", "subject": "the plate"}, {"caption": "the clock on wall", "predicate": "on", "target": {"coordinates": [404.05303955078, 17.234771728516, 326.935546875, 381.65985107422]}, "name": 1616, "source": {"coordinates": [35.419330596924, 127.32679748535, 120.87890625, 109.05868530273]}, "seconds": 67.33333333333333, "object": "wall", "type": "relation", "subject": "the clock"}, {"caption": "the window on wall", "predicate": "on", "target": {"coordinates": [3.1111145019531, 13.465026855469, 224.91523742676, 384.33135986328]}, "name": 1616, "source": {"coordinates": [35.419330596924, 127.32679748535, 120.87890625, 109.05868530273]}, "seconds": 67.33333333333333, "object": "wall", "type": "relation", "subject": "the window"}, {"caption": "the clock on wall", "predicate": "on", "target": {"coordinates": [-13.679382324219, 5.8710250854492, 646.54058837891, 204.56719970703]}, "name": 1616, "source": {"coordinates": [35.419330596924, 127.32679748535, 120.87890625, 109.05868530273]}, "seconds": 67.33333333333333, "object": "wall", "type": "relation", "subject": "the clock"}, {"caption": "the clock on table", "predicate": "on", "target": {"coordinates": [0.84011840820312, 204.91819763184, 685.19067382812, 202.27680969238]}, "name": 1616, "source": {"coordinates": [35.419330596924, 127.32679748535, 120.87890625, 109.05868530273]}, "seconds": 67.33333333333333, "object": "table", "type": "relation", "subject": "the clock"}, {"caption": "the clock has a head", "predicate": "has", "target": {"coordinates": [195.37847900391, 6.5143356323242, 149.58526611328, 126.64716339111]}, "name": 1616, "source": {"coordinates": [35.419330596924, 127.32679748535, 120.87890625, 109.05868530273]}, "seconds": 67.33333333333333, "object": "a head", "type": "relation", "subject": "the clock"}, {"caption": "the clock has a black", "predicate": "has", "target": {"coordinates": [70.34326171875, 164.90048217773, 52.420318603516, 51.5078125]}, "name": 1616, "source": {"coordinates": [35.419330596924, 127.32679748535, 120.87890625, 109.05868530273]}, "seconds": 67.33333333333333, "object": "a black", "type": "relation", "subject": "the clock"}]