[{"caption": "the window on wall", "predicate": "on", "target": {"coordinates": [236.33337402344, 34.086868286133, 193.03210449219, 374.04278564453]}, "name": 1689, "source": {"coordinates": [-9.6323547363281, 6.6243591308594, 223.26251220703, 388.95614624023]}, "seconds": 70.375, "object": "wall", "type": "relation", "subject": "the window"}, {"caption": "the window has a white door", "predicate": "has", "target": {"coordinates": [18.073028564453, -2.8702621459961, 691.57458496094, 248.11920166016]}, "name": 1689, "source": {"coordinates": [-9.6323547363281, 6.6243591308594, 223.26251220703, 388.95614624023]}, "seconds": 70.375, "object": "a white door", "type": "relation", "subject": "the window"}, {"caption": "the window on wall", "predicate": "on", "target": {"coordinates": [66.439559936523, 219.17016601562, 121.14645385742, 146.8291015625]}, "name": 1689, "source": {"coordinates": [-9.6323547363281, 6.6243591308594, 223.26251220703, 388.95614624023]}, "seconds": 70.375, "object": "wall", "type": "relation", "subject": "the window"}, {"caption": "the window on wall", "predicate": "on", "target": {"coordinates": [5.5290832519531, 227.16934204102, 649.46984863281, 174.41375732422]}, "name": 1689, "source": {"coordinates": [-9.6323547363281, 6.6243591308594, 223.26251220703, 388.95614624023]}, "seconds": 70.375, "object": "wall", "type": "relation", "subject": "the window"}, {"caption": "the man has head", "predicate": "has", "target": {"coordinates": [481.14300537109, 1.7860412597656, 251.36364746094, 379.71853637695]}, "name": 1689, "source": {"coordinates": [-9.6323547363281, 6.6243591308594, 223.26251220703, 388.95614624023]}, "seconds": 70.375, "object": "head", "type": "relation", "subject": "the man"}, {"caption": "the window has a white door", "predicate": "has", "target": {"coordinates": [283.41265869141, 46.331520080566, 136.59704589844, 125.82289886475]}, "name": 1689, "source": {"coordinates": [-9.6323547363281, 6.6243591308594, 223.26251220703, 388.95614624023]}, "seconds": 70.375, "object": "a white door", "type": "relation", "subject": "the window"}, {"caption": "the man wearing black shirt", "predicate": "wearing", "target": {"coordinates": [690.93762207031, 270.94171142578, 19.258178710938, 38.944458007812]}, "name": 1689, "source": {"coordinates": [-9.6323547363281, 6.6243591308594, 223.26251220703, 388.95614624023]}, "seconds": 70.375, "object": "black shirt", "type": "relation", "subject": "the man"}, {"caption": "the man in room", "predicate": "in", "target": {"coordinates": [0.39125442504883, 336.25161743164, 51.168312072754, 57.433837890625]}, "name": 1689, "source": {"coordinates": [-9.6323547363281, 6.6243591308594, 223.26251220703, 388.95614624023]}, "seconds": 70.375, "object": "room", "type": "relation", "subject": "the man"}, {"caption": "the man in room", "predicate": "in", "target": {"coordinates": [-9.6323547363281, 6.6243591308594, 223.26251220703, 388.95614624023]}, "name": 1689, "source": {"coordinates": [236.33337402344, 34.086868286133, 193.03210449219, 374.04278564453]}, "seconds": 70.375, "object": "room", "type": "relation", "subject": "the man"}, {"caption": "the man wearing white shirt", "predicate": "wearing", "target": {"coordinates": [18.073028564453, -2.8702621459961, 691.57458496094, 248.11920166016]}, "name": 1689, "source": {"coordinates": [236.33337402344, 34.086868286133, 193.03210449219, 374.04278564453]}, "seconds": 70.375, "object": "white shirt", "type": "relation", "subject": "the man"}, {"caption": "the man on table", "predicate": "on", "target": {"coordinates": [66.439559936523, 219.17016601562, 121.14645385742, 146.8291015625]}, "name": 1689, "source": {"coordinates": [236.33337402344, 34.086868286133, 193.03210449219, 374.04278564453]}, "seconds": 70.375, "object": "table", "type": "relation", "subject": "the man"}, {"caption": "the woman in room", "predicate": "in", "target": {"coordinates": [5.5290832519531, 227.16934204102, 649.46984863281, 174.41375732422]}, "name": 1689, "source": {"coordinates": [236.33337402344, 34.086868286133, 193.03210449219, 374.04278564453]}, "seconds": 70.375, "object": "room", "type": "relation", "subject": "the woman"}, {"caption": "the woman in room", "predicate": "in", "target": {"coordinates": [481.14300537109, 1.7860412597656, 251.36364746094, 379.71853637695]}, "name": 1689, "source": {"coordinates": [236.33337402344, 34.086868286133, 193.03210449219, 374.04278564453]}, "seconds": 70.375, "object": "room", "type": "relation", "subject": "the woman"}, {"caption": "the woman in a white shirt", "predicate": "in", "target": {"coordinates": [283.41265869141, 46.331520080566, 136.59704589844, 125.82289886475]}, "name": 1689, "source": {"coordinates": [236.33337402344, 34.086868286133, 193.03210449219, 374.04278564453]}, "seconds": 70.375, "object": "a white shirt", "type": "relation", "subject": "the woman"}, {"caption": "the man wearing black shirt", "predicate": "wearing", "target": {"coordinates": [690.93762207031, 270.94171142578, 19.258178710938, 38.944458007812]}, "name": 1689, "source": {"coordinates": [236.33337402344, 34.086868286133, 193.03210449219, 374.04278564453]}, "seconds": 70.375, "object": "black shirt", "type": "relation", "subject": "the man"}, {"caption": "the window on wall", "predicate": "on", "target": {"coordinates": [0.39125442504883, 336.25161743164, 51.168312072754, 57.433837890625]}, "name": 1689, "source": {"coordinates": [236.33337402344, 34.086868286133, 193.03210449219, 374.04278564453]}, "seconds": 70.375, "object": "wall", "type": "relation", "subject": "the window"}, {"caption": "the window on wall", "predicate": "on", "target": {"coordinates": [-9.6323547363281, 6.6243591308594, 223.26251220703, 388.95614624023]}, "name": 1689, "source": {"coordinates": [18.073028564453, -2.8702621459961, 691.57458496094, 248.11920166016]}, "seconds": 70.375, "object": "wall", "type": "relation", "subject": "the window"}, {"caption": "the window has a window", "predicate": "has", "target": {"coordinates": [236.33337402344, 34.086868286133, 193.03210449219, 374.04278564453]}, "name": 1689, "source": {"coordinates": [18.073028564453, -2.8702621459961, 691.57458496094, 248.11920166016]}, "seconds": 70.375, "object": "a window", "type": "relation", "subject": "the window"}, {"caption": "the window on wall", "predicate": "on", "target": {"coordinates": [66.439559936523, 219.17016601562, 121.14645385742, 146.8291015625]}, "name": 1689, "source": {"coordinates": [18.073028564453, -2.8702621459961, 691.57458496094, 248.11920166016]}, "seconds": 70.375, "object": "wall", "type": "relation", "subject": "the window"}, {"caption": "the window on wall", "predicate": "on", "target": {"coordinates": [5.5290832519531, 227.16934204102, 649.46984863281, 174.41375732422]}, "name": 1689, "source": {"coordinates": [18.073028564453, -2.8702621459961, 691.57458496094, 248.11920166016]}, "seconds": 70.375, "object": "wall", "type": "relation", "subject": "the window"}, {"caption": "the man has head", "predicate": "has", "target": {"coordinates": [481.14300537109, 1.7860412597656, 251.36364746094, 379.71853637695]}, "name": 1689, "source": {"coordinates": [18.073028564453, -2.8702621459961, 691.57458496094, 248.11920166016]}, "seconds": 70.375, "object": "head", "type": "relation", "subject": "the man"}, {"caption": "the window has white", "predicate": "has", "target": {"coordinates": [283.41265869141, 46.331520080566, 136.59704589844, 125.82289886475]}, "name": 1689, "source": {"coordinates": [18.073028564453, -2.8702621459961, 691.57458496094, 248.11920166016]}, "seconds": 70.375, "object": "white", "type": "relation", "subject": "the window"}, {"caption": "the man wearing black shirt", "predicate": "wearing", "target": {"coordinates": [690.93762207031, 270.94171142578, 19.258178710938, 38.944458007812]}, "name": 1689, "source": {"coordinates": [18.073028564453, -2.8702621459961, 691.57458496094, 248.11920166016]}, "seconds": 70.375, "object": "black shirt", "type": "relation", "subject": "the man"}, {"caption": "the window on wall", "predicate": "on", "target": {"coordinates": [0.39125442504883, 336.25161743164, 51.168312072754, 57.433837890625]}, "name": 1689, "source": {"coordinates": [18.073028564453, -2.8702621459961, 691.57458496094, 248.11920166016]}, "seconds": 70.375, "object": "wall", "type": "relation", "subject": "the window"}, {"caption": "the window on wall", "predicate": "on", "target": {"coordinates": [-9.6323547363281, 6.6243591308594, 223.26251220703, 388.95614624023]}, "name": 1689, "source": {"coordinates": [66.439559936523, 219.17016601562, 121.14645385742, 146.8291015625]}, "seconds": 70.375, "object": "wall", "type": "relation", "subject": "the window"}, {"caption": "the window on a building", "predicate": "on", "target": {"coordinates": [236.33337402344, 34.086868286133, 193.03210449219, 374.04278564453]}, "name": 1689, "source": {"coordinates": [66.439559936523, 219.17016601562, 121.14645385742, 146.8291015625]}, "seconds": 70.375, "object": "a building", "type": "relation", "subject": "the window"}, {"caption": "the window on wall", "predicate": "on", "target": {"coordinates": [18.073028564453, -2.8702621459961, 691.57458496094, 248.11920166016]}, "name": 1689, "source": {"coordinates": [66.439559936523, 219.17016601562, 121.14645385742, 146.8291015625]}, "seconds": 70.375, "object": "wall", "type": "relation", "subject": "the window"}, {"caption": "the window on wall", "predicate": "on", "target": {"coordinates": [5.5290832519531, 227.16934204102, 649.46984863281, 174.41375732422]}, "name": 1689, "source": {"coordinates": [66.439559936523, 219.17016601562, 121.14645385742, 146.8291015625]}, "seconds": 70.375, "object": "wall", "type": "relation", "subject": "the window"}, {"caption": "the window on wall", "predicate": "on", "target": {"coordinates": [481.14300537109, 1.7860412597656, 251.36364746094, 379.71853637695]}, "name": 1689, "source": {"coordinates": [66.439559936523, 219.17016601562, 121.14645385742, 146.8291015625]}, "seconds": 70.375, "object": "wall", "type": "relation", "subject": "the window"}, {"caption": "the window on wall", "predicate": "on", "target": {"coordinates": [283.41265869141, 46.331520080566, 136.59704589844, 125.82289886475]}, "name": 1689, "source": {"coordinates": [66.439559936523, 219.17016601562, 121.14645385742, 146.8291015625]}, "seconds": 70.375, "object": "wall", "type": "relation", "subject": "the window"}, {"caption": "the man wearing black shirt", "predicate": "wearing", "target": {"coordinates": [690.93762207031, 270.94171142578, 19.258178710938, 38.944458007812]}, "name": 1689, "source": {"coordinates": [66.439559936523, 219.17016601562, 121.14645385742, 146.8291015625]}, "seconds": 70.375, "object": "black shirt", "type": "relation", "subject": "the man"}, {"caption": "the man in room", "predicate": "in", "target": {"coordinates": [0.39125442504883, 336.25161743164, 51.168312072754, 57.433837890625]}, "name": 1689, "source": {"coordinates": [66.439559936523, 219.17016601562, 121.14645385742, 146.8291015625]}, "seconds": 70.375, "object": "room", "type": "relation", "subject": "the man"}, {"caption": "the man in room", "predicate": "in", "target": {"coordinates": [-9.6323547363281, 6.6243591308594, 223.26251220703, 388.95614624023]}, "name": 1689, "source": {"coordinates": [5.5290832519531, 227.16934204102, 649.46984863281, 174.41375732422]}, "seconds": 70.375, "object": "room", "type": "relation", "subject": "the man"}, {"caption": "the man wearing black shirt", "predicate": "wearing", "target": {"coordinates": [236.33337402344, 34.086868286133, 193.03210449219, 374.04278564453]}, "name": 1689, "source": {"coordinates": [5.5290832519531, 227.16934204102, 649.46984863281, 174.41375732422]}, "seconds": 70.375, "object": "black shirt", "type": "relation", "subject": "the man"}, {"caption": "the wall has a window", "predicate": "has", "target": {"coordinates": [18.073028564453, -2.8702621459961, 691.57458496094, 248.11920166016]}, "name": 1689, "source": {"coordinates": [5.5290832519531, 227.16934204102, 649.46984863281, 174.41375732422]}, "seconds": 70.375, "object": "a window", "type": "relation", "subject": "the wall"}, {"caption": "the man wearing black shirt", "predicate": "wearing", "target": {"coordinates": [66.439559936523, 219.17016601562, 121.14645385742, 146.8291015625]}, "name": 1689, "source": {"coordinates": [5.5290832519531, 227.16934204102, 649.46984863281, 174.41375732422]}, "seconds": 70.375, "object": "black shirt", "type": "relation", "subject": "the man"}, {"caption": "the man has head", "predicate": "has", "target": {"coordinates": [481.14300537109, 1.7860412597656, 251.36364746094, 379.71853637695]}, "name": 1689, "source": {"coordinates": [5.5290832519531, 227.16934204102, 649.46984863281, 174.41375732422]}, "seconds": 70.375, "object": "head", "type": "relation", "subject": "the man"}, {"caption": "the man has a white toilet", "predicate": "has", "target": {"coordinates": [283.41265869141, 46.331520080566, 136.59704589844, 125.82289886475]}, "name": 1689, "source": {"coordinates": [5.5290832519531, 227.16934204102, 649.46984863281, 174.41375732422]}, "seconds": 70.375, "object": "a white toilet", "type": "relation", "subject": "the man"}, {"caption": "the man has a black hair", "predicate": "has", "target": {"coordinates": [690.93762207031, 270.94171142578, 19.258178710938, 38.944458007812]}, "name": 1689, "source": {"coordinates": [5.5290832519531, 227.16934204102, 649.46984863281, 174.41375732422]}, "seconds": 70.375, "object": "a black hair", "type": "relation", "subject": "the man"}, {"caption": "the window on wall", "predicate": "on", "target": {"coordinates": [0.39125442504883, 336.25161743164, 51.168312072754, 57.433837890625]}, "name": 1689, "source": {"coordinates": [5.5290832519531, 227.16934204102, 649.46984863281, 174.41375732422]}, "seconds": 70.375, "object": "wall", "type": "relation", "subject": "the window"}, {"caption": "the window on wall", "predicate": "on", "target": {"coordinates": [-9.6323547363281, 6.6243591308594, 223.26251220703, 388.95614624023]}, "name": 1689, "source": {"coordinates": [481.14300537109, 1.7860412597656, 251.36364746094, 379.71853637695]}, "seconds": 70.375, "object": "wall", "type": "relation", "subject": "the window"}, {"caption": "the window has a white", "predicate": "has", "target": {"coordinates": [236.33337402344, 34.086868286133, 193.03210449219, 374.04278564453]}, "name": 1689, "source": {"coordinates": [481.14300537109, 1.7860412597656, 251.36364746094, 379.71853637695]}, "seconds": 70.375, "object": "a white", "type": "relation", "subject": "the window"}, {"caption": "the window on wall", "predicate": "on", "target": {"coordinates": [18.073028564453, -2.8702621459961, 691.57458496094, 248.11920166016]}, "name": 1689, "source": {"coordinates": [481.14300537109, 1.7860412597656, 251.36364746094, 379.71853637695]}, "seconds": 70.375, "object": "wall", "type": "relation", "subject": "the window"}, {"caption": "the window has a white", "predicate": "has", "target": {"coordinates": [66.439559936523, 219.17016601562, 121.14645385742, 146.8291015625]}, "name": 1689, "source": {"coordinates": [481.14300537109, 1.7860412597656, 251.36364746094, 379.71853637695]}, "seconds": 70.375, "object": "a white", "type": "relation", "subject": "the window"}, {"caption": "the window on wall", "predicate": "on", "target": {"coordinates": [5.5290832519531, 227.16934204102, 649.46984863281, 174.41375732422]}, "name": 1689, "source": {"coordinates": [481.14300537109, 1.7860412597656, 251.36364746094, 379.71853637695]}, "seconds": 70.375, "object": "wall", "type": "relation", "subject": "the window"}, {"caption": "the window has a white", "predicate": "has", "target": {"coordinates": [283.41265869141, 46.331520080566, 136.59704589844, 125.82289886475]}, "name": 1689, "source": {"coordinates": [481.14300537109, 1.7860412597656, 251.36364746094, 379.71853637695]}, "seconds": 70.375, "object": "a white", "type": "relation", "subject": "the window"}, {"caption": "the man wearing black shirt", "predicate": "wearing", "target": {"coordinates": [690.93762207031, 270.94171142578, 19.258178710938, 38.944458007812]}, "name": 1689, "source": {"coordinates": [481.14300537109, 1.7860412597656, 251.36364746094, 379.71853637695]}, "seconds": 70.375, "object": "black shirt", "type": "relation", "subject": "the man"}, {"caption": "the man in room", "predicate": "in", "target": {"coordinates": [0.39125442504883, 336.25161743164, 51.168312072754, 57.433837890625]}, "name": 1689, "source": {"coordinates": [481.14300537109, 1.7860412597656, 251.36364746094, 379.71853637695]}, "seconds": 70.375, "object": "room", "type": "relation", "subject": "the man"}, {"caption": "the man in room", "predicate": "in", "target": {"coordinates": [-9.6323547363281, 6.6243591308594, 223.26251220703, 388.95614624023]}, "name": 1689, "source": {"coordinates": [283.41265869141, 46.331520080566, 136.59704589844, 125.82289886475]}, "seconds": 70.375, "object": "room", "type": "relation", "subject": "the man"}, {"caption": "the head of man", "predicate": "of", "target": {"coordinates": [236.33337402344, 34.086868286133, 193.03210449219, 374.04278564453]}, "name": 1689, "source": {"coordinates": [283.41265869141, 46.331520080566, 136.59704589844, 125.82289886475]}, "seconds": 70.375, "object": "man", "type": "relation", "subject": "the head"}, {"caption": "the man in room", "predicate": "in", "target": {"coordinates": [18.073028564453, -2.8702621459961, 691.57458496094, 248.11920166016]}, "name": 1689, "source": {"coordinates": [283.41265869141, 46.331520080566, 136.59704589844, 125.82289886475]}, "seconds": 70.375, "object": "room", "type": "relation", "subject": "the man"}, {"caption": "the head of man", "predicate": "of", "target": {"coordinates": [66.439559936523, 219.17016601562, 121.14645385742, 146.8291015625]}, "name": 1689, "source": {"coordinates": [283.41265869141, 46.331520080566, 136.59704589844, 125.82289886475]}, "seconds": 70.375, "object": "man", "type": "relation", "subject": "the head"}, {"caption": "the man on white table", "predicate": "on", "target": {"coordinates": [5.5290832519531, 227.16934204102, 649.46984863281, 174.41375732422]}, "name": 1689, "source": {"coordinates": [283.41265869141, 46.331520080566, 136.59704589844, 125.82289886475]}, "seconds": 70.375, "object": "white table", "type": "relation", "subject": "the man"}, {"caption": "the man in a white wall", "predicate": "in", "target": {"coordinates": [481.14300537109, 1.7860412597656, 251.36364746094, 379.71853637695]}, "name": 1689, "source": {"coordinates": [283.41265869141, 46.331520080566, 136.59704589844, 125.82289886475]}, "seconds": 70.375, "object": "a white wall", "type": "relation", "subject": "the man"}, {"caption": "the man wearing black shirt", "predicate": "wearing", "target": {"coordinates": [690.93762207031, 270.94171142578, 19.258178710938, 38.944458007812]}, "name": 1689, "source": {"coordinates": [283.41265869141, 46.331520080566, 136.59704589844, 125.82289886475]}, "seconds": 70.375, "object": "black shirt", "type": "relation", "subject": "the man"}, {"caption": "the window on wall", "predicate": "on", "target": {"coordinates": [0.39125442504883, 336.25161743164, 51.168312072754, 57.433837890625]}, "name": 1689, "source": {"coordinates": [283.41265869141, 46.331520080566, 136.59704589844, 125.82289886475]}, "seconds": 70.375, "object": "wall", "type": "relation", "subject": "the window"}, {"caption": "the window on wall", "predicate": "on", "target": {"coordinates": [-9.6323547363281, 6.6243591308594, 223.26251220703, 388.95614624023]}, "name": 1689, "source": {"coordinates": [690.93762207031, 270.94171142578, 19.258178710938, 38.944458007812]}, "seconds": 70.375, "object": "wall", "type": "relation", "subject": "the window"}, {"caption": "the window on building", "predicate": "on", "target": {"coordinates": [236.33337402344, 34.086868286133, 193.03210449219, 374.04278564453]}, "name": 1689, "source": {"coordinates": [690.93762207031, 270.94171142578, 19.258178710938, 38.944458007812]}, "seconds": 70.375, "object": "building", "type": "relation", "subject": "the window"}, {"caption": "the window on building", "predicate": "on", "target": {"coordinates": [18.073028564453, -2.8702621459961, 691.57458496094, 248.11920166016]}, "name": 1689, "source": {"coordinates": [690.93762207031, 270.94171142578, 19.258178710938, 38.944458007812]}, "seconds": 70.375, "object": "building", "type": "relation", "subject": "the window"}, {"caption": "the window on building", "predicate": "on", "target": {"coordinates": [66.439559936523, 219.17016601562, 121.14645385742, 146.8291015625]}, "name": 1689, "source": {"coordinates": [690.93762207031, 270.94171142578, 19.258178710938, 38.944458007812]}, "seconds": 70.375, "object": "building", "type": "relation", "subject": "the window"}, {"caption": "the window on wall", "predicate": "on", "target": {"coordinates": [5.5290832519531, 227.16934204102, 649.46984863281, 174.41375732422]}, "name": 1689, "source": {"coordinates": [690.93762207031, 270.94171142578, 19.258178710938, 38.944458007812]}, "seconds": 70.375, "object": "wall", "type": "relation", "subject": "the window"}, {"caption": "the window on wall", "predicate": "on", "target": {"coordinates": [481.14300537109, 1.7860412597656, 251.36364746094, 379.71853637695]}, "name": 1689, "source": {"coordinates": [690.93762207031, 270.94171142578, 19.258178710938, 38.944458007812]}, "seconds": 70.375, "object": "wall", "type": "relation", "subject": "the window"}, {"caption": "the man wearing black hat", "predicate": "wearing", "target": {"coordinates": [283.41265869141, 46.331520080566, 136.59704589844, 125.82289886475]}, "name": 1689, "source": {"coordinates": [690.93762207031, 270.94171142578, 19.258178710938, 38.944458007812]}, "seconds": 70.375, "object": "black hat", "type": "relation", "subject": "the man"}, {"caption": "the hand on wall", "predicate": "on", "target": {"coordinates": [0.39125442504883, 336.25161743164, 51.168312072754, 57.433837890625]}, "name": 1689, "source": {"coordinates": [690.93762207031, 270.94171142578, 19.258178710938, 38.944458007812]}, "seconds": 70.375, "object": "wall", "type": "relation", "subject": "the hand"}, {"caption": "the hand on wall", "predicate": "on", "target": {"coordinates": [-9.6323547363281, 6.6243591308594, 223.26251220703, 388.95614624023]}, "name": 1689, "source": {"coordinates": [0.39125442504883, 336.25161743164, 51.168312072754, 57.433837890625]}, "seconds": 70.375, "object": "wall", "type": "relation", "subject": "the hand"}, {"caption": "the hand of a man", "predicate": "of", "target": {"coordinates": [236.33337402344, 34.086868286133, 193.03210449219, 374.04278564453]}, "name": 1689, "source": {"coordinates": [0.39125442504883, 336.25161743164, 51.168312072754, 57.433837890625]}, "seconds": 70.375, "object": "a man", "type": "relation", "subject": "the hand"}, {"caption": "the light on wall", "predicate": "on", "target": {"coordinates": [18.073028564453, -2.8702621459961, 691.57458496094, 248.11920166016]}, "name": 1689, "source": {"coordinates": [0.39125442504883, 336.25161743164, 51.168312072754, 57.433837890625]}, "seconds": 70.375, "object": "wall", "type": "relation", "subject": "the light"}, {"caption": "the person on a white table", "predicate": "on", "target": {"coordinates": [66.439559936523, 219.17016601562, 121.14645385742, 146.8291015625]}, "name": 1689, "source": {"coordinates": [0.39125442504883, 336.25161743164, 51.168312072754, 57.433837890625]}, "seconds": 70.375, "object": "a white table", "type": "relation", "subject": "the person"}, {"caption": "the hand on table", "predicate": "on", "target": {"coordinates": [5.5290832519531, 227.16934204102, 649.46984863281, 174.41375732422]}, "name": 1689, "source": {"coordinates": [0.39125442504883, 336.25161743164, 51.168312072754, 57.433837890625]}, "seconds": 70.375, "object": "table", "type": "relation", "subject": "the hand"}, {"caption": "the hand on wall", "predicate": "on", "target": {"coordinates": [481.14300537109, 1.7860412597656, 251.36364746094, 379.71853637695]}, "name": 1689, "source": {"coordinates": [0.39125442504883, 336.25161743164, 51.168312072754, 57.433837890625]}, "seconds": 70.375, "object": "wall", "type": "relation", "subject": "the hand"}, {"caption": "the hand of a man", "predicate": "of", "target": {"coordinates": [283.41265869141, 46.331520080566, 136.59704589844, 125.82289886475]}, "name": 1689, "source": {"coordinates": [0.39125442504883, 336.25161743164, 51.168312072754, 57.433837890625]}, "seconds": 70.375, "object": "a man", "type": "relation", "subject": "the hand"}, {"caption": "the person on wall", "predicate": "on", "target": {"coordinates": [690.93762207031, 270.94171142578, 19.258178710938, 38.944458007812]}, "name": 1689, "source": {"coordinates": [0.39125442504883, 336.25161743164, 51.168312072754, 57.433837890625]}, "seconds": 70.375, "object": "wall", "type": "relation", "subject": "the person"}]