[{"caption": "the window on wall", "predicate": "on", "target": {"coordinates": [478.79528808594, 13.889373779297, 256.49243164062, 363.45797729492]}, "name": 1683, "source": {"coordinates": [-11.91911315918, 2.9607849121094, 224.86506652832, 393.84841918945]}, "seconds": 70.125, "object": "wall", "type": "relation", "subject": "the window"}, {"caption": "the woman wearing white shirt", "predicate": "wearing", "target": {"coordinates": [0.15219116210938, 206.11209106445, 713.39599609375, 200.53350830078]}, "name": 1683, "source": {"coordinates": [-11.91911315918, 2.9607849121094, 224.86506652832, 393.84841918945]}, "seconds": 70.125, "object": "white shirt", "type": "relation", "subject": "the woman"}, {"caption": "the window on wall", "predicate": "on", "target": {"coordinates": [288.97262573242, 33.449462890625, 203.17840576172, 366.41827392578]}, "name": 1683, "source": {"coordinates": [-11.91911315918, 2.9607849121094, 224.86506652832, 393.84841918945]}, "seconds": 70.125, "object": "wall", "type": "relation", "subject": "the window"}, {"caption": "the man has head", "predicate": "has", "target": {"coordinates": [45.291381835938, 1.9521789550781, 672.13568115234, 289.49780273438]}, "name": 1683, "source": {"coordinates": [-11.91911315918, 2.9607849121094, 224.86506652832, 393.84841918945]}, "seconds": 70.125, "object": "head", "type": "relation", "subject": "the man"}, {"caption": "the man has head", "predicate": "has", "target": {"coordinates": [309.77401733398, 66.004348754883, 132.53326416016, 144.76864624023]}, "name": 1683, "source": {"coordinates": [-11.91911315918, 2.9607849121094, 224.86506652832, 393.84841918945]}, "seconds": 70.125, "object": "head", "type": "relation", "subject": "the man"}, {"caption": "the window has a window", "predicate": "has", "target": {"coordinates": [323.04959106445, 66.570343017578, 94.2646484375, 45.19499206543]}, "name": 1683, "source": {"coordinates": [-11.91911315918, 2.9607849121094, 224.86506652832, 393.84841918945]}, "seconds": 70.125, "object": "a window", "type": "relation", "subject": "the window"}, {"caption": "the window on wall", "predicate": "on", "target": {"coordinates": [688.67639160156, 270.41751098633, 22.989013671875, 41.294128417969]}, "name": 1683, "source": {"coordinates": [-11.91911315918, 2.9607849121094, 224.86506652832, 393.84841918945]}, "seconds": 70.125, "object": "wall", "type": "relation", "subject": "the window"}, {"caption": "the window on wall", "predicate": "on", "target": {"coordinates": [-11.91911315918, 2.9607849121094, 224.86506652832, 393.84841918945]}, "name": 1683, "source": {"coordinates": [478.79528808594, 13.889373779297, 256.49243164062, 363.45797729492]}, "seconds": 70.125, "object": "wall", "type": "relation", "subject": "the window"}, {"caption": "the woman wearing white shirt", "predicate": "wearing", "target": {"coordinates": [0.15219116210938, 206.11209106445, 713.39599609375, 200.53350830078]}, "name": 1683, "source": {"coordinates": [478.79528808594, 13.889373779297, 256.49243164062, 363.45797729492]}, "seconds": 70.125, "object": "white shirt", "type": "relation", "subject": "the woman"}, {"caption": "the window on wall", "predicate": "on", "target": {"coordinates": [288.97262573242, 33.449462890625, 203.17840576172, 366.41827392578]}, "name": 1683, "source": {"coordinates": [478.79528808594, 13.889373779297, 256.49243164062, 363.45797729492]}, "seconds": 70.125, "object": "wall", "type": "relation", "subject": "the window"}, {"caption": "the woman has head", "predicate": "has", "target": {"coordinates": [45.291381835938, 1.9521789550781, 672.13568115234, 289.49780273438]}, "name": 1683, "source": {"coordinates": [478.79528808594, 13.889373779297, 256.49243164062, 363.45797729492]}, "seconds": 70.125, "object": "head", "type": "relation", "subject": "the woman"}, {"caption": "the man has head", "predicate": "has", "target": {"coordinates": [309.77401733398, 66.004348754883, 132.53326416016, 144.76864624023]}, "name": 1683, "source": {"coordinates": [478.79528808594, 13.889373779297, 256.49243164062, 363.45797729492]}, "seconds": 70.125, "object": "head", "type": "relation", "subject": "the man"}, {"caption": "the window has a window", "predicate": "has", "target": {"coordinates": [323.04959106445, 66.570343017578, 94.2646484375, 45.19499206543]}, "name": 1683, "source": {"coordinates": [478.79528808594, 13.889373779297, 256.49243164062, 363.45797729492]}, "seconds": 70.125, "object": "a window", "type": "relation", "subject": "the window"}, {"caption": "the window on wall", "predicate": "on", "target": {"coordinates": [688.67639160156, 270.41751098633, 22.989013671875, 41.294128417969]}, "name": 1683, "source": {"coordinates": [478.79528808594, 13.889373779297, 256.49243164062, 363.45797729492]}, "seconds": 70.125, "object": "wall", "type": "relation", "subject": "the window"}, {"caption": "the window on wall", "predicate": "on", "target": {"coordinates": [-11.91911315918, 2.9607849121094, 224.86506652832, 393.84841918945]}, "name": 1683, "source": {"coordinates": [0.15219116210938, 206.11209106445, 713.39599609375, 200.53350830078]}, "seconds": 70.125, "object": "wall", "type": "relation", "subject": "the window"}, {"caption": "the man in room", "predicate": "in", "target": {"coordinates": [478.79528808594, 13.889373779297, 256.49243164062, 363.45797729492]}, "name": 1683, "source": {"coordinates": [0.15219116210938, 206.11209106445, 713.39599609375, 200.53350830078]}, "seconds": 70.125, "object": "room", "type": "relation", "subject": "the man"}, {"caption": "the man in room", "predicate": "in", "target": {"coordinates": [288.97262573242, 33.449462890625, 203.17840576172, 366.41827392578]}, "name": 1683, "source": {"coordinates": [0.15219116210938, 206.11209106445, 713.39599609375, 200.53350830078]}, "seconds": 70.125, "object": "room", "type": "relation", "subject": "the man"}, {"caption": "the man has head", "predicate": "has", "target": {"coordinates": [45.291381835938, 1.9521789550781, 672.13568115234, 289.49780273438]}, "name": 1683, "source": {"coordinates": [0.15219116210938, 206.11209106445, 713.39599609375, 200.53350830078]}, "seconds": 70.125, "object": "head", "type": "relation", "subject": "the man"}, {"caption": "the man has head", "predicate": "has", "target": {"coordinates": [309.77401733398, 66.004348754883, 132.53326416016, 144.76864624023]}, "name": 1683, "source": {"coordinates": [0.15219116210938, 206.11209106445, 713.39599609375, 200.53350830078]}, "seconds": 70.125, "object": "head", "type": "relation", "subject": "the man"}, {"caption": "the man wearing white shirt", "predicate": "wearing", "target": {"coordinates": [323.04959106445, 66.570343017578, 94.2646484375, 45.19499206543]}, "name": 1683, "source": {"coordinates": [0.15219116210938, 206.11209106445, 713.39599609375, 200.53350830078]}, "seconds": 70.125, "object": "white shirt", "type": "relation", "subject": "the man"}, {"caption": "the woman in room", "predicate": "in", "target": {"coordinates": [688.67639160156, 270.41751098633, 22.989013671875, 41.294128417969]}, "name": 1683, "source": {"coordinates": [0.15219116210938, 206.11209106445, 713.39599609375, 200.53350830078]}, "seconds": 70.125, "object": "room", "type": "relation", "subject": "the woman"}, {"caption": "the woman in room", "predicate": "in", "target": {"coordinates": [-11.91911315918, 2.9607849121094, 224.86506652832, 393.84841918945]}, "name": 1683, "source": {"coordinates": [288.97262573242, 33.449462890625, 203.17840576172, 366.41827392578]}, "seconds": 70.125, "object": "room", "type": "relation", "subject": "the woman"}, {"caption": "the woman in a white wall", "predicate": "in", "target": {"coordinates": [478.79528808594, 13.889373779297, 256.49243164062, 363.45797729492]}, "name": 1683, "source": {"coordinates": [288.97262573242, 33.449462890625, 203.17840576172, 366.41827392578]}, "seconds": 70.125, "object": "a white wall", "type": "relation", "subject": "the woman"}, {"caption": "the man in a white wall", "predicate": "in", "target": {"coordinates": [0.15219116210938, 206.11209106445, 713.39599609375, 200.53350830078]}, "name": 1683, "source": {"coordinates": [288.97262573242, 33.449462890625, 203.17840576172, 366.41827392578]}, "seconds": 70.125, "object": "a white wall", "type": "relation", "subject": "the man"}, {"caption": "the man wearing black hat", "predicate": "wearing", "target": {"coordinates": [45.291381835938, 1.9521789550781, 672.13568115234, 289.49780273438]}, "name": 1683, "source": {"coordinates": [288.97262573242, 33.449462890625, 203.17840576172, 366.41827392578]}, "seconds": 70.125, "object": "black hat", "type": "relation", "subject": "the man"}, {"caption": "the man has head", "predicate": "has", "target": {"coordinates": [309.77401733398, 66.004348754883, 132.53326416016, 144.76864624023]}, "name": 1683, "source": {"coordinates": [288.97262573242, 33.449462890625, 203.17840576172, 366.41827392578]}, "seconds": 70.125, "object": "head", "type": "relation", "subject": "the man"}, {"caption": "the woman in a white wall", "predicate": "in", "target": {"coordinates": [323.04959106445, 66.570343017578, 94.2646484375, 45.19499206543]}, "name": 1683, "source": {"coordinates": [288.97262573242, 33.449462890625, 203.17840576172, 366.41827392578]}, "seconds": 70.125, "object": "a white wall", "type": "relation", "subject": "the woman"}, {"caption": "the window on wall", "predicate": "on", "target": {"coordinates": [688.67639160156, 270.41751098633, 22.989013671875, 41.294128417969]}, "name": 1683, "source": {"coordinates": [288.97262573242, 33.449462890625, 203.17840576172, 366.41827392578]}, "seconds": 70.125, "object": "wall", "type": "relation", "subject": "the window"}, {"caption": "the window on wall", "predicate": "on", "target": {"coordinates": [-11.91911315918, 2.9607849121094, 224.86506652832, 393.84841918945]}, "name": 1683, "source": {"coordinates": [45.291381835938, 1.9521789550781, 672.13568115234, 289.49780273438]}, "seconds": 70.125, "object": "wall", "type": "relation", "subject": "the window"}, {"caption": "the window on wall", "predicate": "on", "target": {"coordinates": [478.79528808594, 13.889373779297, 256.49243164062, 363.45797729492]}, "name": 1683, "source": {"coordinates": [45.291381835938, 1.9521789550781, 672.13568115234, 289.49780273438]}, "seconds": 70.125, "object": "wall", "type": "relation", "subject": "the window"}, {"caption": "the window on wall", "predicate": "on", "target": {"coordinates": [0.15219116210938, 206.11209106445, 713.39599609375, 200.53350830078]}, "name": 1683, "source": {"coordinates": [45.291381835938, 1.9521789550781, 672.13568115234, 289.49780273438]}, "seconds": 70.125, "object": "wall", "type": "relation", "subject": "the window"}, {"caption": "the window on wall", "predicate": "on", "target": {"coordinates": [288.97262573242, 33.449462890625, 203.17840576172, 366.41827392578]}, "name": 1683, "source": {"coordinates": [45.291381835938, 1.9521789550781, 672.13568115234, 289.49780273438]}, "seconds": 70.125, "object": "wall", "type": "relation", "subject": "the window"}, {"caption": "the man has head", "predicate": "has", "target": {"coordinates": [309.77401733398, 66.004348754883, 132.53326416016, 144.76864624023]}, "name": 1683, "source": {"coordinates": [45.291381835938, 1.9521789550781, 672.13568115234, 289.49780273438]}, "seconds": 70.125, "object": "head", "type": "relation", "subject": "the man"}, {"caption": "the window has a window", "predicate": "has", "target": {"coordinates": [323.04959106445, 66.570343017578, 94.2646484375, 45.19499206543]}, "name": 1683, "source": {"coordinates": [45.291381835938, 1.9521789550781, 672.13568115234, 289.49780273438]}, "seconds": 70.125, "object": "a window", "type": "relation", "subject": "the window"}, {"caption": "the man in room", "predicate": "in", "target": {"coordinates": [688.67639160156, 270.41751098633, 22.989013671875, 41.294128417969]}, "name": 1683, "source": {"coordinates": [45.291381835938, 1.9521789550781, 672.13568115234, 289.49780273438]}, "seconds": 70.125, "object": "room", "type": "relation", "subject": "the man"}, {"caption": "the man in room", "predicate": "in", "target": {"coordinates": [-11.91911315918, 2.9607849121094, 224.86506652832, 393.84841918945]}, "name": 1683, "source": {"coordinates": [309.77401733398, 66.004348754883, 132.53326416016, 144.76864624023]}, "seconds": 70.125, "object": "room", "type": "relation", "subject": "the man"}, {"caption": "the man in a white wall", "predicate": "in", "target": {"coordinates": [478.79528808594, 13.889373779297, 256.49243164062, 363.45797729492]}, "name": 1683, "source": {"coordinates": [309.77401733398, 66.004348754883, 132.53326416016, 144.76864624023]}, "seconds": 70.125, "object": "a white wall", "type": "relation", "subject": "the man"}, {"caption": "the man on a table", "predicate": "on", "target": {"coordinates": [0.15219116210938, 206.11209106445, 713.39599609375, 200.53350830078]}, "name": 1683, "source": {"coordinates": [309.77401733398, 66.004348754883, 132.53326416016, 144.76864624023]}, "seconds": 70.125, "object": "a table", "type": "relation", "subject": "the man"}, {"caption": "the head of man", "predicate": "of", "target": {"coordinates": [288.97262573242, 33.449462890625, 203.17840576172, 366.41827392578]}, "name": 1683, "source": {"coordinates": [309.77401733398, 66.004348754883, 132.53326416016, 144.76864624023]}, "seconds": 70.125, "object": "man", "type": "relation", "subject": "the head"}, {"caption": "the man in room", "predicate": "in", "target": {"coordinates": [45.291381835938, 1.9521789550781, 672.13568115234, 289.49780273438]}, "name": 1683, "source": {"coordinates": [309.77401733398, 66.004348754883, 132.53326416016, 144.76864624023]}, "seconds": 70.125, "object": "room", "type": "relation", "subject": "the man"}, {"caption": "the head of man", "predicate": "of", "target": {"coordinates": [323.04959106445, 66.570343017578, 94.2646484375, 45.19499206543]}, "name": 1683, "source": {"coordinates": [309.77401733398, 66.004348754883, 132.53326416016, 144.76864624023]}, "seconds": 70.125, "object": "man", "type": "relation", "subject": "the head"}, {"caption": "the head of a man", "predicate": "of", "target": {"coordinates": [688.67639160156, 270.41751098633, 22.989013671875, 41.294128417969]}, "name": 1683, "source": {"coordinates": [309.77401733398, 66.004348754883, 132.53326416016, 144.76864624023]}, "seconds": 70.125, "object": "a man", "type": "relation", "subject": "the head"}, {"caption": "the head of a man", "predicate": "of", "target": {"coordinates": [-11.91911315918, 2.9607849121094, 224.86506652832, 393.84841918945]}, "name": 1683, "source": {"coordinates": [323.04959106445, 66.570343017578, 94.2646484375, 45.19499206543]}, "seconds": 70.125, "object": "a man", "type": "relation", "subject": "the head"}, {"caption": "the hand on wall", "predicate": "on", "target": {"coordinates": [478.79528808594, 13.889373779297, 256.49243164062, 363.45797729492]}, "name": 1683, "source": {"coordinates": [323.04959106445, 66.570343017578, 94.2646484375, 45.19499206543]}, "seconds": 70.125, "object": "wall", "type": "relation", "subject": "the hand"}, {"caption": "the hand on a wall", "predicate": "on", "target": {"coordinates": [0.15219116210938, 206.11209106445, 713.39599609375, 200.53350830078]}, "name": 1683, "source": {"coordinates": [323.04959106445, 66.570343017578, 94.2646484375, 45.19499206543]}, "seconds": 70.125, "object": "a wall", "type": "relation", "subject": "the hand"}, {"caption": "the head of a man", "predicate": "of", "target": {"coordinates": [288.97262573242, 33.449462890625, 203.17840576172, 366.41827392578]}, "name": 1683, "source": {"coordinates": [323.04959106445, 66.570343017578, 94.2646484375, 45.19499206543]}, "seconds": 70.125, "object": "a man", "type": "relation", "subject": "the head"}, {"caption": "the head of a building", "predicate": "of", "target": {"coordinates": [45.291381835938, 1.9521789550781, 672.13568115234, 289.49780273438]}, "name": 1683, "source": {"coordinates": [323.04959106445, 66.570343017578, 94.2646484375, 45.19499206543]}, "seconds": 70.125, "object": "a building", "type": "relation", "subject": "the head"}, {"caption": "the hair on head", "predicate": "on", "target": {"coordinates": [309.77401733398, 66.004348754883, 132.53326416016, 144.76864624023]}, "name": 1683, "source": {"coordinates": [323.04959106445, 66.570343017578, 94.2646484375, 45.19499206543]}, "seconds": 70.125, "object": "head", "type": "relation", "subject": "the hair"}, {"caption": "the window on wall", "predicate": "on", "target": {"coordinates": [688.67639160156, 270.41751098633, 22.989013671875, 41.294128417969]}, "name": 1683, "source": {"coordinates": [323.04959106445, 66.570343017578, 94.2646484375, 45.19499206543]}, "seconds": 70.125, "object": "wall", "type": "relation", "subject": "the window"}, {"caption": "the window on wall", "predicate": "on", "target": {"coordinates": [-11.91911315918, 2.9607849121094, 224.86506652832, 393.84841918945]}, "name": 1683, "source": {"coordinates": [688.67639160156, 270.41751098633, 22.989013671875, 41.294128417969]}, "seconds": 70.125, "object": "wall", "type": "relation", "subject": "the window"}, {"caption": "the window on wall", "predicate": "on", "target": {"coordinates": [478.79528808594, 13.889373779297, 256.49243164062, 363.45797729492]}, "name": 1683, "source": {"coordinates": [688.67639160156, 270.41751098633, 22.989013671875, 41.294128417969]}, "seconds": 70.125, "object": "wall", "type": "relation", "subject": "the window"}, {"caption": "the window on wall", "predicate": "on", "target": {"coordinates": [0.15219116210938, 206.11209106445, 713.39599609375, 200.53350830078]}, "name": 1683, "source": {"coordinates": [688.67639160156, 270.41751098633, 22.989013671875, 41.294128417969]}, "seconds": 70.125, "object": "wall", "type": "relation", "subject": "the window"}, {"caption": "the window on building", "predicate": "on", "target": {"coordinates": [288.97262573242, 33.449462890625, 203.17840576172, 366.41827392578]}, "name": 1683, "source": {"coordinates": [688.67639160156, 270.41751098633, 22.989013671875, 41.294128417969]}, "seconds": 70.125, "object": "building", "type": "relation", "subject": "the window"}, {"caption": "the window on building", "predicate": "on", "target": {"coordinates": [45.291381835938, 1.9521789550781, 672.13568115234, 289.49780273438]}, "name": 1683, "source": {"coordinates": [688.67639160156, 270.41751098633, 22.989013671875, 41.294128417969]}, "seconds": 70.125, "object": "building", "type": "relation", "subject": "the window"}, {"caption": "the window on a building", "predicate": "on", "target": {"coordinates": [309.77401733398, 66.004348754883, 132.53326416016, 144.76864624023]}, "name": 1683, "source": {"coordinates": [688.67639160156, 270.41751098633, 22.989013671875, 41.294128417969]}, "seconds": 70.125, "object": "a building", "type": "relation", "subject": "the window"}, {"caption": "the window on building", "predicate": "on", "target": {"coordinates": [323.04959106445, 66.570343017578, 94.2646484375, 45.19499206543]}, "name": 1683, "source": {"coordinates": [688.67639160156, 270.41751098633, 22.989013671875, 41.294128417969]}, "seconds": 70.125, "object": "building", "type": "relation", "subject": "the window"}]