[{"caption": "the man wearing black hat", "predicate": "wearing", "target": {"coordinates": [475.42028808594, 2.202880859375, 257.00524902344, 400.97595214844]}, "name": 1794, "source": {"coordinates": [36.109100341797, 19.251113891602, 365.90438842773, 380.03454589844]}, "seconds": 74.75, "object": "black hat", "type": "relation", "subject": "the man"}, {"caption": "the man has white handle", "predicate": "has", "target": {"coordinates": [169.83518981934, 32.109375, 125.14241027832, 110.55979919434]}, "name": 1794, "source": {"coordinates": [36.109100341797, 19.251113891602, 365.90438842773, 380.03454589844]}, "seconds": 74.75, "object": "white handle", "type": "relation", "subject": "the man"}, {"caption": "the man has a white plate", "predicate": "has", "target": {"coordinates": [441.14434814453, 372.17352294922, 37.727355957031, 26.991821289062]}, "name": 1794, "source": {"coordinates": [36.109100341797, 19.251113891602, 365.90438842773, 380.03454589844]}, "seconds": 74.75, "object": "a white plate", "type": "relation", "subject": "the man"}, {"caption": "the man in room", "predicate": "in", "target": {"coordinates": [5.3620471954346, 125.97296142578, 35.899253845215, 56.563232421875]}, "name": 1794, "source": {"coordinates": [36.109100341797, 19.251113891602, 365.90438842773, 380.03454589844]}, "seconds": 74.75, "object": "room", "type": "relation", "subject": "the man"}, {"caption": "the woman in front of building", "predicate": "in", "target": {"coordinates": [106.27981567383, 217.39978027344, 646.66467285156, 182.2158203125]}, "name": 1794, "source": {"coordinates": [36.109100341797, 19.251113891602, 365.90438842773, 380.03454589844]}, "seconds": 74.75, "object": "front of building", "type": "relation", "subject": "the woman"}, {"caption": "the window on wall", "predicate": "on", "target": {"coordinates": [69.444305419922, -0.86810302734375, 670.67626953125, 198.43032836914]}, "name": 1794, "source": {"coordinates": [36.109100341797, 19.251113891602, 365.90438842773, 380.03454589844]}, "seconds": 74.75, "object": "wall", "type": "relation", "subject": "the window"}, {"caption": "the window on wall", "predicate": "on", "target": {"coordinates": [36.109100341797, 19.251113891602, 365.90438842773, 380.03454589844]}, "name": 1794, "source": {"coordinates": [475.42028808594, 2.202880859375, 257.00524902344, 400.97595214844]}, "seconds": 74.75, "object": "wall", "type": "relation", "subject": "the window"}, {"caption": "the window has a white handle", "predicate": "has", "target": {"coordinates": [169.83518981934, 32.109375, 125.14241027832, 110.55979919434]}, "name": 1794, "source": {"coordinates": [475.42028808594, 2.202880859375, 257.00524902344, 400.97595214844]}, "seconds": 74.75, "object": "a white handle", "type": "relation", "subject": "the window"}, {"caption": "the man has a white handle", "predicate": "has", "target": {"coordinates": [441.14434814453, 372.17352294922, 37.727355957031, 26.991821289062]}, "name": 1794, "source": {"coordinates": [475.42028808594, 2.202880859375, 257.00524902344, 400.97595214844]}, "seconds": 74.75, "object": "a white handle", "type": "relation", "subject": "the man"}, {"caption": "the window on wall", "predicate": "on", "target": {"coordinates": [5.3620471954346, 125.97296142578, 35.899253845215, 56.563232421875]}, "name": 1794, "source": {"coordinates": [475.42028808594, 2.202880859375, 257.00524902344, 400.97595214844]}, "seconds": 74.75, "object": "wall", "type": "relation", "subject": "the window"}, {"caption": "the window on building", "predicate": "on", "target": {"coordinates": [106.27981567383, 217.39978027344, 646.66467285156, 182.2158203125]}, "name": 1794, "source": {"coordinates": [475.42028808594, 2.202880859375, 257.00524902344, 400.97595214844]}, "seconds": 74.75, "object": "building", "type": "relation", "subject": "the window"}, {"caption": "the head of man", "predicate": "of", "target": {"coordinates": [69.444305419922, -0.86810302734375, 670.67626953125, 198.43032836914]}, "name": 1794, "source": {"coordinates": [475.42028808594, 2.202880859375, 257.00524902344, 400.97595214844]}, "seconds": 74.75, "object": "man", "type": "relation", "subject": "the head"}, {"caption": "the head of man", "predicate": "of", "target": {"coordinates": [36.109100341797, 19.251113891602, 365.90438842773, 380.03454589844]}, "name": 1794, "source": {"coordinates": [169.83518981934, 32.109375, 125.14241027832, 110.55979919434]}, "seconds": 74.75, "object": "man", "type": "relation", "subject": "the head"}, {"caption": "the hand on wall", "predicate": "on", "target": {"coordinates": [475.42028808594, 2.202880859375, 257.00524902344, 400.97595214844]}, "name": 1794, "source": {"coordinates": [169.83518981934, 32.109375, 125.14241027832, 110.55979919434]}, "seconds": 74.75, "object": "wall", "type": "relation", "subject": "the hand"}, {"caption": "the head of man", "predicate": "of", "target": {"coordinates": [441.14434814453, 372.17352294922, 37.727355957031, 26.991821289062]}, "name": 1794, "source": {"coordinates": [169.83518981934, 32.109375, 125.14241027832, 110.55979919434]}, "seconds": 74.75, "object": "man", "type": "relation", "subject": "the head"}, {"caption": "the hand on wall", "predicate": "on", "target": {"coordinates": [5.3620471954346, 125.97296142578, 35.899253845215, 56.563232421875]}, "name": 1794, "source": {"coordinates": [169.83518981934, 32.109375, 125.14241027832, 110.55979919434]}, "seconds": 74.75, "object": "wall", "type": "relation", "subject": "the hand"}, {"caption": "the head of man", "predicate": "of", "target": {"coordinates": [106.27981567383, 217.39978027344, 646.66467285156, 182.2158203125]}, "name": 1794, "source": {"coordinates": [169.83518981934, 32.109375, 125.14241027832, 110.55979919434]}, "seconds": 74.75, "object": "man", "type": "relation", "subject": "the head"}, {"caption": "the light on wall", "predicate": "on", "target": {"coordinates": [69.444305419922, -0.86810302734375, 670.67626953125, 198.43032836914]}, "name": 1794, "source": {"coordinates": [169.83518981934, 32.109375, 125.14241027832, 110.55979919434]}, "seconds": 74.75, "object": "wall", "type": "relation", "subject": "the light"}, {"caption": "the light on wall", "predicate": "on", "target": {"coordinates": [36.109100341797, 19.251113891602, 365.90438842773, 380.03454589844]}, "name": 1794, "source": {"coordinates": [441.14434814453, 372.17352294922, 37.727355957031, 26.991821289062]}, "seconds": 74.75, "object": "wall", "type": "relation", "subject": "the light"}, {"caption": "the light on wall", "predicate": "on", "target": {"coordinates": [475.42028808594, 2.202880859375, 257.00524902344, 400.97595214844]}, "name": 1794, "source": {"coordinates": [441.14434814453, 372.17352294922, 37.727355957031, 26.991821289062]}, "seconds": 74.75, "object": "wall", "type": "relation", "subject": "the light"}, {"caption": "the light on white toilet", "predicate": "on", "target": {"coordinates": [169.83518981934, 32.109375, 125.14241027832, 110.55979919434]}, "name": 1794, "source": {"coordinates": [441.14434814453, 372.17352294922, 37.727355957031, 26.991821289062]}, "seconds": 74.75, "object": "white toilet", "type": "relation", "subject": "the light"}, {"caption": "the light on wall", "predicate": "on", "target": {"coordinates": [5.3620471954346, 125.97296142578, 35.899253845215, 56.563232421875]}, "name": 1794, "source": {"coordinates": [441.14434814453, 372.17352294922, 37.727355957031, 26.991821289062]}, "seconds": 74.75, "object": "wall", "type": "relation", "subject": "the light"}, {"caption": "the light on wall", "predicate": "on", "target": {"coordinates": [106.27981567383, 217.39978027344, 646.66467285156, 182.2158203125]}, "name": 1794, "source": {"coordinates": [441.14434814453, 372.17352294922, 37.727355957031, 26.991821289062]}, "seconds": 74.75, "object": "wall", "type": "relation", "subject": "the light"}, {"caption": "the light on wall", "predicate": "on", "target": {"coordinates": [69.444305419922, -0.86810302734375, 670.67626953125, 198.43032836914]}, "name": 1794, "source": {"coordinates": [441.14434814453, 372.17352294922, 37.727355957031, 26.991821289062]}, "seconds": 74.75, "object": "wall", "type": "relation", "subject": "the light"}, {"caption": "the light on wall", "predicate": "on", "target": {"coordinates": [36.109100341797, 19.251113891602, 365.90438842773, 380.03454589844]}, "name": 1794, "source": {"coordinates": [5.3620471954346, 125.97296142578, 35.899253845215, 56.563232421875]}, "seconds": 74.75, "object": "wall", "type": "relation", "subject": "the light"}, {"caption": "the light on wall", "predicate": "on", "target": {"coordinates": [475.42028808594, 2.202880859375, 257.00524902344, 400.97595214844]}, "name": 1794, "source": {"coordinates": [5.3620471954346, 125.97296142578, 35.899253845215, 56.563232421875]}, "seconds": 74.75, "object": "wall", "type": "relation", "subject": "the light"}, {"caption": "the hand on table", "predicate": "on", "target": {"coordinates": [169.83518981934, 32.109375, 125.14241027832, 110.55979919434]}, "name": 1794, "source": {"coordinates": [5.3620471954346, 125.97296142578, 35.899253845215, 56.563232421875]}, "seconds": 74.75, "object": "table", "type": "relation", "subject": "the hand"}, {"caption": "the hand on head", "predicate": "on", "target": {"coordinates": [441.14434814453, 372.17352294922, 37.727355957031, 26.991821289062]}, "name": 1794, "source": {"coordinates": [5.3620471954346, 125.97296142578, 35.899253845215, 56.563232421875]}, "seconds": 74.75, "object": "head", "type": "relation", "subject": "the hand"}, {"caption": "the light on wall", "predicate": "on", "target": {"coordinates": [106.27981567383, 217.39978027344, 646.66467285156, 182.2158203125]}, "name": 1794, "source": {"coordinates": [5.3620471954346, 125.97296142578, 35.899253845215, 56.563232421875]}, "seconds": 74.75, "object": "wall", "type": "relation", "subject": "the light"}, {"caption": "the woman in room", "predicate": "in", "target": {"coordinates": [69.444305419922, -0.86810302734375, 670.67626953125, 198.43032836914]}, "name": 1794, "source": {"coordinates": [5.3620471954346, 125.97296142578, 35.899253845215, 56.563232421875]}, "seconds": 74.75, "object": "room", "type": "relation", "subject": "the woman"}, {"caption": "the woman in room", "predicate": "in", "target": {"coordinates": [36.109100341797, 19.251113891602, 365.90438842773, 380.03454589844]}, "name": 1794, "source": {"coordinates": [106.27981567383, 217.39978027344, 646.66467285156, 182.2158203125]}, "seconds": 74.75, "object": "room", "type": "relation", "subject": "the woman"}, {"caption": "the man in room", "predicate": "in", "target": {"coordinates": [475.42028808594, 2.202880859375, 257.00524902344, 400.97595214844]}, "name": 1794, "source": {"coordinates": [106.27981567383, 217.39978027344, 646.66467285156, 182.2158203125]}, "seconds": 74.75, "object": "room", "type": "relation", "subject": "the man"}, {"caption": "the man wearing white shirt", "predicate": "wearing", "target": {"coordinates": [169.83518981934, 32.109375, 125.14241027832, 110.55979919434]}, "name": 1794, "source": {"coordinates": [106.27981567383, 217.39978027344, 646.66467285156, 182.2158203125]}, "seconds": 74.75, "object": "white shirt", "type": "relation", "subject": "the man"}, {"caption": "the man wearing black hat", "predicate": "wearing", "target": {"coordinates": [441.14434814453, 372.17352294922, 37.727355957031, 26.991821289062]}, "name": 1794, "source": {"coordinates": [106.27981567383, 217.39978027344, 646.66467285156, 182.2158203125]}, "seconds": 74.75, "object": "black hat", "type": "relation", "subject": "the man"}, {"caption": "the man has white handle", "predicate": "has", "target": {"coordinates": [5.3620471954346, 125.97296142578, 35.899253845215, 56.563232421875]}, "name": 1794, "source": {"coordinates": [106.27981567383, 217.39978027344, 646.66467285156, 182.2158203125]}, "seconds": 74.75, "object": "white handle", "type": "relation", "subject": "the man"}, {"caption": "the woman in room", "predicate": "in", "target": {"coordinates": [69.444305419922, -0.86810302734375, 670.67626953125, 198.43032836914]}, "name": 1794, "source": {"coordinates": [106.27981567383, 217.39978027344, 646.66467285156, 182.2158203125]}, "seconds": 74.75, "object": "room", "type": "relation", "subject": "the woman"}, {"caption": "the woman in room", "predicate": "in", "target": {"coordinates": [36.109100341797, 19.251113891602, 365.90438842773, 380.03454589844]}, "name": 1794, "source": {"coordinates": [69.444305419922, -0.86810302734375, 670.67626953125, 198.43032836914]}, "seconds": 74.75, "object": "room", "type": "relation", "subject": "the woman"}, {"caption": "the window on wall", "predicate": "on", "target": {"coordinates": [475.42028808594, 2.202880859375, 257.00524902344, 400.97595214844]}, "name": 1794, "source": {"coordinates": [69.444305419922, -0.86810302734375, 670.67626953125, 198.43032836914]}, "seconds": 74.75, "object": "wall", "type": "relation", "subject": "the window"}, {"caption": "the man wearing white shirt", "predicate": "wearing", "target": {"coordinates": [169.83518981934, 32.109375, 125.14241027832, 110.55979919434]}, "name": 1794, "source": {"coordinates": [69.444305419922, -0.86810302734375, 670.67626953125, 198.43032836914]}, "seconds": 74.75, "object": "white shirt", "type": "relation", "subject": "the man"}, {"caption": "the man wearing black hat", "predicate": "wearing", "target": {"coordinates": [441.14434814453, 372.17352294922, 37.727355957031, 26.991821289062]}, "name": 1794, "source": {"coordinates": [69.444305419922, -0.86810302734375, 670.67626953125, 198.43032836914]}, "seconds": 74.75, "object": "black hat", "type": "relation", "subject": "the man"}, {"caption": "the man has white handle", "predicate": "has", "target": {"coordinates": [5.3620471954346, 125.97296142578, 35.899253845215, 56.563232421875]}, "name": 1794, "source": {"coordinates": [69.444305419922, -0.86810302734375, 670.67626953125, 198.43032836914]}, "seconds": 74.75, "object": "white handle", "type": "relation", "subject": "the man"}, {"caption": "the man in room", "predicate": "in", "target": {"coordinates": [106.27981567383, 217.39978027344, 646.66467285156, 182.2158203125]}, "name": 1794, "source": {"coordinates": [69.444305419922, -0.86810302734375, 670.67626953125, 198.43032836914]}, "seconds": 74.75, "object": "room", "type": "relation", "subject": "the man"}]