[{"caption": "the man in room", "predicate": "in", "target": {"coordinates": [421.31768798828, 8.9278717041016, 313.78967285156, 397.43835449219]}, "name": 1956, "source": {"coordinates": [175.53001403809, 21.641296386719, 372.66339111328, 374.42935180664]}, "seconds": 81.5, "object": "room", "type": "relation", "subject": "the man"}, {"caption": "the man wearing white shirt", "predicate": "wearing", "target": {"coordinates": [-7.4844207763672, -2.2854766845703, 243.66108703613, 403.51507568359]}, "name": 1956, "source": {"coordinates": [175.53001403809, 21.641296386719, 372.66339111328, 374.42935180664]}, "seconds": 81.5, "object": "white shirt", "type": "relation", "subject": "the man"}, {"caption": "the man has head", "predicate": "has", "target": {"coordinates": [477.45477294922, 215.1745300293, 140.71057128906, 149.20947265625]}, "name": 1956, "source": {"coordinates": [175.53001403809, 21.641296386719, 372.66339111328, 374.42935180664]}, "seconds": 81.5, "object": "head", "type": "relation", "subject": "the man"}, {"caption": "the man holding white table", "predicate": "holding", "target": {"coordinates": [261.35409545898, 65.931671142578, 126.27563476562, 127.55081176758]}, "name": 1956, "source": {"coordinates": [175.53001403809, 21.641296386719, 372.66339111328, 374.42935180664]}, "seconds": 81.5, "object": "white table", "type": "relation", "subject": "the man"}, {"caption": "the window on wall", "predicate": "on", "target": {"coordinates": [671.17797851562, 299.9616394043, 44.2880859375, 37.741149902344]}, "name": 1956, "source": {"coordinates": [175.53001403809, 21.641296386719, 372.66339111328, 374.42935180664]}, "seconds": 81.5, "object": "wall", "type": "relation", "subject": "the window"}, {"caption": "the window on wall", "predicate": "on", "target": {"coordinates": [175.53001403809, 21.641296386719, 372.66339111328, 374.42935180664]}, "name": 1956, "source": {"coordinates": [421.31768798828, 8.9278717041016, 313.78967285156, 397.43835449219]}, "seconds": 81.5, "object": "wall", "type": "relation", "subject": "the window"}, {"caption": "the man wearing white shirt", "predicate": "wearing", "target": {"coordinates": [-7.4844207763672, -2.2854766845703, 243.66108703613, 403.51507568359]}, "name": 1956, "source": {"coordinates": [421.31768798828, 8.9278717041016, 313.78967285156, 397.43835449219]}, "seconds": 81.5, "object": "white shirt", "type": "relation", "subject": "the man"}, {"caption": "the man has head", "predicate": "has", "target": {"coordinates": [477.45477294922, 215.1745300293, 140.71057128906, 149.20947265625]}, "name": 1956, "source": {"coordinates": [421.31768798828, 8.9278717041016, 313.78967285156, 397.43835449219]}, "seconds": 81.5, "object": "head", "type": "relation", "subject": "the man"}, {"caption": "the man wearing white shirt", "predicate": "wearing", "target": {"coordinates": [261.35409545898, 65.931671142578, 126.27563476562, 127.55081176758]}, "name": 1956, "source": {"coordinates": [421.31768798828, 8.9278717041016, 313.78967285156, 397.43835449219]}, "seconds": 81.5, "object": "white shirt", "type": "relation", "subject": "the man"}, {"caption": "the window on wall", "predicate": "on", "target": {"coordinates": [671.17797851562, 299.9616394043, 44.2880859375, 37.741149902344]}, "name": 1956, "source": {"coordinates": [421.31768798828, 8.9278717041016, 313.78967285156, 397.43835449219]}, "seconds": 81.5, "object": "wall", "type": "relation", "subject": "the window"}, {"caption": "the window on wall", "predicate": "on", "target": {"coordinates": [175.53001403809, 21.641296386719, 372.66339111328, 374.42935180664]}, "name": 1956, "source": {"coordinates": [-7.4844207763672, -2.2854766845703, 243.66108703613, 403.51507568359]}, "seconds": 81.5, "object": "wall", "type": "relation", "subject": "the window"}, {"caption": "the window on wall", "predicate": "on", "target": {"coordinates": [421.31768798828, 8.9278717041016, 313.78967285156, 397.43835449219]}, "name": 1956, "source": {"coordinates": [-7.4844207763672, -2.2854766845703, 243.66108703613, 403.51507568359]}, "seconds": 81.5, "object": "wall", "type": "relation", "subject": "the window"}, {"caption": "the woman has a head", "predicate": "has", "target": {"coordinates": [477.45477294922, 215.1745300293, 140.71057128906, 149.20947265625]}, "name": 1956, "source": {"coordinates": [-7.4844207763672, -2.2854766845703, 243.66108703613, 403.51507568359]}, "seconds": 81.5, "object": "a head", "type": "relation", "subject": "the woman"}, {"caption": "the table has a white handle", "predicate": "has", "target": {"coordinates": [261.35409545898, 65.931671142578, 126.27563476562, 127.55081176758]}, "name": 1956, "source": {"coordinates": [-7.4844207763672, -2.2854766845703, 243.66108703613, 403.51507568359]}, "seconds": 81.5, "object": "a white handle", "type": "relation", "subject": "the table"}, {"caption": "the woman in a room", "predicate": "in", "target": {"coordinates": [671.17797851562, 299.9616394043, 44.2880859375, 37.741149902344]}, "name": 1956, "source": {"coordinates": [-7.4844207763672, -2.2854766845703, 243.66108703613, 403.51507568359]}, "seconds": 81.5, "object": "a room", "type": "relation", "subject": "the woman"}, {"caption": "the woman in a room", "predicate": "in", "target": {"coordinates": [175.53001403809, 21.641296386719, 372.66339111328, 374.42935180664]}, "name": 1956, "source": {"coordinates": [477.45477294922, 215.1745300293, 140.71057128906, 149.20947265625]}, "seconds": 81.5, "object": "a room", "type": "relation", "subject": "the woman"}, {"caption": "the man in room", "predicate": "in", "target": {"coordinates": [421.31768798828, 8.9278717041016, 313.78967285156, 397.43835449219]}, "name": 1956, "source": {"coordinates": [477.45477294922, 215.1745300293, 140.71057128906, 149.20947265625]}, "seconds": 81.5, "object": "room", "type": "relation", "subject": "the man"}, {"caption": "the man on wall", "predicate": "on", "target": {"coordinates": [-7.4844207763672, -2.2854766845703, 243.66108703613, 403.51507568359]}, "name": 1956, "source": {"coordinates": [477.45477294922, 215.1745300293, 140.71057128906, 149.20947265625]}, "seconds": 81.5, "object": "wall", "type": "relation", "subject": "the man"}, {"caption": "the man on table", "predicate": "on", "target": {"coordinates": [261.35409545898, 65.931671142578, 126.27563476562, 127.55081176758]}, "name": 1956, "source": {"coordinates": [477.45477294922, 215.1745300293, 140.71057128906, 149.20947265625]}, "seconds": 81.5, "object": "table", "type": "relation", "subject": "the man"}, {"caption": "the woman in a room", "predicate": "in", "target": {"coordinates": [671.17797851562, 299.9616394043, 44.2880859375, 37.741149902344]}, "name": 1956, "source": {"coordinates": [477.45477294922, 215.1745300293, 140.71057128906, 149.20947265625]}, "seconds": 81.5, "object": "a room", "type": "relation", "subject": "the woman"}, {"caption": "the woman in a room", "predicate": "in", "target": {"coordinates": [175.53001403809, 21.641296386719, 372.66339111328, 374.42935180664]}, "name": 1956, "source": {"coordinates": [261.35409545898, 65.931671142578, 126.27563476562, 127.55081176758]}, "seconds": 81.5, "object": "a room", "type": "relation", "subject": "the woman"}, {"caption": "the man in room", "predicate": "in", "target": {"coordinates": [421.31768798828, 8.9278717041016, 313.78967285156, 397.43835449219]}, "name": 1956, "source": {"coordinates": [261.35409545898, 65.931671142578, 126.27563476562, 127.55081176758]}, "seconds": 81.5, "object": "room", "type": "relation", "subject": "the man"}, {"caption": "the man in room", "predicate": "in", "target": {"coordinates": [-7.4844207763672, -2.2854766845703, 243.66108703613, 403.51507568359]}, "name": 1956, "source": {"coordinates": [261.35409545898, 65.931671142578, 126.27563476562, 127.55081176758]}, "seconds": 81.5, "object": "room", "type": "relation", "subject": "the man"}, {"caption": "the man wearing black shirt", "predicate": "wearing", "target": {"coordinates": [477.45477294922, 215.1745300293, 140.71057128906, 149.20947265625]}, "name": 1956, "source": {"coordinates": [261.35409545898, 65.931671142578, 126.27563476562, 127.55081176758]}, "seconds": 81.5, "object": "black shirt", "type": "relation", "subject": "the man"}, {"caption": "the picture on wall", "predicate": "on", "target": {"coordinates": [671.17797851562, 299.9616394043, 44.2880859375, 37.741149902344]}, "name": 1956, "source": {"coordinates": [261.35409545898, 65.931671142578, 126.27563476562, 127.55081176758]}, "seconds": 81.5, "object": "wall", "type": "relation", "subject": "the picture"}, {"caption": "the picture on wall", "predicate": "on", "target": {"coordinates": [175.53001403809, 21.641296386719, 372.66339111328, 374.42935180664]}, "name": 1956, "source": {"coordinates": [671.17797851562, 299.9616394043, 44.2880859375, 37.741149902344]}, "seconds": 81.5, "object": "wall", "type": "relation", "subject": "the picture"}, {"caption": "the picture on wall", "predicate": "on", "target": {"coordinates": [421.31768798828, 8.9278717041016, 313.78967285156, 397.43835449219]}, "name": 1956, "source": {"coordinates": [671.17797851562, 299.9616394043, 44.2880859375, 37.741149902344]}, "seconds": 81.5, "object": "wall", "type": "relation", "subject": "the picture"}, {"caption": "the picture on wall", "predicate": "on", "target": {"coordinates": [-7.4844207763672, -2.2854766845703, 243.66108703613, 403.51507568359]}, "name": 1956, "source": {"coordinates": [671.17797851562, 299.9616394043, 44.2880859375, 37.741149902344]}, "seconds": 81.5, "object": "wall", "type": "relation", "subject": "the picture"}, {"caption": "the picture on wall", "predicate": "on", "target": {"coordinates": [477.45477294922, 215.1745300293, 140.71057128906, 149.20947265625]}, "name": 1956, "source": {"coordinates": [671.17797851562, 299.9616394043, 44.2880859375, 37.741149902344]}, "seconds": 81.5, "object": "wall", "type": "relation", "subject": "the picture"}, {"caption": "the window on top of head", "predicate": "on", "target": {"coordinates": [261.35409545898, 65.931671142578, 126.27563476562, 127.55081176758]}, "name": 1956, "source": {"coordinates": [671.17797851562, 299.9616394043, 44.2880859375, 37.741149902344]}, "seconds": 81.5, "object": "top of head", "type": "relation", "subject": "the window"}]