[{"caption": "the man wearing black shirt", "predicate": "wearing", "target": {"coordinates": [1.0036315917969, -4.5043640136719, 703.52429199219, 202.5391998291]}, "name": 1980, "source": {"coordinates": [200.52488708496, 42.504928588867, 385.09625244141, 371.24603271484]}, "seconds": 82.5, "object": "black shirt", "type": "relation", "subject": "the man"}, {"caption": "the man wearing white shirt", "predicate": "wearing", "target": {"coordinates": [471.51080322266, 8.3013916015625, 251.5654296875, 398.12448120117]}, "name": 1980, "source": {"coordinates": [200.52488708496, 42.504928588867, 385.09625244141, 371.24603271484]}, "seconds": 82.5, "object": "white shirt", "type": "relation", "subject": "the man"}, {"caption": "the man on table", "predicate": "on", "target": {"coordinates": [-2.1410369873047, 100.44325256348, 350.73596191406, 301.77655029297]}, "name": 1980, "source": {"coordinates": [200.52488708496, 42.504928588867, 385.09625244141, 371.24603271484]}, "seconds": 82.5, "object": "table", "type": "relation", "subject": "the man"}, {"caption": "the man wearing black shirt", "predicate": "wearing", "target": {"coordinates": [323.75122070312, 302.50601196289, 38.608520507812, 42.109375]}, "name": 1980, "source": {"coordinates": [200.52488708496, 42.504928588867, 385.09625244141, 371.24603271484]}, "seconds": 82.5, "object": "black shirt", "type": "relation", "subject": "the man"}, {"caption": "the man wearing black shirt", "predicate": "wearing", "target": {"coordinates": [200.52488708496, 42.504928588867, 385.09625244141, 371.24603271484]}, "name": 1980, "source": {"coordinates": [1.0036315917969, -4.5043640136719, 703.52429199219, 202.5391998291]}, "seconds": 82.5, "object": "black shirt", "type": "relation", "subject": "the man"}, {"caption": "the man wearing black shirt", "predicate": "wearing", "target": {"coordinates": [471.51080322266, 8.3013916015625, 251.5654296875, 398.12448120117]}, "name": 1980, "source": {"coordinates": [1.0036315917969, -4.5043640136719, 703.52429199219, 202.5391998291]}, "seconds": 82.5, "object": "black shirt", "type": "relation", "subject": "the man"}, {"caption": "the man wearing white shirt", "predicate": "wearing", "target": {"coordinates": [-2.1410369873047, 100.44325256348, 350.73596191406, 301.77655029297]}, "name": 1980, "source": {"coordinates": [1.0036315917969, -4.5043640136719, 703.52429199219, 202.5391998291]}, "seconds": 82.5, "object": "white shirt", "type": "relation", "subject": "the man"}, {"caption": "the man wearing black shirt", "predicate": "wearing", "target": {"coordinates": [323.75122070312, 302.50601196289, 38.608520507812, 42.109375]}, "name": 1980, "source": {"coordinates": [1.0036315917969, -4.5043640136719, 703.52429199219, 202.5391998291]}, "seconds": 82.5, "object": "black shirt", "type": "relation", "subject": "the man"}, {"caption": "the man wearing black shirt", "predicate": "wearing", "target": {"coordinates": [200.52488708496, 42.504928588867, 385.09625244141, 371.24603271484]}, "name": 1980, "source": {"coordinates": [471.51080322266, 8.3013916015625, 251.5654296875, 398.12448120117]}, "seconds": 82.5, "object": "black shirt", "type": "relation", "subject": "the man"}, {"caption": "the man on table", "predicate": "on", "target": {"coordinates": [1.0036315917969, -4.5043640136719, 703.52429199219, 202.5391998291]}, "name": 1980, "source": {"coordinates": [471.51080322266, 8.3013916015625, 251.5654296875, 398.12448120117]}, "seconds": 82.5, "object": "table", "type": "relation", "subject": "the man"}, {"caption": "the man wearing black shirt", "predicate": "wearing", "target": {"coordinates": [-2.1410369873047, 100.44325256348, 350.73596191406, 301.77655029297]}, "name": 1980, "source": {"coordinates": [471.51080322266, 8.3013916015625, 251.5654296875, 398.12448120117]}, "seconds": 82.5, "object": "black shirt", "type": "relation", "subject": "the man"}, {"caption": "the man wearing black shirt", "predicate": "wearing", "target": {"coordinates": [323.75122070312, 302.50601196289, 38.608520507812, 42.109375]}, "name": 1980, "source": {"coordinates": [471.51080322266, 8.3013916015625, 251.5654296875, 398.12448120117]}, "seconds": 82.5, "object": "black shirt", "type": "relation", "subject": "the man"}, {"caption": "the man wearing black shirt", "predicate": "wearing", "target": {"coordinates": [200.52488708496, 42.504928588867, 385.09625244141, 371.24603271484]}, "name": 1980, "source": {"coordinates": [-2.1410369873047, 100.44325256348, 350.73596191406, 301.77655029297]}, "seconds": 82.5, "object": "black shirt", "type": "relation", "subject": "the man"}, {"caption": "the man wearing black shirt", "predicate": "wearing", "target": {"coordinates": [1.0036315917969, -4.5043640136719, 703.52429199219, 202.5391998291]}, "name": 1980, "source": {"coordinates": [-2.1410369873047, 100.44325256348, 350.73596191406, 301.77655029297]}, "seconds": 82.5, "object": "black shirt", "type": "relation", "subject": "the man"}, {"caption": "the man wearing white shirt", "predicate": "wearing", "target": {"coordinates": [471.51080322266, 8.3013916015625, 251.5654296875, 398.12448120117]}, "name": 1980, "source": {"coordinates": [-2.1410369873047, 100.44325256348, 350.73596191406, 301.77655029297]}, "seconds": 82.5, "object": "white shirt", "type": "relation", "subject": "the man"}, {"caption": "the hand on wall", "predicate": "on", "target": {"coordinates": [323.75122070312, 302.50601196289, 38.608520507812, 42.109375]}, "name": 1980, "source": {"coordinates": [-2.1410369873047, 100.44325256348, 350.73596191406, 301.77655029297]}, "seconds": 82.5, "object": "wall", "type": "relation", "subject": "the hand"}, {"caption": "the hand on wall", "predicate": "on", "target": {"coordinates": [200.52488708496, 42.504928588867, 385.09625244141, 371.24603271484]}, "name": 1980, "source": {"coordinates": [323.75122070312, 302.50601196289, 38.608520507812, 42.109375]}, "seconds": 82.5, "object": "wall", "type": "relation", "subject": "the hand"}, {"caption": "the hand on wall", "predicate": "on", "target": {"coordinates": [1.0036315917969, -4.5043640136719, 703.52429199219, 202.5391998291]}, "name": 1980, "source": {"coordinates": [323.75122070312, 302.50601196289, 38.608520507812, 42.109375]}, "seconds": 82.5, "object": "wall", "type": "relation", "subject": "the hand"}, {"caption": "the hand on wall", "predicate": "on", "target": {"coordinates": [471.51080322266, 8.3013916015625, 251.5654296875, 398.12448120117]}, "name": 1980, "source": {"coordinates": [323.75122070312, 302.50601196289, 38.608520507812, 42.109375]}, "seconds": 82.5, "object": "wall", "type": "relation", "subject": "the hand"}, {"caption": "the hand on wall", "predicate": "on", "target": {"coordinates": [-2.1410369873047, 100.44325256348, 350.73596191406, 301.77655029297]}, "name": 1980, "source": {"coordinates": [323.75122070312, 302.50601196289, 38.608520507812, 42.109375]}, "seconds": 82.5, "object": "wall", "type": "relation", "subject": "the hand"}]