[{"caption": "the man on table", "predicate": "on", "target": {"coordinates": [-6.7091064453125, 150.98193359375, 743.58258056641, 258.03540039062]}, "name": 2229, "source": {"coordinates": [113.26397705078, 56.737106323242, 184.06762695312, 348.65838623047]}, "seconds": 92.875, "object": "table", "type": "relation", "subject": "the man"}, {"caption": "the man in room", "predicate": "in", "target": {"coordinates": [308.62164306641, 283.67041015625, 423.39819335938, 119.06787109375]}, "name": 2229, "source": {"coordinates": [113.26397705078, 56.737106323242, 184.06762695312, 348.65838623047]}, "seconds": 92.875, "object": "room", "type": "relation", "subject": "the man"}, {"caption": "the man in room", "predicate": "in", "target": {"coordinates": [-9.1371917724609, 4.8736724853516, 456.02032470703, 265.5078125]}, "name": 2229, "source": {"coordinates": [113.26397705078, 56.737106323242, 184.06762695312, 348.65838623047]}, "seconds": 92.875, "object": "room", "type": "relation", "subject": "the man"}, {"caption": "the man wearing white shirt", "predicate": "wearing", "target": {"coordinates": [431.71505737305, -0.21444702148438, 298.14639282227, 296.42697143555]}, "name": 2229, "source": {"coordinates": [113.26397705078, 56.737106323242, 184.06762695312, 348.65838623047]}, "seconds": 92.875, "object": "white shirt", "type": "relation", "subject": "the man"}, {"caption": "the man wearing black shirt", "predicate": "wearing", "target": {"coordinates": [583.60400390625, 51.462005615234, 32.176635742188, 34.797836303711]}, "name": 2229, "source": {"coordinates": [113.26397705078, 56.737106323242, 184.06762695312, 348.65838623047]}, "seconds": 92.875, "object": "black shirt", "type": "relation", "subject": "the man"}, {"caption": "the man wearing black shirt", "predicate": "wearing", "target": {"coordinates": [345.65341186523, 157.69207763672, 89.032043457031, 166.10916137695]}, "name": 2229, "source": {"coordinates": [113.26397705078, 56.737106323242, 184.06762695312, 348.65838623047]}, "seconds": 92.875, "object": "black shirt", "type": "relation", "subject": "the man"}, {"caption": "the man has a white", "predicate": "has", "target": {"coordinates": [191.71246337891, 81.186325073242, 82.957427978516, 172.07861328125]}, "name": 2229, "source": {"coordinates": [113.26397705078, 56.737106323242, 184.06762695312, 348.65838623047]}, "seconds": 92.875, "object": "a white", "type": "relation", "subject": "the man"}, {"caption": "the man in room", "predicate": "in", "target": {"coordinates": [3.9236354827881, 4.351375579834, 48.912559509277, 35.097644805908]}, "name": 2229, "source": {"coordinates": [113.26397705078, 56.737106323242, 184.06762695312, 348.65838623047]}, "seconds": 92.875, "object": "room", "type": "relation", "subject": "the man"}, {"caption": "the man in room", "predicate": "in", "target": {"coordinates": [113.26397705078, 56.737106323242, 184.06762695312, 348.65838623047]}, "name": 2229, "source": {"coordinates": [-6.7091064453125, 150.98193359375, 743.58258056641, 258.03540039062]}, "seconds": 92.875, "object": "room", "type": "relation", "subject": "the man"}, {"caption": "the man in room", "predicate": "in", "target": {"coordinates": [308.62164306641, 283.67041015625, 423.39819335938, 119.06787109375]}, "name": 2229, "source": {"coordinates": [-6.7091064453125, 150.98193359375, 743.58258056641, 258.03540039062]}, "seconds": 92.875, "object": "room", "type": "relation", "subject": "the man"}, {"caption": "the man in room", "predicate": "in", "target": {"coordinates": [-9.1371917724609, 4.8736724853516, 456.02032470703, 265.5078125]}, "name": 2229, "source": {"coordinates": [-6.7091064453125, 150.98193359375, 743.58258056641, 258.03540039062]}, "seconds": 92.875, "object": "room", "type": "relation", "subject": "the man"}, {"caption": "the man has a white toilet", "predicate": "has", "target": {"coordinates": [431.71505737305, -0.21444702148438, 298.14639282227, 296.42697143555]}, "name": 2229, "source": {"coordinates": [-6.7091064453125, 150.98193359375, 743.58258056641, 258.03540039062]}, "seconds": 92.875, "object": "a white toilet", "type": "relation", "subject": "the man"}, {"caption": "the woman wearing white shirt", "predicate": "wearing", "target": {"coordinates": [583.60400390625, 51.462005615234, 32.176635742188, 34.797836303711]}, "name": 2229, "source": {"coordinates": [-6.7091064453125, 150.98193359375, 743.58258056641, 258.03540039062]}, "seconds": 92.875, "object": "white shirt", "type": "relation", "subject": "the woman"}, {"caption": "the man wearing black shirt", "predicate": "wearing", "target": {"coordinates": [345.65341186523, 157.69207763672, 89.032043457031, 166.10916137695]}, "name": 2229, "source": {"coordinates": [-6.7091064453125, 150.98193359375, 743.58258056641, 258.03540039062]}, "seconds": 92.875, "object": "black shirt", "type": "relation", "subject": "the man"}, {"caption": "the man has a white wall", "predicate": "has", "target": {"coordinates": [191.71246337891, 81.186325073242, 82.957427978516, 172.07861328125]}, "name": 2229, "source": {"coordinates": [-6.7091064453125, 150.98193359375, 743.58258056641, 258.03540039062]}, "seconds": 92.875, "object": "a white wall", "type": "relation", "subject": "the man"}, {"caption": "the table in front of a man", "predicate": "in", "target": {"coordinates": [3.9236354827881, 4.351375579834, 48.912559509277, 35.097644805908]}, "name": 2229, "source": {"coordinates": [-6.7091064453125, 150.98193359375, 743.58258056641, 258.03540039062]}, "seconds": 92.875, "object": "front of a man", "type": "relation", "subject": "the table"}, {"caption": "the table in front of a man", "predicate": "in", "target": {"coordinates": [113.26397705078, 56.737106323242, 184.06762695312, 348.65838623047]}, "name": 2229, "source": {"coordinates": [308.62164306641, 283.67041015625, 423.39819335938, 119.06787109375]}, "seconds": 92.875, "object": "front of a man", "type": "relation", "subject": "the table"}, {"caption": "the table in room", "predicate": "in", "target": {"coordinates": [-6.7091064453125, 150.98193359375, 743.58258056641, 258.03540039062]}, "name": 2229, "source": {"coordinates": [308.62164306641, 283.67041015625, 423.39819335938, 119.06787109375]}, "seconds": 92.875, "object": "room", "type": "relation", "subject": "the table"}, {"caption": "the table in front of a man", "predicate": "in", "target": {"coordinates": [-9.1371917724609, 4.8736724853516, 456.02032470703, 265.5078125]}, "name": 2229, "source": {"coordinates": [308.62164306641, 283.67041015625, 423.39819335938, 119.06787109375]}, "seconds": 92.875, "object": "front of a man", "type": "relation", "subject": "the table"}, {"caption": "the table has a white toilet", "predicate": "has", "target": {"coordinates": [431.71505737305, -0.21444702148438, 298.14639282227, 296.42697143555]}, "name": 2229, "source": {"coordinates": [308.62164306641, 283.67041015625, 423.39819335938, 119.06787109375]}, "seconds": 92.875, "object": "a white toilet", "type": "relation", "subject": "the table"}, {"caption": "the table has a white plate", "predicate": "has", "target": {"coordinates": [583.60400390625, 51.462005615234, 32.176635742188, 34.797836303711]}, "name": 2229, "source": {"coordinates": [308.62164306641, 283.67041015625, 423.39819335938, 119.06787109375]}, "seconds": 92.875, "object": "a white plate", "type": "relation", "subject": "the table"}, {"caption": "the table in front of building", "predicate": "in", "target": {"coordinates": [345.65341186523, 157.69207763672, 89.032043457031, 166.10916137695]}, "name": 2229, "source": {"coordinates": [308.62164306641, 283.67041015625, 423.39819335938, 119.06787109375]}, "seconds": 92.875, "object": "front of building", "type": "relation", "subject": "the table"}, {"caption": "the table has a white shirt", "predicate": "has", "target": {"coordinates": [191.71246337891, 81.186325073242, 82.957427978516, 172.07861328125]}, "name": 2229, "source": {"coordinates": [308.62164306641, 283.67041015625, 423.39819335938, 119.06787109375]}, "seconds": 92.875, "object": "a white shirt", "type": "relation", "subject": "the table"}, {"caption": "the man in room", "predicate": "in", "target": {"coordinates": [3.9236354827881, 4.351375579834, 48.912559509277, 35.097644805908]}, "name": 2229, "source": {"coordinates": [308.62164306641, 283.67041015625, 423.39819335938, 119.06787109375]}, "seconds": 92.875, "object": "room", "type": "relation", "subject": "the man"}, {"caption": "the man in room", "predicate": "in", "target": {"coordinates": [113.26397705078, 56.737106323242, 184.06762695312, 348.65838623047]}, "name": 2229, "source": {"coordinates": [-9.1371917724609, 4.8736724853516, 456.02032470703, 265.5078125]}, "seconds": 92.875, "object": "room", "type": "relation", "subject": "the man"}, {"caption": "the man in room", "predicate": "in", "target": {"coordinates": [-6.7091064453125, 150.98193359375, 743.58258056641, 258.03540039062]}, "name": 2229, "source": {"coordinates": [-9.1371917724609, 4.8736724853516, 456.02032470703, 265.5078125]}, "seconds": 92.875, "object": "room", "type": "relation", "subject": "the man"}, {"caption": "the man wearing white shirt", "predicate": "wearing", "target": {"coordinates": [308.62164306641, 283.67041015625, 423.39819335938, 119.06787109375]}, "name": 2229, "source": {"coordinates": [-9.1371917724609, 4.8736724853516, 456.02032470703, 265.5078125]}, "seconds": 92.875, "object": "white shirt", "type": "relation", "subject": "the man"}, {"caption": "the man has white wall", "predicate": "has", "target": {"coordinates": [431.71505737305, -0.21444702148438, 298.14639282227, 296.42697143555]}, "name": 2229, "source": {"coordinates": [-9.1371917724609, 4.8736724853516, 456.02032470703, 265.5078125]}, "seconds": 92.875, "object": "white wall", "type": "relation", "subject": "the man"}, {"caption": "the man wearing white shirt", "predicate": "wearing", "target": {"coordinates": [583.60400390625, 51.462005615234, 32.176635742188, 34.797836303711]}, "name": 2229, "source": {"coordinates": [-9.1371917724609, 4.8736724853516, 456.02032470703, 265.5078125]}, "seconds": 92.875, "object": "white shirt", "type": "relation", "subject": "the man"}, {"caption": "the man wearing black shirt", "predicate": "wearing", "target": {"coordinates": [345.65341186523, 157.69207763672, 89.032043457031, 166.10916137695]}, "name": 2229, "source": {"coordinates": [-9.1371917724609, 4.8736724853516, 456.02032470703, 265.5078125]}, "seconds": 92.875, "object": "black shirt", "type": "relation", "subject": "the man"}, {"caption": "the man has a window", "predicate": "has", "target": {"coordinates": [191.71246337891, 81.186325073242, 82.957427978516, 172.07861328125]}, "name": 2229, "source": {"coordinates": [-9.1371917724609, 4.8736724853516, 456.02032470703, 265.5078125]}, "seconds": 92.875, "object": "a window", "type": "relation", "subject": "the man"}, {"caption": "the man wearing black shirt", "predicate": "wearing", "target": {"coordinates": [3.9236354827881, 4.351375579834, 48.912559509277, 35.097644805908]}, "name": 2229, "source": {"coordinates": [-9.1371917724609, 4.8736724853516, 456.02032470703, 265.5078125]}, "seconds": 92.875, "object": "black shirt", "type": "relation", "subject": "the man"}, {"caption": "the man wearing black shirt", "predicate": "wearing", "target": {"coordinates": [113.26397705078, 56.737106323242, 184.06762695312, 348.65838623047]}, "name": 2229, "source": {"coordinates": [431.71505737305, -0.21444702148438, 298.14639282227, 296.42697143555]}, "seconds": 92.875, "object": "black shirt", "type": "relation", "subject": "the man"}, {"caption": "the window on wall", "predicate": "on", "target": {"coordinates": [-6.7091064453125, 150.98193359375, 743.58258056641, 258.03540039062]}, "name": 2229, "source": {"coordinates": [431.71505737305, -0.21444702148438, 298.14639282227, 296.42697143555]}, "seconds": 92.875, "object": "wall", "type": "relation", "subject": "the window"}, {"caption": "the woman wearing white shirt", "predicate": "wearing", "target": {"coordinates": [308.62164306641, 283.67041015625, 423.39819335938, 119.06787109375]}, "name": 2229, "source": {"coordinates": [431.71505737305, -0.21444702148438, 298.14639282227, 296.42697143555]}, "seconds": 92.875, "object": "white shirt", "type": "relation", "subject": "the woman"}, {"caption": "the window on wall", "predicate": "on", "target": {"coordinates": [-9.1371917724609, 4.8736724853516, 456.02032470703, 265.5078125]}, "name": 2229, "source": {"coordinates": [431.71505737305, -0.21444702148438, 298.14639282227, 296.42697143555]}, "seconds": 92.875, "object": "wall", "type": "relation", "subject": "the window"}, {"caption": "the woman wearing white shirt", "predicate": "wearing", "target": {"coordinates": [583.60400390625, 51.462005615234, 32.176635742188, 34.797836303711]}, "name": 2229, "source": {"coordinates": [431.71505737305, -0.21444702148438, 298.14639282227, 296.42697143555]}, "seconds": 92.875, "object": "white shirt", "type": "relation", "subject": "the woman"}, {"caption": "the man wearing black shirt", "predicate": "wearing", "target": {"coordinates": [345.65341186523, 157.69207763672, 89.032043457031, 166.10916137695]}, "name": 2229, "source": {"coordinates": [431.71505737305, -0.21444702148438, 298.14639282227, 296.42697143555]}, "seconds": 92.875, "object": "black shirt", "type": "relation", "subject": "the man"}, {"caption": "the window has a window", "predicate": "has", "target": {"coordinates": [191.71246337891, 81.186325073242, 82.957427978516, 172.07861328125]}, "name": 2229, "source": {"coordinates": [431.71505737305, -0.21444702148438, 298.14639282227, 296.42697143555]}, "seconds": 92.875, "object": "a window", "type": "relation", "subject": "the window"}, {"caption": "the window on wall", "predicate": "on", "target": {"coordinates": [3.9236354827881, 4.351375579834, 48.912559509277, 35.097644805908]}, "name": 2229, "source": {"coordinates": [431.71505737305, -0.21444702148438, 298.14639282227, 296.42697143555]}, "seconds": 92.875, "object": "wall", "type": "relation", "subject": "the window"}, {"caption": "the window on wall", "predicate": "on", "target": {"coordinates": [113.26397705078, 56.737106323242, 184.06762695312, 348.65838623047]}, "name": 2229, "source": {"coordinates": [583.60400390625, 51.462005615234, 32.176635742188, 34.797836303711]}, "seconds": 92.875, "object": "wall", "type": "relation", "subject": "the window"}, {"caption": "the window on wall", "predicate": "on", "target": {"coordinates": [-6.7091064453125, 150.98193359375, 743.58258056641, 258.03540039062]}, "name": 2229, "source": {"coordinates": [583.60400390625, 51.462005615234, 32.176635742188, 34.797836303711]}, "seconds": 92.875, "object": "wall", "type": "relation", "subject": "the window"}, {"caption": "the window on table", "predicate": "on", "target": {"coordinates": [308.62164306641, 283.67041015625, 423.39819335938, 119.06787109375]}, "name": 2229, "source": {"coordinates": [583.60400390625, 51.462005615234, 32.176635742188, 34.797836303711]}, "seconds": 92.875, "object": "table", "type": "relation", "subject": "the window"}, {"caption": "the window on wall", "predicate": "on", "target": {"coordinates": [-9.1371917724609, 4.8736724853516, 456.02032470703, 265.5078125]}, "name": 2229, "source": {"coordinates": [583.60400390625, 51.462005615234, 32.176635742188, 34.797836303711]}, "seconds": 92.875, "object": "wall", "type": "relation", "subject": "the window"}, {"caption": "the window on wall", "predicate": "on", "target": {"coordinates": [431.71505737305, -0.21444702148438, 298.14639282227, 296.42697143555]}, "name": 2229, "source": {"coordinates": [583.60400390625, 51.462005615234, 32.176635742188, 34.797836303711]}, "seconds": 92.875, "object": "wall", "type": "relation", "subject": "the window"}, {"caption": "the window on wall", "predicate": "on", "target": {"coordinates": [345.65341186523, 157.69207763672, 89.032043457031, 166.10916137695]}, "name": 2229, "source": {"coordinates": [583.60400390625, 51.462005615234, 32.176635742188, 34.797836303711]}, "seconds": 92.875, "object": "wall", "type": "relation", "subject": "the window"}, {"caption": "the window on wall", "predicate": "on", "target": {"coordinates": [191.71246337891, 81.186325073242, 82.957427978516, 172.07861328125]}, "name": 2229, "source": {"coordinates": [583.60400390625, 51.462005615234, 32.176635742188, 34.797836303711]}, "seconds": 92.875, "object": "wall", "type": "relation", "subject": "the window"}, {"caption": "the man wearing black shirt", "predicate": "wearing", "target": {"coordinates": [3.9236354827881, 4.351375579834, 48.912559509277, 35.097644805908]}, "name": 2229, "source": {"coordinates": [583.60400390625, 51.462005615234, 32.176635742188, 34.797836303711]}, "seconds": 92.875, "object": "black shirt", "type": "relation", "subject": "the man"}, {"caption": "the man wearing black shirt", "predicate": "wearing", "target": {"coordinates": [113.26397705078, 56.737106323242, 184.06762695312, 348.65838623047]}, "name": 2229, "source": {"coordinates": [345.65341186523, 157.69207763672, 89.032043457031, 166.10916137695]}, "seconds": 92.875, "object": "black shirt", "type": "relation", "subject": "the man"}, {"caption": "the woman in a room", "predicate": "in", "target": {"coordinates": [-6.7091064453125, 150.98193359375, 743.58258056641, 258.03540039062]}, "name": 2229, "source": {"coordinates": [345.65341186523, 157.69207763672, 89.032043457031, 166.10916137695]}, "seconds": 92.875, "object": "a room", "type": "relation", "subject": "the woman"}, {"caption": "the woman on table", "predicate": "on", "target": {"coordinates": [308.62164306641, 283.67041015625, 423.39819335938, 119.06787109375]}, "name": 2229, "source": {"coordinates": [345.65341186523, 157.69207763672, 89.032043457031, 166.10916137695]}, "seconds": 92.875, "object": "table", "type": "relation", "subject": "the woman"}, {"caption": "the woman in room", "predicate": "in", "target": {"coordinates": [-9.1371917724609, 4.8736724853516, 456.02032470703, 265.5078125]}, "name": 2229, "source": {"coordinates": [345.65341186523, 157.69207763672, 89.032043457031, 166.10916137695]}, "seconds": 92.875, "object": "room", "type": "relation", "subject": "the woman"}, {"caption": "the woman in room", "predicate": "in", "target": {"coordinates": [431.71505737305, -0.21444702148438, 298.14639282227, 296.42697143555]}, "name": 2229, "source": {"coordinates": [345.65341186523, 157.69207763672, 89.032043457031, 166.10916137695]}, "seconds": 92.875, "object": "room", "type": "relation", "subject": "the woman"}, {"caption": "the window on wall", "predicate": "on", "target": {"coordinates": [583.60400390625, 51.462005615234, 32.176635742188, 34.797836303711]}, "name": 2229, "source": {"coordinates": [345.65341186523, 157.69207763672, 89.032043457031, 166.10916137695]}, "seconds": 92.875, "object": "wall", "type": "relation", "subject": "the window"}, {"caption": "the man wearing black shirt", "predicate": "wearing", "target": {"coordinates": [191.71246337891, 81.186325073242, 82.957427978516, 172.07861328125]}, "name": 2229, "source": {"coordinates": [345.65341186523, 157.69207763672, 89.032043457031, 166.10916137695]}, "seconds": 92.875, "object": "black shirt", "type": "relation", "subject": "the man"}, {"caption": "the man wearing black shirt", "predicate": "wearing", "target": {"coordinates": [3.9236354827881, 4.351375579834, 48.912559509277, 35.097644805908]}, "name": 2229, "source": {"coordinates": [345.65341186523, 157.69207763672, 89.032043457031, 166.10916137695]}, "seconds": 92.875, "object": "black shirt", "type": "relation", "subject": "the man"}, {"caption": "the man wearing black shirt", "predicate": "wearing", "target": {"coordinates": [113.26397705078, 56.737106323242, 184.06762695312, 348.65838623047]}, "name": 2229, "source": {"coordinates": [191.71246337891, 81.186325073242, 82.957427978516, 172.07861328125]}, "seconds": 92.875, "object": "black shirt", "type": "relation", "subject": "the man"}, {"caption": "the man on wall", "predicate": "on", "target": {"coordinates": [-6.7091064453125, 150.98193359375, 743.58258056641, 258.03540039062]}, "name": 2229, "source": {"coordinates": [191.71246337891, 81.186325073242, 82.957427978516, 172.07861328125]}, "seconds": 92.875, "object": "wall", "type": "relation", "subject": "the man"}, {"caption": "the man on table", "predicate": "on", "target": {"coordinates": [308.62164306641, 283.67041015625, 423.39819335938, 119.06787109375]}, "name": 2229, "source": {"coordinates": [191.71246337891, 81.186325073242, 82.957427978516, 172.07861328125]}, "seconds": 92.875, "object": "table", "type": "relation", "subject": "the man"}, {"caption": "the man in room", "predicate": "in", "target": {"coordinates": [-9.1371917724609, 4.8736724853516, 456.02032470703, 265.5078125]}, "name": 2229, "source": {"coordinates": [191.71246337891, 81.186325073242, 82.957427978516, 172.07861328125]}, "seconds": 92.875, "object": "room", "type": "relation", "subject": "the man"}, {"caption": "the man in room", "predicate": "in", "target": {"coordinates": [431.71505737305, -0.21444702148438, 298.14639282227, 296.42697143555]}, "name": 2229, "source": {"coordinates": [191.71246337891, 81.186325073242, 82.957427978516, 172.07861328125]}, "seconds": 92.875, "object": "room", "type": "relation", "subject": "the man"}, {"caption": "the table in room", "predicate": "in", "target": {"coordinates": [583.60400390625, 51.462005615234, 32.176635742188, 34.797836303711]}, "name": 2229, "source": {"coordinates": [191.71246337891, 81.186325073242, 82.957427978516, 172.07861328125]}, "seconds": 92.875, "object": "room", "type": "relation", "subject": "the table"}, {"caption": "the man wearing white shirt", "predicate": "wearing", "target": {"coordinates": [345.65341186523, 157.69207763672, 89.032043457031, 166.10916137695]}, "name": 2229, "source": {"coordinates": [191.71246337891, 81.186325073242, 82.957427978516, 172.07861328125]}, "seconds": 92.875, "object": "white shirt", "type": "relation", "subject": "the man"}, {"caption": "the window on building", "predicate": "on", "target": {"coordinates": [3.9236354827881, 4.351375579834, 48.912559509277, 35.097644805908]}, "name": 2229, "source": {"coordinates": [191.71246337891, 81.186325073242, 82.957427978516, 172.07861328125]}, "seconds": 92.875, "object": "building", "type": "relation", "subject": "the window"}, {"caption": "the window on building", "predicate": "on", "target": {"coordinates": [113.26397705078, 56.737106323242, 184.06762695312, 348.65838623047]}, "name": 2229, "source": {"coordinates": [3.9236354827881, 4.351375579834, 48.912559509277, 35.097644805908]}, "seconds": 92.875, "object": "building", "type": "relation", "subject": "the window"}, {"caption": "the window on wall", "predicate": "on", "target": {"coordinates": [-6.7091064453125, 150.98193359375, 743.58258056641, 258.03540039062]}, "name": 2229, "source": {"coordinates": [3.9236354827881, 4.351375579834, 48.912559509277, 35.097644805908]}, "seconds": 92.875, "object": "wall", "type": "relation", "subject": "the window"}, {"caption": "the window on wall", "predicate": "on", "target": {"coordinates": [308.62164306641, 283.67041015625, 423.39819335938, 119.06787109375]}, "name": 2229, "source": {"coordinates": [3.9236354827881, 4.351375579834, 48.912559509277, 35.097644805908]}, "seconds": 92.875, "object": "wall", "type": "relation", "subject": "the window"}, {"caption": "the window on wall", "predicate": "on", "target": {"coordinates": [-9.1371917724609, 4.8736724853516, 456.02032470703, 265.5078125]}, "name": 2229, "source": {"coordinates": [3.9236354827881, 4.351375579834, 48.912559509277, 35.097644805908]}, "seconds": 92.875, "object": "wall", "type": "relation", "subject": "the window"}, {"caption": "the window on wall", "predicate": "on", "target": {"coordinates": [431.71505737305, -0.21444702148438, 298.14639282227, 296.42697143555]}, "name": 2229, "source": {"coordinates": [3.9236354827881, 4.351375579834, 48.912559509277, 35.097644805908]}, "seconds": 92.875, "object": "wall", "type": "relation", "subject": "the window"}, {"caption": "the man in room", "predicate": "in", "target": {"coordinates": [583.60400390625, 51.462005615234, 32.176635742188, 34.797836303711]}, "name": 2229, "source": {"coordinates": [3.9236354827881, 4.351375579834, 48.912559509277, 35.097644805908]}, "seconds": 92.875, "object": "room", "type": "relation", "subject": "the man"}, {"caption": "the window on wall", "predicate": "on", "target": {"coordinates": [345.65341186523, 157.69207763672, 89.032043457031, 166.10916137695]}, "name": 2229, "source": {"coordinates": [3.9236354827881, 4.351375579834, 48.912559509277, 35.097644805908]}, "seconds": 92.875, "object": "wall", "type": "relation", "subject": "the window"}, {"caption": "the window on wall", "predicate": "on", "target": {"coordinates": [191.71246337891, 81.186325073242, 82.957427978516, 172.07861328125]}, "name": 2229, "source": {"coordinates": [3.9236354827881, 4.351375579834, 48.912559509277, 35.097644805908]}, "seconds": 92.875, "object": "wall", "type": "relation", "subject": "the window"}]