[{"caption": "the man in room", "predicate": "in", "target": {"coordinates": [-7.3765563964844, 18.252349853516, 342.50720214844, 365.85208129883]}, "name": 2259, "source": {"coordinates": [173.33702087402, 20.333953857422, 381.01751708984, 388.26684570312]}, "seconds": 94.125, "object": "room", "type": "relation", "subject": "the man"}, {"caption": "the man wearing white shirt", "predicate": "wearing", "target": {"coordinates": [403.29144287109, 9.2719268798828, 335.6904296875, 384.74346923828]}, "name": 2259, "source": {"coordinates": [173.33702087402, 20.333953857422, 381.01751708984, 388.26684570312]}, "seconds": 94.125, "object": "white shirt", "type": "relation", "subject": "the man"}, {"caption": "the man has head", "predicate": "has", "target": {"coordinates": [562.91967773438, 145.11448669434, 144.6611328125, 156.67518615723]}, "name": 2259, "source": {"coordinates": [173.33702087402, 20.333953857422, 381.01751708984, 388.26684570312]}, "seconds": 94.125, "object": "head", "type": "relation", "subject": "the man"}, {"caption": "the man wearing black shirt", "predicate": "wearing", "target": {"coordinates": [264.83819580078, 26.464721679688, 156.68762207031, 146.18716430664]}, "name": 2259, "source": {"coordinates": [173.33702087402, 20.333953857422, 381.01751708984, 388.26684570312]}, "seconds": 94.125, "object": "black shirt", "type": "relation", "subject": "the man"}, {"caption": "the man wearing black shirt", "predicate": "wearing", "target": {"coordinates": [228.71304321289, 233.61413574219, 116.10180664062, 116.12969970703]}, "name": 2259, "source": {"coordinates": [173.33702087402, 20.333953857422, 381.01751708984, 388.26684570312]}, "seconds": 94.125, "object": "black shirt", "type": "relation", "subject": "the man"}, {"caption": "the man in front of building", "predicate": "in", "target": {"coordinates": [357.96063232422, 155.21006774902, 164.71887207031, 172.96943664551]}, "name": 2259, "source": {"coordinates": [173.33702087402, 20.333953857422, 381.01751708984, 388.26684570312]}, "seconds": 94.125, "object": "front of building", "type": "relation", "subject": "the man"}, {"caption": "the man in front of building", "predicate": "in", "target": {"coordinates": [173.33702087402, 20.333953857422, 381.01751708984, 388.26684570312]}, "name": 2259, "source": {"coordinates": [-7.3765563964844, 18.252349853516, 342.50720214844, 365.85208129883]}, "seconds": 94.125, "object": "front of building", "type": "relation", "subject": "the man"}, {"caption": "the man in front of white wall", "predicate": "in", "target": {"coordinates": [403.29144287109, 9.2719268798828, 335.6904296875, 384.74346923828]}, "name": 2259, "source": {"coordinates": [-7.3765563964844, 18.252349853516, 342.50720214844, 365.85208129883]}, "seconds": 94.125, "object": "front of white wall", "type": "relation", "subject": "the man"}, {"caption": "the man has head", "predicate": "has", "target": {"coordinates": [562.91967773438, 145.11448669434, 144.6611328125, 156.67518615723]}, "name": 2259, "source": {"coordinates": [-7.3765563964844, 18.252349853516, 342.50720214844, 365.85208129883]}, "seconds": 94.125, "object": "head", "type": "relation", "subject": "the man"}, {"caption": "the man wearing black shirt", "predicate": "wearing", "target": {"coordinates": [264.83819580078, 26.464721679688, 156.68762207031, 146.18716430664]}, "name": 2259, "source": {"coordinates": [-7.3765563964844, 18.252349853516, 342.50720214844, 365.85208129883]}, "seconds": 94.125, "object": "black shirt", "type": "relation", "subject": "the man"}, {"caption": "the man wearing black shirt", "predicate": "wearing", "target": {"coordinates": [228.71304321289, 233.61413574219, 116.10180664062, 116.12969970703]}, "name": 2259, "source": {"coordinates": [-7.3765563964844, 18.252349853516, 342.50720214844, 365.85208129883]}, "seconds": 94.125, "object": "black shirt", "type": "relation", "subject": "the man"}, {"caption": "the window on building", "predicate": "on", "target": {"coordinates": [357.96063232422, 155.21006774902, 164.71887207031, 172.96943664551]}, "name": 2259, "source": {"coordinates": [-7.3765563964844, 18.252349853516, 342.50720214844, 365.85208129883]}, "seconds": 94.125, "object": "building", "type": "relation", "subject": "the window"}, {"caption": "the window on building", "predicate": "on", "target": {"coordinates": [173.33702087402, 20.333953857422, 381.01751708984, 388.26684570312]}, "name": 2259, "source": {"coordinates": [403.29144287109, 9.2719268798828, 335.6904296875, 384.74346923828]}, "seconds": 94.125, "object": "building", "type": "relation", "subject": "the window"}, {"caption": "the man in room", "predicate": "in", "target": {"coordinates": [-7.3765563964844, 18.252349853516, 342.50720214844, 365.85208129883]}, "name": 2259, "source": {"coordinates": [403.29144287109, 9.2719268798828, 335.6904296875, 384.74346923828]}, "seconds": 94.125, "object": "room", "type": "relation", "subject": "the man"}, {"caption": "the man has head", "predicate": "has", "target": {"coordinates": [562.91967773438, 145.11448669434, 144.6611328125, 156.67518615723]}, "name": 2259, "source": {"coordinates": [403.29144287109, 9.2719268798828, 335.6904296875, 384.74346923828]}, "seconds": 94.125, "object": "head", "type": "relation", "subject": "the man"}, {"caption": "the man wearing black shirt", "predicate": "wearing", "target": {"coordinates": [264.83819580078, 26.464721679688, 156.68762207031, 146.18716430664]}, "name": 2259, "source": {"coordinates": [403.29144287109, 9.2719268798828, 335.6904296875, 384.74346923828]}, "seconds": 94.125, "object": "black shirt", "type": "relation", "subject": "the man"}, {"caption": "the man wearing black shirt", "predicate": "wearing", "target": {"coordinates": [228.71304321289, 233.61413574219, 116.10180664062, 116.12969970703]}, "name": 2259, "source": {"coordinates": [403.29144287109, 9.2719268798828, 335.6904296875, 384.74346923828]}, "seconds": 94.125, "object": "black shirt", "type": "relation", "subject": "the man"}, {"caption": "the window on wall", "predicate": "on", "target": {"coordinates": [357.96063232422, 155.21006774902, 164.71887207031, 172.96943664551]}, "name": 2259, "source": {"coordinates": [403.29144287109, 9.2719268798828, 335.6904296875, 384.74346923828]}, "seconds": 94.125, "object": "wall", "type": "relation", "subject": "the window"}, {"caption": "the window on wall", "predicate": "on", "target": {"coordinates": [173.33702087402, 20.333953857422, 381.01751708984, 388.26684570312]}, "name": 2259, "source": {"coordinates": [562.91967773438, 145.11448669434, 144.6611328125, 156.67518615723]}, "seconds": 94.125, "object": "wall", "type": "relation", "subject": "the window"}, {"caption": "the window on wall", "predicate": "on", "target": {"coordinates": [-7.3765563964844, 18.252349853516, 342.50720214844, 365.85208129883]}, "name": 2259, "source": {"coordinates": [562.91967773438, 145.11448669434, 144.6611328125, 156.67518615723]}, "seconds": 94.125, "object": "wall", "type": "relation", "subject": "the window"}, {"caption": "the window on wall", "predicate": "on", "target": {"coordinates": [403.29144287109, 9.2719268798828, 335.6904296875, 384.74346923828]}, "name": 2259, "source": {"coordinates": [562.91967773438, 145.11448669434, 144.6611328125, 156.67518615723]}, "seconds": 94.125, "object": "wall", "type": "relation", "subject": "the window"}, {"caption": "the window on top of a white shirt", "predicate": "on", "target": {"coordinates": [264.83819580078, 26.464721679688, 156.68762207031, 146.18716430664]}, "name": 2259, "source": {"coordinates": [562.91967773438, 145.11448669434, 144.6611328125, 156.67518615723]}, "seconds": 94.125, "object": "top of a white shirt", "type": "relation", "subject": "the window"}, {"caption": "the window on a white shirt", "predicate": "on", "target": {"coordinates": [228.71304321289, 233.61413574219, 116.10180664062, 116.12969970703]}, "name": 2259, "source": {"coordinates": [562.91967773438, 145.11448669434, 144.6611328125, 156.67518615723]}, "seconds": 94.125, "object": "a white shirt", "type": "relation", "subject": "the window"}, {"caption": "the head of man", "predicate": "of", "target": {"coordinates": [357.96063232422, 155.21006774902, 164.71887207031, 172.96943664551]}, "name": 2259, "source": {"coordinates": [562.91967773438, 145.11448669434, 144.6611328125, 156.67518615723]}, "seconds": 94.125, "object": "man", "type": "relation", "subject": "the head"}, {"caption": "the head of man", "predicate": "of", "target": {"coordinates": [173.33702087402, 20.333953857422, 381.01751708984, 388.26684570312]}, "name": 2259, "source": {"coordinates": [264.83819580078, 26.464721679688, 156.68762207031, 146.18716430664]}, "seconds": 94.125, "object": "man", "type": "relation", "subject": "the head"}, {"caption": "the man in a room", "predicate": "in", "target": {"coordinates": [-7.3765563964844, 18.252349853516, 342.50720214844, 365.85208129883]}, "name": 2259, "source": {"coordinates": [264.83819580078, 26.464721679688, 156.68762207031, 146.18716430664]}, "seconds": 94.125, "object": "a room", "type": "relation", "subject": "the man"}, {"caption": "the man in room", "predicate": "in", "target": {"coordinates": [403.29144287109, 9.2719268798828, 335.6904296875, 384.74346923828]}, "name": 2259, "source": {"coordinates": [264.83819580078, 26.464721679688, 156.68762207031, 146.18716430664]}, "seconds": 94.125, "object": "room", "type": "relation", "subject": "the man"}, {"caption": "the man on wall", "predicate": "on", "target": {"coordinates": [562.91967773438, 145.11448669434, 144.6611328125, 156.67518615723]}, "name": 2259, "source": {"coordinates": [264.83819580078, 26.464721679688, 156.68762207031, 146.18716430664]}, "seconds": 94.125, "object": "wall", "type": "relation", "subject": "the man"}, {"caption": "the man wearing black shirt", "predicate": "wearing", "target": {"coordinates": [228.71304321289, 233.61413574219, 116.10180664062, 116.12969970703]}, "name": 2259, "source": {"coordinates": [264.83819580078, 26.464721679688, 156.68762207031, 146.18716430664]}, "seconds": 94.125, "object": "black shirt", "type": "relation", "subject": "the man"}, {"caption": "the man in a room", "predicate": "in", "target": {"coordinates": [357.96063232422, 155.21006774902, 164.71887207031, 172.96943664551]}, "name": 2259, "source": {"coordinates": [264.83819580078, 26.464721679688, 156.68762207031, 146.18716430664]}, "seconds": 94.125, "object": "a room", "type": "relation", "subject": "the man"}, {"caption": "the man in a room", "predicate": "in", "target": {"coordinates": [173.33702087402, 20.333953857422, 381.01751708984, 388.26684570312]}, "name": 2259, "source": {"coordinates": [228.71304321289, 233.61413574219, 116.10180664062, 116.12969970703]}, "seconds": 94.125, "object": "a room", "type": "relation", "subject": "the man"}, {"caption": "the man in a room", "predicate": "in", "target": {"coordinates": [-7.3765563964844, 18.252349853516, 342.50720214844, 365.85208129883]}, "name": 2259, "source": {"coordinates": [228.71304321289, 233.61413574219, 116.10180664062, 116.12969970703]}, "seconds": 94.125, "object": "a room", "type": "relation", "subject": "the man"}, {"caption": "the man in room", "predicate": "in", "target": {"coordinates": [403.29144287109, 9.2719268798828, 335.6904296875, 384.74346923828]}, "name": 2259, "source": {"coordinates": [228.71304321289, 233.61413574219, 116.10180664062, 116.12969970703]}, "seconds": 94.125, "object": "room", "type": "relation", "subject": "the man"}, {"caption": "the man on white wall", "predicate": "on", "target": {"coordinates": [562.91967773438, 145.11448669434, 144.6611328125, 156.67518615723]}, "name": 2259, "source": {"coordinates": [228.71304321289, 233.61413574219, 116.10180664062, 116.12969970703]}, "seconds": 94.125, "object": "white wall", "type": "relation", "subject": "the man"}, {"caption": "the man has head", "predicate": "has", "target": {"coordinates": [264.83819580078, 26.464721679688, 156.68762207031, 146.18716430664]}, "name": 2259, "source": {"coordinates": [228.71304321289, 233.61413574219, 116.10180664062, 116.12969970703]}, "seconds": 94.125, "object": "head", "type": "relation", "subject": "the man"}, {"caption": "the man in a white shirt", "predicate": "in", "target": {"coordinates": [357.96063232422, 155.21006774902, 164.71887207031, 172.96943664551]}, "name": 2259, "source": {"coordinates": [228.71304321289, 233.61413574219, 116.10180664062, 116.12969970703]}, "seconds": 94.125, "object": "a white shirt", "type": "relation", "subject": "the man"}, {"caption": "the man in a white shirt", "predicate": "in", "target": {"coordinates": [173.33702087402, 20.333953857422, 381.01751708984, 388.26684570312]}, "name": 2259, "source": {"coordinates": [357.96063232422, 155.21006774902, 164.71887207031, 172.96943664551]}, "seconds": 94.125, "object": "a white shirt", "type": "relation", "subject": "the man"}, {"caption": "the man on wall", "predicate": "on", "target": {"coordinates": [-7.3765563964844, 18.252349853516, 342.50720214844, 365.85208129883]}, "name": 2259, "source": {"coordinates": [357.96063232422, 155.21006774902, 164.71887207031, 172.96943664551]}, "seconds": 94.125, "object": "wall", "type": "relation", "subject": "the man"}, {"caption": "the man in room", "predicate": "in", "target": {"coordinates": [403.29144287109, 9.2719268798828, 335.6904296875, 384.74346923828]}, "name": 2259, "source": {"coordinates": [357.96063232422, 155.21006774902, 164.71887207031, 172.96943664551]}, "seconds": 94.125, "object": "room", "type": "relation", "subject": "the man"}, {"caption": "the man on white wall", "predicate": "on", "target": {"coordinates": [562.91967773438, 145.11448669434, 144.6611328125, 156.67518615723]}, "name": 2259, "source": {"coordinates": [357.96063232422, 155.21006774902, 164.71887207031, 172.96943664551]}, "seconds": 94.125, "object": "white wall", "type": "relation", "subject": "the man"}, {"caption": "the man has head", "predicate": "has", "target": {"coordinates": [264.83819580078, 26.464721679688, 156.68762207031, 146.18716430664]}, "name": 2259, "source": {"coordinates": [357.96063232422, 155.21006774902, 164.71887207031, 172.96943664551]}, "seconds": 94.125, "object": "head", "type": "relation", "subject": "the man"}, {"caption": "the man in room", "predicate": "in", "target": {"coordinates": [228.71304321289, 233.61413574219, 116.10180664062, 116.12969970703]}, "name": 2259, "source": {"coordinates": [357.96063232422, 155.21006774902, 164.71887207031, 172.96943664551]}, "seconds": 94.125, "object": "room", "type": "relation", "subject": "the man"}]