[{"caption": "the man wearing black shirt", "predicate": "wearing", "target": {"coordinates": [353.12747192383, 6.7681732177734, 383.21408081055, 393.9326171875]}, "name": 2688, "source": {"coordinates": [89.737487792969, 16.637237548828, 385.88433837891, 390.59262084961]}, "seconds": 112.0, "object": "black shirt", "type": "relation", "subject": "the man"}, {"caption": "the man wearing black shirt", "predicate": "wearing", "target": {"coordinates": [300.30242919922, 139.07611083984, 182.05297851562, 256.06097412109]}, "name": 2688, "source": {"coordinates": [89.737487792969, 16.637237548828, 385.88433837891, 390.59262084961]}, "seconds": 112.0, "object": "black shirt", "type": "relation", "subject": "the man"}, {"caption": "the man has a white shirt", "predicate": "has", "target": {"coordinates": [122.79502105713, 32.412902832031, 142.6887512207, 154.60678100586]}, "name": 2688, "source": {"coordinates": [89.737487792969, 16.637237548828, 385.88433837891, 390.59262084961]}, "seconds": 112.0, "object": "a white shirt", "type": "relation", "subject": "the man"}, {"caption": "the man in room", "predicate": "in", "target": {"coordinates": [59.769706726074, 189.89196777344, 37.819580078125, 51.334197998047]}, "name": 2688, "source": {"coordinates": [89.737487792969, 16.637237548828, 385.88433837891, 390.59262084961]}, "seconds": 112.0, "object": "room", "type": "relation", "subject": "the man"}, {"caption": "the man has a black hair", "predicate": "has", "target": {"coordinates": [13.047691345215, 23.425903320312, 177.68414306641, 375.80044555664]}, "name": 2688, "source": {"coordinates": [89.737487792969, 16.637237548828, 385.88433837891, 390.59262084961]}, "seconds": 112.0, "object": "a black hair", "type": "relation", "subject": "the man"}, {"caption": "the man wearing black shirt", "predicate": "wearing", "target": {"coordinates": [686.12237548828, 356.13092041016, 30.420776367188, 45.355285644531]}, "name": 2688, "source": {"coordinates": [89.737487792969, 16.637237548828, 385.88433837891, 390.59262084961]}, "seconds": 112.0, "object": "black shirt", "type": "relation", "subject": "the man"}, {"caption": "the man in front of building", "predicate": "in", "target": {"coordinates": [507.45236206055, 28.462387084961, 79.957855224609, 279.35083007812]}, "name": 2688, "source": {"coordinates": [89.737487792969, 16.637237548828, 385.88433837891, 390.59262084961]}, "seconds": 112.0, "object": "front of building", "type": "relation", "subject": "the man"}, {"caption": "the man in front of building", "predicate": "in", "target": {"coordinates": [89.737487792969, 16.637237548828, 385.88433837891, 390.59262084961]}, "name": 2688, "source": {"coordinates": [353.12747192383, 6.7681732177734, 383.21408081055, 393.9326171875]}, "seconds": 112.0, "object": "front of building", "type": "relation", "subject": "the man"}, {"caption": "the man wearing black shirt", "predicate": "wearing", "target": {"coordinates": [300.30242919922, 139.07611083984, 182.05297851562, 256.06097412109]}, "name": 2688, "source": {"coordinates": [353.12747192383, 6.7681732177734, 383.21408081055, 393.9326171875]}, "seconds": 112.0, "object": "black shirt", "type": "relation", "subject": "the man"}, {"caption": "the man has a white shirt", "predicate": "has", "target": {"coordinates": [122.79502105713, 32.412902832031, 142.6887512207, 154.60678100586]}, "name": 2688, "source": {"coordinates": [353.12747192383, 6.7681732177734, 383.21408081055, 393.9326171875]}, "seconds": 112.0, "object": "a white shirt", "type": "relation", "subject": "the man"}, {"caption": "the man in room", "predicate": "in", "target": {"coordinates": [59.769706726074, 189.89196777344, 37.819580078125, 51.334197998047]}, "name": 2688, "source": {"coordinates": [353.12747192383, 6.7681732177734, 383.21408081055, 393.9326171875]}, "seconds": 112.0, "object": "room", "type": "relation", "subject": "the man"}, {"caption": "the man has a white hair", "predicate": "has", "target": {"coordinates": [13.047691345215, 23.425903320312, 177.68414306641, 375.80044555664]}, "name": 2688, "source": {"coordinates": [353.12747192383, 6.7681732177734, 383.21408081055, 393.9326171875]}, "seconds": 112.0, "object": "a white hair", "type": "relation", "subject": "the man"}, {"caption": "the man wearing black shirt", "predicate": "wearing", "target": {"coordinates": [686.12237548828, 356.13092041016, 30.420776367188, 45.355285644531]}, "name": 2688, "source": {"coordinates": [353.12747192383, 6.7681732177734, 383.21408081055, 393.9326171875]}, "seconds": 112.0, "object": "black shirt", "type": "relation", "subject": "the man"}, {"caption": "the man wearing blue shirt", "predicate": "wearing", "target": {"coordinates": [507.45236206055, 28.462387084961, 79.957855224609, 279.35083007812]}, "name": 2688, "source": {"coordinates": [353.12747192383, 6.7681732177734, 383.21408081055, 393.9326171875]}, "seconds": 112.0, "object": "blue shirt", "type": "relation", "subject": "the man"}, {"caption": "the man wearing blue shirt", "predicate": "wearing", "target": {"coordinates": [89.737487792969, 16.637237548828, 385.88433837891, 390.59262084961]}, "name": 2688, "source": {"coordinates": [300.30242919922, 139.07611083984, 182.05297851562, 256.06097412109]}, "seconds": 112.0, "object": "blue shirt", "type": "relation", "subject": "the man"}, {"caption": "the man in front of building", "predicate": "in", "target": {"coordinates": [353.12747192383, 6.7681732177734, 383.21408081055, 393.9326171875]}, "name": 2688, "source": {"coordinates": [300.30242919922, 139.07611083984, 182.05297851562, 256.06097412109]}, "seconds": 112.0, "object": "front of building", "type": "relation", "subject": "the man"}, {"caption": "the man in front of building", "predicate": "in", "target": {"coordinates": [122.79502105713, 32.412902832031, 142.6887512207, 154.60678100586]}, "name": 2688, "source": {"coordinates": [300.30242919922, 139.07611083984, 182.05297851562, 256.06097412109]}, "seconds": 112.0, "object": "front of building", "type": "relation", "subject": "the man"}, {"caption": "the man in room", "predicate": "in", "target": {"coordinates": [59.769706726074, 189.89196777344, 37.819580078125, 51.334197998047]}, "name": 2688, "source": {"coordinates": [300.30242919922, 139.07611083984, 182.05297851562, 256.06097412109]}, "seconds": 112.0, "object": "room", "type": "relation", "subject": "the man"}, {"caption": "the man in front of building", "predicate": "in", "target": {"coordinates": [13.047691345215, 23.425903320312, 177.68414306641, 375.80044555664]}, "name": 2688, "source": {"coordinates": [300.30242919922, 139.07611083984, 182.05297851562, 256.06097412109]}, "seconds": 112.0, "object": "front of building", "type": "relation", "subject": "the man"}, {"caption": "the man wearing black shirt", "predicate": "wearing", "target": {"coordinates": [686.12237548828, 356.13092041016, 30.420776367188, 45.355285644531]}, "name": 2688, "source": {"coordinates": [300.30242919922, 139.07611083984, 182.05297851562, 256.06097412109]}, "seconds": 112.0, "object": "black shirt", "type": "relation", "subject": "the man"}, {"caption": "the window on building", "predicate": "on", "target": {"coordinates": [507.45236206055, 28.462387084961, 79.957855224609, 279.35083007812]}, "name": 2688, "source": {"coordinates": [300.30242919922, 139.07611083984, 182.05297851562, 256.06097412109]}, "seconds": 112.0, "object": "building", "type": "relation", "subject": "the window"}, {"caption": "the window on building", "predicate": "on", "target": {"coordinates": [89.737487792969, 16.637237548828, 385.88433837891, 390.59262084961]}, "name": 2688, "source": {"coordinates": [122.79502105713, 32.412902832031, 142.6887512207, 154.60678100586]}, "seconds": 112.0, "object": "building", "type": "relation", "subject": "the window"}, {"caption": "the window on building", "predicate": "on", "target": {"coordinates": [353.12747192383, 6.7681732177734, 383.21408081055, 393.9326171875]}, "name": 2688, "source": {"coordinates": [122.79502105713, 32.412902832031, 142.6887512207, 154.60678100586]}, "seconds": 112.0, "object": "building", "type": "relation", "subject": "the window"}, {"caption": "the man wearing black shirt", "predicate": "wearing", "target": {"coordinates": [300.30242919922, 139.07611083984, 182.05297851562, 256.06097412109]}, "name": 2688, "source": {"coordinates": [122.79502105713, 32.412902832031, 142.6887512207, 154.60678100586]}, "seconds": 112.0, "object": "black shirt", "type": "relation", "subject": "the man"}, {"caption": "the window on wall", "predicate": "on", "target": {"coordinates": [59.769706726074, 189.89196777344, 37.819580078125, 51.334197998047]}, "name": 2688, "source": {"coordinates": [122.79502105713, 32.412902832031, 142.6887512207, 154.60678100586]}, "seconds": 112.0, "object": "wall", "type": "relation", "subject": "the window"}, {"caption": "the window on building", "predicate": "on", "target": {"coordinates": [13.047691345215, 23.425903320312, 177.68414306641, 375.80044555664]}, "name": 2688, "source": {"coordinates": [122.79502105713, 32.412902832031, 142.6887512207, 154.60678100586]}, "seconds": 112.0, "object": "building", "type": "relation", "subject": "the window"}, {"caption": "the man wearing black shirt", "predicate": "wearing", "target": {"coordinates": [686.12237548828, 356.13092041016, 30.420776367188, 45.355285644531]}, "name": 2688, "source": {"coordinates": [122.79502105713, 32.412902832031, 142.6887512207, 154.60678100586]}, "seconds": 112.0, "object": "black shirt", "type": "relation", "subject": "the man"}, {"caption": "the window on wall", "predicate": "on", "target": {"coordinates": [507.45236206055, 28.462387084961, 79.957855224609, 279.35083007812]}, "name": 2688, "source": {"coordinates": [122.79502105713, 32.412902832031, 142.6887512207, 154.60678100586]}, "seconds": 112.0, "object": "wall", "type": "relation", "subject": "the window"}, {"caption": "the window on wall", "predicate": "on", "target": {"coordinates": [89.737487792969, 16.637237548828, 385.88433837891, 390.59262084961]}, "name": 2688, "source": {"coordinates": [59.769706726074, 189.89196777344, 37.819580078125, 51.334197998047]}, "seconds": 112.0, "object": "wall", "type": "relation", "subject": "the window"}, {"caption": "the window on wall", "predicate": "on", "target": {"coordinates": [353.12747192383, 6.7681732177734, 383.21408081055, 393.9326171875]}, "name": 2688, "source": {"coordinates": [59.769706726074, 189.89196777344, 37.819580078125, 51.334197998047]}, "seconds": 112.0, "object": "wall", "type": "relation", "subject": "the window"}, {"caption": "the window on building", "predicate": "on", "target": {"coordinates": [300.30242919922, 139.07611083984, 182.05297851562, 256.06097412109]}, "name": 2688, "source": {"coordinates": [59.769706726074, 189.89196777344, 37.819580078125, 51.334197998047]}, "seconds": 112.0, "object": "building", "type": "relation", "subject": "the window"}, {"caption": "the window on wall", "predicate": "on", "target": {"coordinates": [122.79502105713, 32.412902832031, 142.6887512207, 154.60678100586]}, "name": 2688, "source": {"coordinates": [59.769706726074, 189.89196777344, 37.819580078125, 51.334197998047]}, "seconds": 112.0, "object": "wall", "type": "relation", "subject": "the window"}, {"caption": "the window on building", "predicate": "on", "target": {"coordinates": [13.047691345215, 23.425903320312, 177.68414306641, 375.80044555664]}, "name": 2688, "source": {"coordinates": [59.769706726074, 189.89196777344, 37.819580078125, 51.334197998047]}, "seconds": 112.0, "object": "building", "type": "relation", "subject": "the window"}, {"caption": "the window on building", "predicate": "on", "target": {"coordinates": [686.12237548828, 356.13092041016, 30.420776367188, 45.355285644531]}, "name": 2688, "source": {"coordinates": [59.769706726074, 189.89196777344, 37.819580078125, 51.334197998047]}, "seconds": 112.0, "object": "building", "type": "relation", "subject": "the window"}, {"caption": "the man in a room", "predicate": "in", "target": {"coordinates": [507.45236206055, 28.462387084961, 79.957855224609, 279.35083007812]}, "name": 2688, "source": {"coordinates": [59.769706726074, 189.89196777344, 37.819580078125, 51.334197998047]}, "seconds": 112.0, "object": "a room", "type": "relation", "subject": "the man"}, {"caption": "the man in a room", "predicate": "in", "target": {"coordinates": [89.737487792969, 16.637237548828, 385.88433837891, 390.59262084961]}, "name": 2688, "source": {"coordinates": [13.047691345215, 23.425903320312, 177.68414306641, 375.80044555664]}, "seconds": 112.0, "object": "a room", "type": "relation", "subject": "the man"}, {"caption": "the man in room", "predicate": "in", "target": {"coordinates": [353.12747192383, 6.7681732177734, 383.21408081055, 393.9326171875]}, "name": 2688, "source": {"coordinates": [13.047691345215, 23.425903320312, 177.68414306641, 375.80044555664]}, "seconds": 112.0, "object": "room", "type": "relation", "subject": "the man"}, {"caption": "the man wearing black shirt", "predicate": "wearing", "target": {"coordinates": [300.30242919922, 139.07611083984, 182.05297851562, 256.06097412109]}, "name": 2688, "source": {"coordinates": [13.047691345215, 23.425903320312, 177.68414306641, 375.80044555664]}, "seconds": 112.0, "object": "black shirt", "type": "relation", "subject": "the man"}, {"caption": "the man wearing black shirt", "predicate": "wearing", "target": {"coordinates": [122.79502105713, 32.412902832031, 142.6887512207, 154.60678100586]}, "name": 2688, "source": {"coordinates": [13.047691345215, 23.425903320312, 177.68414306641, 375.80044555664]}, "seconds": 112.0, "object": "black shirt", "type": "relation", "subject": "the man"}, {"caption": "the man has a white shirt", "predicate": "has", "target": {"coordinates": [59.769706726074, 189.89196777344, 37.819580078125, 51.334197998047]}, "name": 2688, "source": {"coordinates": [13.047691345215, 23.425903320312, 177.68414306641, 375.80044555664]}, "seconds": 112.0, "object": "a white shirt", "type": "relation", "subject": "the man"}, {"caption": "the man wearing black shirt", "predicate": "wearing", "target": {"coordinates": [686.12237548828, 356.13092041016, 30.420776367188, 45.355285644531]}, "name": 2688, "source": {"coordinates": [13.047691345215, 23.425903320312, 177.68414306641, 375.80044555664]}, "seconds": 112.0, "object": "black shirt", "type": "relation", "subject": "the man"}, {"caption": "the window on building", "predicate": "on", "target": {"coordinates": [507.45236206055, 28.462387084961, 79.957855224609, 279.35083007812]}, "name": 2688, "source": {"coordinates": [13.047691345215, 23.425903320312, 177.68414306641, 375.80044555664]}, "seconds": 112.0, "object": "building", "type": "relation", "subject": "the window"}, {"caption": "the window on building", "predicate": "on", "target": {"coordinates": [89.737487792969, 16.637237548828, 385.88433837891, 390.59262084961]}, "name": 2688, "source": {"coordinates": [686.12237548828, 356.13092041016, 30.420776367188, 45.355285644531]}, "seconds": 112.0, "object": "building", "type": "relation", "subject": "the window"}, {"caption": "the window on building", "predicate": "on", "target": {"coordinates": [353.12747192383, 6.7681732177734, 383.21408081055, 393.9326171875]}, "name": 2688, "source": {"coordinates": [686.12237548828, 356.13092041016, 30.420776367188, 45.355285644531]}, "seconds": 112.0, "object": "building", "type": "relation", "subject": "the window"}, {"caption": "the man wearing black shirt", "predicate": "wearing", "target": {"coordinates": [300.30242919922, 139.07611083984, 182.05297851562, 256.06097412109]}, "name": 2688, "source": {"coordinates": [686.12237548828, 356.13092041016, 30.420776367188, 45.355285644531]}, "seconds": 112.0, "object": "black shirt", "type": "relation", "subject": "the man"}, {"caption": "the window on wall", "predicate": "on", "target": {"coordinates": [122.79502105713, 32.412902832031, 142.6887512207, 154.60678100586]}, "name": 2688, "source": {"coordinates": [686.12237548828, 356.13092041016, 30.420776367188, 45.355285644531]}, "seconds": 112.0, "object": "wall", "type": "relation", "subject": "the window"}, {"caption": "the man wearing black shirt", "predicate": "wearing", "target": {"coordinates": [59.769706726074, 189.89196777344, 37.819580078125, 51.334197998047]}, "name": 2688, "source": {"coordinates": [686.12237548828, 356.13092041016, 30.420776367188, 45.355285644531]}, "seconds": 112.0, "object": "black shirt", "type": "relation", "subject": "the man"}, {"caption": "the man wearing black shirt", "predicate": "wearing", "target": {"coordinates": [13.047691345215, 23.425903320312, 177.68414306641, 375.80044555664]}, "name": 2688, "source": {"coordinates": [686.12237548828, 356.13092041016, 30.420776367188, 45.355285644531]}, "seconds": 112.0, "object": "black shirt", "type": "relation", "subject": "the man"}, {"caption": "the window on building", "predicate": "on", "target": {"coordinates": [507.45236206055, 28.462387084961, 79.957855224609, 279.35083007812]}, "name": 2688, "source": {"coordinates": [686.12237548828, 356.13092041016, 30.420776367188, 45.355285644531]}, "seconds": 112.0, "object": "building", "type": "relation", "subject": "the window"}, {"caption": "the window on building", "predicate": "on", "target": {"coordinates": [89.737487792969, 16.637237548828, 385.88433837891, 390.59262084961]}, "name": 2688, "source": {"coordinates": [507.45236206055, 28.462387084961, 79.957855224609, 279.35083007812]}, "seconds": 112.0, "object": "building", "type": "relation", "subject": "the window"}, {"caption": "the window on building", "predicate": "on", "target": {"coordinates": [353.12747192383, 6.7681732177734, 383.21408081055, 393.9326171875]}, "name": 2688, "source": {"coordinates": [507.45236206055, 28.462387084961, 79.957855224609, 279.35083007812]}, "seconds": 112.0, "object": "building", "type": "relation", "subject": "the window"}, {"caption": "the window on building", "predicate": "on", "target": {"coordinates": [300.30242919922, 139.07611083984, 182.05297851562, 256.06097412109]}, "name": 2688, "source": {"coordinates": [507.45236206055, 28.462387084961, 79.957855224609, 279.35083007812]}, "seconds": 112.0, "object": "building", "type": "relation", "subject": "the window"}, {"caption": "the man wearing black shirt", "predicate": "wearing", "target": {"coordinates": [122.79502105713, 32.412902832031, 142.6887512207, 154.60678100586]}, "name": 2688, "source": {"coordinates": [507.45236206055, 28.462387084961, 79.957855224609, 279.35083007812]}, "seconds": 112.0, "object": "black shirt", "type": "relation", "subject": "the man"}, {"caption": "the window has a window", "predicate": "has", "target": {"coordinates": [59.769706726074, 189.89196777344, 37.819580078125, 51.334197998047]}, "name": 2688, "source": {"coordinates": [507.45236206055, 28.462387084961, 79.957855224609, 279.35083007812]}, "seconds": 112.0, "object": "a window", "type": "relation", "subject": "the window"}, {"caption": "the window on wall", "predicate": "on", "target": {"coordinates": [13.047691345215, 23.425903320312, 177.68414306641, 375.80044555664]}, "name": 2688, "source": {"coordinates": [507.45236206055, 28.462387084961, 79.957855224609, 279.35083007812]}, "seconds": 112.0, "object": "wall", "type": "relation", "subject": "the window"}, {"caption": "the man has a white hair", "predicate": "has", "target": {"coordinates": [686.12237548828, 356.13092041016, 30.420776367188, 45.355285644531]}, "name": 2688, "source": {"coordinates": [507.45236206055, 28.462387084961, 79.957855224609, 279.35083007812]}, "seconds": 112.0, "object": "a white hair", "type": "relation", "subject": "the man"}]