[{"caption": "the man in room", "predicate": "in", "target": {"coordinates": [-8.1027755737305, 3.4225769042969, 238.05905151367, 404.30133056641]}, "name": 2718, "source": {"coordinates": [225.97639465332, 14.807006835938, 366.06164550781, 397.36450195312]}, "seconds": 113.25, "object": "room", "type": "relation", "subject": "the man"}, {"caption": "the woman has head", "predicate": "has", "target": {"coordinates": [458.48434448242, -0.49116516113281, 269.34524536133, 407.21185302734]}, "name": 2718, "source": {"coordinates": [225.97639465332, 14.807006835938, 366.06164550781, 397.36450195312]}, "seconds": 113.25, "object": "head", "type": "relation", "subject": "the woman"}, {"caption": "the woman wearing white shirt", "predicate": "wearing", "target": {"coordinates": [353.01843261719, 53.151969909668, 149.251953125, 161.2673034668]}, "name": 2718, "source": {"coordinates": [225.97639465332, 14.807006835938, 366.06164550781, 397.36450195312]}, "seconds": 113.25, "object": "white shirt", "type": "relation", "subject": "the woman"}, {"caption": "the man has white handle", "predicate": "has", "target": {"coordinates": [142.94367980957, 329.30319213867, 116.90013122559, 76.553100585938]}, "name": 2718, "source": {"coordinates": [225.97639465332, 14.807006835938, 366.06164550781, 397.36450195312]}, "seconds": 113.25, "object": "white handle", "type": "relation", "subject": "the man"}, {"caption": "the man wearing black shirt", "predicate": "wearing", "target": {"coordinates": [203.21849060059, 69.25537109375, 121.24391174316, 36.451187133789]}, "name": 2718, "source": {"coordinates": [225.97639465332, 14.807006835938, 366.06164550781, 397.36450195312]}, "seconds": 113.25, "object": "black shirt", "type": "relation", "subject": "the man"}, {"caption": "the man has a white handle", "predicate": "has", "target": {"coordinates": [519.24041748047, 323.16766357422, 210.626953125, 78.646728515625]}, "name": 2718, "source": {"coordinates": [225.97639465332, 14.807006835938, 366.06164550781, 397.36450195312]}, "seconds": 113.25, "object": "a white handle", "type": "relation", "subject": "the man"}, {"caption": "the man wearing black shirt", "predicate": "wearing", "target": {"coordinates": [-0.22426223754883, 37.470989227295, 49.646228790283, 69.433364868164]}, "name": 2718, "source": {"coordinates": [225.97639465332, 14.807006835938, 366.06164550781, 397.36450195312]}, "seconds": 113.25, "object": "black shirt", "type": "relation", "subject": "the man"}, {"caption": "the window on wall", "predicate": "on", "target": {"coordinates": [3.437047958374, 3.3005237579346, 35.071228027344, 40.701126098633]}, "name": 2718, "source": {"coordinates": [225.97639465332, 14.807006835938, 366.06164550781, 397.36450195312]}, "seconds": 113.25, "object": "wall", "type": "relation", "subject": "the window"}, {"caption": "the window on wall", "predicate": "on", "target": {"coordinates": [225.97639465332, 14.807006835938, 366.06164550781, 397.36450195312]}, "name": 2718, "source": {"coordinates": [-8.1027755737305, 3.4225769042969, 238.05905151367, 404.30133056641]}, "seconds": 113.25, "object": "wall", "type": "relation", "subject": "the window"}, {"caption": "the man has head", "predicate": "has", "target": {"coordinates": [458.48434448242, -0.49116516113281, 269.34524536133, 407.21185302734]}, "name": 2718, "source": {"coordinates": [-8.1027755737305, 3.4225769042969, 238.05905151367, 404.30133056641]}, "seconds": 113.25, "object": "head", "type": "relation", "subject": "the man"}, {"caption": "the glass has white handle", "predicate": "has", "target": {"coordinates": [353.01843261719, 53.151969909668, 149.251953125, 161.2673034668]}, "name": 2718, "source": {"coordinates": [-8.1027755737305, 3.4225769042969, 238.05905151367, 404.30133056641]}, "seconds": 113.25, "object": "white handle", "type": "relation", "subject": "the glass"}, {"caption": "the glass has white handle", "predicate": "has", "target": {"coordinates": [142.94367980957, 329.30319213867, 116.90013122559, 76.553100585938]}, "name": 2718, "source": {"coordinates": [-8.1027755737305, 3.4225769042969, 238.05905151367, 404.30133056641]}, "seconds": 113.25, "object": "white handle", "type": "relation", "subject": "the glass"}, {"caption": "the man on table", "predicate": "on", "target": {"coordinates": [203.21849060059, 69.25537109375, 121.24391174316, 36.451187133789]}, "name": 2718, "source": {"coordinates": [-8.1027755737305, 3.4225769042969, 238.05905151367, 404.30133056641]}, "seconds": 113.25, "object": "table", "type": "relation", "subject": "the man"}, {"caption": "the man has a white handle", "predicate": "has", "target": {"coordinates": [519.24041748047, 323.16766357422, 210.626953125, 78.646728515625]}, "name": 2718, "source": {"coordinates": [-8.1027755737305, 3.4225769042969, 238.05905151367, 404.30133056641]}, "seconds": 113.25, "object": "a white handle", "type": "relation", "subject": "the man"}, {"caption": "the man has a white handle", "predicate": "has", "target": {"coordinates": [-0.22426223754883, 37.470989227295, 49.646228790283, 69.433364868164]}, "name": 2718, "source": {"coordinates": [-8.1027755737305, 3.4225769042969, 238.05905151367, 404.30133056641]}, "seconds": 113.25, "object": "a white handle", "type": "relation", "subject": "the man"}, {"caption": "the window on wall", "predicate": "on", "target": {"coordinates": [3.437047958374, 3.3005237579346, 35.071228027344, 40.701126098633]}, "name": 2718, "source": {"coordinates": [-8.1027755737305, 3.4225769042969, 238.05905151367, 404.30133056641]}, "seconds": 113.25, "object": "wall", "type": "relation", "subject": "the window"}, {"caption": "the window on wall", "predicate": "on", "target": {"coordinates": [225.97639465332, 14.807006835938, 366.06164550781, 397.36450195312]}, "name": 2718, "source": {"coordinates": [458.48434448242, -0.49116516113281, 269.34524536133, 407.21185302734]}, "seconds": 113.25, "object": "wall", "type": "relation", "subject": "the window"}, {"caption": "the man in room", "predicate": "in", "target": {"coordinates": [-8.1027755737305, 3.4225769042969, 238.05905151367, 404.30133056641]}, "name": 2718, "source": {"coordinates": [458.48434448242, -0.49116516113281, 269.34524536133, 407.21185302734]}, "seconds": 113.25, "object": "room", "type": "relation", "subject": "the man"}, {"caption": "the woman wearing white shirt", "predicate": "wearing", "target": {"coordinates": [353.01843261719, 53.151969909668, 149.251953125, 161.2673034668]}, "name": 2718, "source": {"coordinates": [458.48434448242, -0.49116516113281, 269.34524536133, 407.21185302734]}, "seconds": 113.25, "object": "white shirt", "type": "relation", "subject": "the woman"}, {"caption": "the man has a white handle", "predicate": "has", "target": {"coordinates": [142.94367980957, 329.30319213867, 116.90013122559, 76.553100585938]}, "name": 2718, "source": {"coordinates": [458.48434448242, -0.49116516113281, 269.34524536133, 407.21185302734]}, "seconds": 113.25, "object": "a white handle", "type": "relation", "subject": "the man"}, {"caption": "the man wearing black shirt", "predicate": "wearing", "target": {"coordinates": [203.21849060059, 69.25537109375, 121.24391174316, 36.451187133789]}, "name": 2718, "source": {"coordinates": [458.48434448242, -0.49116516113281, 269.34524536133, 407.21185302734]}, "seconds": 113.25, "object": "black shirt", "type": "relation", "subject": "the man"}, {"caption": "the man has a white handle", "predicate": "has", "target": {"coordinates": [519.24041748047, 323.16766357422, 210.626953125, 78.646728515625]}, "name": 2718, "source": {"coordinates": [458.48434448242, -0.49116516113281, 269.34524536133, 407.21185302734]}, "seconds": 113.25, "object": "a white handle", "type": "relation", "subject": "the man"}, {"caption": "the man wearing black shirt", "predicate": "wearing", "target": {"coordinates": [-0.22426223754883, 37.470989227295, 49.646228790283, 69.433364868164]}, "name": 2718, "source": {"coordinates": [458.48434448242, -0.49116516113281, 269.34524536133, 407.21185302734]}, "seconds": 113.25, "object": "black shirt", "type": "relation", "subject": "the man"}, {"caption": "the man in room", "predicate": "in", "target": {"coordinates": [3.437047958374, 3.3005237579346, 35.071228027344, 40.701126098633]}, "name": 2718, "source": {"coordinates": [458.48434448242, -0.49116516113281, 269.34524536133, 407.21185302734]}, "seconds": 113.25, "object": "room", "type": "relation", "subject": "the man"}, {"caption": "the man in room", "predicate": "in", "target": {"coordinates": [225.97639465332, 14.807006835938, 366.06164550781, 397.36450195312]}, "name": 2718, "source": {"coordinates": [353.01843261719, 53.151969909668, 149.251953125, 161.2673034668]}, "seconds": 113.25, "object": "room", "type": "relation", "subject": "the man"}, {"caption": "the man in room", "predicate": "in", "target": {"coordinates": [-8.1027755737305, 3.4225769042969, 238.05905151367, 404.30133056641]}, "name": 2718, "source": {"coordinates": [353.01843261719, 53.151969909668, 149.251953125, 161.2673034668]}, "seconds": 113.25, "object": "room", "type": "relation", "subject": "the man"}, {"caption": "the man on wall", "predicate": "on", "target": {"coordinates": [458.48434448242, -0.49116516113281, 269.34524536133, 407.21185302734]}, "name": 2718, "source": {"coordinates": [353.01843261719, 53.151969909668, 149.251953125, 161.2673034668]}, "seconds": 113.25, "object": "wall", "type": "relation", "subject": "the man"}, {"caption": "the woman holding white", "predicate": "holding", "target": {"coordinates": [142.94367980957, 329.30319213867, 116.90013122559, 76.553100585938]}, "name": 2718, "source": {"coordinates": [353.01843261719, 53.151969909668, 149.251953125, 161.2673034668]}, "seconds": 113.25, "object": "white", "type": "relation", "subject": "the woman"}, {"caption": "the man on table", "predicate": "on", "target": {"coordinates": [203.21849060059, 69.25537109375, 121.24391174316, 36.451187133789]}, "name": 2718, "source": {"coordinates": [353.01843261719, 53.151969909668, 149.251953125, 161.2673034668]}, "seconds": 113.25, "object": "table", "type": "relation", "subject": "the man"}, {"caption": "the man holding black phone", "predicate": "holding", "target": {"coordinates": [519.24041748047, 323.16766357422, 210.626953125, 78.646728515625]}, "name": 2718, "source": {"coordinates": [353.01843261719, 53.151969909668, 149.251953125, 161.2673034668]}, "seconds": 113.25, "object": "black phone", "type": "relation", "subject": "the man"}, {"caption": "the hair on head", "predicate": "on", "target": {"coordinates": [-0.22426223754883, 37.470989227295, 49.646228790283, 69.433364868164]}, "name": 2718, "source": {"coordinates": [353.01843261719, 53.151969909668, 149.251953125, 161.2673034668]}, "seconds": 113.25, "object": "head", "type": "relation", "subject": "the hair"}, {"caption": "the white toilet in bathroom", "predicate": "in", "target": {"coordinates": [3.437047958374, 3.3005237579346, 35.071228027344, 40.701126098633]}, "name": 2718, "source": {"coordinates": [353.01843261719, 53.151969909668, 149.251953125, 161.2673034668]}, "seconds": 113.25, "object": "bathroom", "type": "relation", "subject": "the white toilet"}, {"caption": "the white toilet in bathroom", "predicate": "in", "target": {"coordinates": [225.97639465332, 14.807006835938, 366.06164550781, 397.36450195312]}, "name": 2718, "source": {"coordinates": [142.94367980957, 329.30319213867, 116.90013122559, 76.553100585938]}, "seconds": 113.25, "object": "bathroom", "type": "relation", "subject": "the white toilet"}, {"caption": "the white toilet in bathroom", "predicate": "in", "target": {"coordinates": [-8.1027755737305, 3.4225769042969, 238.05905151367, 404.30133056641]}, "name": 2718, "source": {"coordinates": [142.94367980957, 329.30319213867, 116.90013122559, 76.553100585938]}, "seconds": 113.25, "object": "bathroom", "type": "relation", "subject": "the white toilet"}, {"caption": "the white toilet in bathroom", "predicate": "in", "target": {"coordinates": [458.48434448242, -0.49116516113281, 269.34524536133, 407.21185302734]}, "name": 2718, "source": {"coordinates": [142.94367980957, 329.30319213867, 116.90013122559, 76.553100585938]}, "seconds": 113.25, "object": "bathroom", "type": "relation", "subject": "the white toilet"}, {"caption": "the head of a white dog", "predicate": "of", "target": {"coordinates": [353.01843261719, 53.151969909668, 149.251953125, 161.2673034668]}, "name": 2718, "source": {"coordinates": [142.94367980957, 329.30319213867, 116.90013122559, 76.553100585938]}, "seconds": 113.25, "object": "a white dog", "type": "relation", "subject": "the head"}, {"caption": "the cat on table", "predicate": "on", "target": {"coordinates": [203.21849060059, 69.25537109375, 121.24391174316, 36.451187133789]}, "name": 2718, "source": {"coordinates": [142.94367980957, 329.30319213867, 116.90013122559, 76.553100585938]}, "seconds": 113.25, "object": "table", "type": "relation", "subject": "the cat"}, {"caption": "the hand has a white handle", "predicate": "has", "target": {"coordinates": [519.24041748047, 323.16766357422, 210.626953125, 78.646728515625]}, "name": 2718, "source": {"coordinates": [142.94367980957, 329.30319213867, 116.90013122559, 76.553100585938]}, "seconds": 113.25, "object": "a white handle", "type": "relation", "subject": "the hand"}, {"caption": "the white shirt on head", "predicate": "on", "target": {"coordinates": [-0.22426223754883, 37.470989227295, 49.646228790283, 69.433364868164]}, "name": 2718, "source": {"coordinates": [142.94367980957, 329.30319213867, 116.90013122559, 76.553100585938]}, "seconds": 113.25, "object": "head", "type": "relation", "subject": "the white shirt"}, {"caption": "the light on wall", "predicate": "on", "target": {"coordinates": [3.437047958374, 3.3005237579346, 35.071228027344, 40.701126098633]}, "name": 2718, "source": {"coordinates": [142.94367980957, 329.30319213867, 116.90013122559, 76.553100585938]}, "seconds": 113.25, "object": "wall", "type": "relation", "subject": "the light"}, {"caption": "the light on wall", "predicate": "on", "target": {"coordinates": [225.97639465332, 14.807006835938, 366.06164550781, 397.36450195312]}, "name": 2718, "source": {"coordinates": [203.21849060059, 69.25537109375, 121.24391174316, 36.451187133789]}, "seconds": 113.25, "object": "wall", "type": "relation", "subject": "the light"}, {"caption": "the light on wall", "predicate": "on", "target": {"coordinates": [-8.1027755737305, 3.4225769042969, 238.05905151367, 404.30133056641]}, "name": 2718, "source": {"coordinates": [203.21849060059, 69.25537109375, 121.24391174316, 36.451187133789]}, "seconds": 113.25, "object": "wall", "type": "relation", "subject": "the light"}, {"caption": "the light on wall", "predicate": "on", "target": {"coordinates": [458.48434448242, -0.49116516113281, 269.34524536133, 407.21185302734]}, "name": 2718, "source": {"coordinates": [203.21849060059, 69.25537109375, 121.24391174316, 36.451187133789]}, "seconds": 113.25, "object": "wall", "type": "relation", "subject": "the light"}, {"caption": "the handle on top of head", "predicate": "on", "target": {"coordinates": [353.01843261719, 53.151969909668, 149.251953125, 161.2673034668]}, "name": 2718, "source": {"coordinates": [203.21849060059, 69.25537109375, 121.24391174316, 36.451187133789]}, "seconds": 113.25, "object": "top of head", "type": "relation", "subject": "the handle"}, {"caption": "the light on white toilet", "predicate": "on", "target": {"coordinates": [142.94367980957, 329.30319213867, 116.90013122559, 76.553100585938]}, "name": 2718, "source": {"coordinates": [203.21849060059, 69.25537109375, 121.24391174316, 36.451187133789]}, "seconds": 113.25, "object": "white toilet", "type": "relation", "subject": "the light"}, {"caption": "the glass on table", "predicate": "on", "target": {"coordinates": [519.24041748047, 323.16766357422, 210.626953125, 78.646728515625]}, "name": 2718, "source": {"coordinates": [203.21849060059, 69.25537109375, 121.24391174316, 36.451187133789]}, "seconds": 113.25, "object": "table", "type": "relation", "subject": "the glass"}, {"caption": "the handle on wall", "predicate": "on", "target": {"coordinates": [-0.22426223754883, 37.470989227295, 49.646228790283, 69.433364868164]}, "name": 2718, "source": {"coordinates": [203.21849060059, 69.25537109375, 121.24391174316, 36.451187133789]}, "seconds": 113.25, "object": "wall", "type": "relation", "subject": "the handle"}, {"caption": "the table in room", "predicate": "in", "target": {"coordinates": [3.437047958374, 3.3005237579346, 35.071228027344, 40.701126098633]}, "name": 2718, "source": {"coordinates": [203.21849060059, 69.25537109375, 121.24391174316, 36.451187133789]}, "seconds": 113.25, "object": "room", "type": "relation", "subject": "the table"}, {"caption": "the table in room", "predicate": "in", "target": {"coordinates": [225.97639465332, 14.807006835938, 366.06164550781, 397.36450195312]}, "name": 2718, "source": {"coordinates": [519.24041748047, 323.16766357422, 210.626953125, 78.646728515625]}, "seconds": 113.25, "object": "room", "type": "relation", "subject": "the table"}, {"caption": "the table in room", "predicate": "in", "target": {"coordinates": [-8.1027755737305, 3.4225769042969, 238.05905151367, 404.30133056641]}, "name": 2718, "source": {"coordinates": [519.24041748047, 323.16766357422, 210.626953125, 78.646728515625]}, "seconds": 113.25, "object": "room", "type": "relation", "subject": "the table"}, {"caption": "the table in room", "predicate": "in", "target": {"coordinates": [458.48434448242, -0.49116516113281, 269.34524536133, 407.21185302734]}, "name": 2718, "source": {"coordinates": [519.24041748047, 323.16766357422, 210.626953125, 78.646728515625]}, "seconds": 113.25, "object": "room", "type": "relation", "subject": "the table"}, {"caption": "the woman has head", "predicate": "has", "target": {"coordinates": [353.01843261719, 53.151969909668, 149.251953125, 161.2673034668]}, "name": 2718, "source": {"coordinates": [519.24041748047, 323.16766357422, 210.626953125, 78.646728515625]}, "seconds": 113.25, "object": "head", "type": "relation", "subject": "the woman"}, {"caption": "the table has a white handle", "predicate": "has", "target": {"coordinates": [142.94367980957, 329.30319213867, 116.90013122559, 76.553100585938]}, "name": 2718, "source": {"coordinates": [519.24041748047, 323.16766357422, 210.626953125, 78.646728515625]}, "seconds": 113.25, "object": "a white handle", "type": "relation", "subject": "the table"}, {"caption": "the table has a white handle", "predicate": "has", "target": {"coordinates": [203.21849060059, 69.25537109375, 121.24391174316, 36.451187133789]}, "name": 2718, "source": {"coordinates": [519.24041748047, 323.16766357422, 210.626953125, 78.646728515625]}, "seconds": 113.25, "object": "a white handle", "type": "relation", "subject": "the table"}, {"caption": "the hand on top of head", "predicate": "on", "target": {"coordinates": [-0.22426223754883, 37.470989227295, 49.646228790283, 69.433364868164]}, "name": 2718, "source": {"coordinates": [519.24041748047, 323.16766357422, 210.626953125, 78.646728515625]}, "seconds": 113.25, "object": "top of head", "type": "relation", "subject": "the hand"}, {"caption": "the hand on wall", "predicate": "on", "target": {"coordinates": [3.437047958374, 3.3005237579346, 35.071228027344, 40.701126098633]}, "name": 2718, "source": {"coordinates": [519.24041748047, 323.16766357422, 210.626953125, 78.646728515625]}, "seconds": 113.25, "object": "wall", "type": "relation", "subject": "the hand"}, {"caption": "the hand on wall", "predicate": "on", "target": {"coordinates": [225.97639465332, 14.807006835938, 366.06164550781, 397.36450195312]}, "name": 2718, "source": {"coordinates": [-0.22426223754883, 37.470989227295, 49.646228790283, 69.433364868164]}, "seconds": 113.25, "object": "wall", "type": "relation", "subject": "the hand"}, {"caption": "the hand on wall", "predicate": "on", "target": {"coordinates": [-8.1027755737305, 3.4225769042969, 238.05905151367, 404.30133056641]}, "name": 2718, "source": {"coordinates": [-0.22426223754883, 37.470989227295, 49.646228790283, 69.433364868164]}, "seconds": 113.25, "object": "wall", "type": "relation", "subject": "the hand"}, {"caption": "the light on wall", "predicate": "on", "target": {"coordinates": [458.48434448242, -0.49116516113281, 269.34524536133, 407.21185302734]}, "name": 2718, "source": {"coordinates": [-0.22426223754883, 37.470989227295, 49.646228790283, 69.433364868164]}, "seconds": 113.25, "object": "wall", "type": "relation", "subject": "the light"}, {"caption": "the hand on head", "predicate": "on", "target": {"coordinates": [353.01843261719, 53.151969909668, 149.251953125, 161.2673034668]}, "name": 2718, "source": {"coordinates": [-0.22426223754883, 37.470989227295, 49.646228790283, 69.433364868164]}, "seconds": 113.25, "object": "head", "type": "relation", "subject": "the hand"}, {"caption": "the hand on white table", "predicate": "on", "target": {"coordinates": [142.94367980957, 329.30319213867, 116.90013122559, 76.553100585938]}, "name": 2718, "source": {"coordinates": [-0.22426223754883, 37.470989227295, 49.646228790283, 69.433364868164]}, "seconds": 113.25, "object": "white table", "type": "relation", "subject": "the hand"}, {"caption": "the hand on white table", "predicate": "on", "target": {"coordinates": [203.21849060059, 69.25537109375, 121.24391174316, 36.451187133789]}, "name": 2718, "source": {"coordinates": [-0.22426223754883, 37.470989227295, 49.646228790283, 69.433364868164]}, "seconds": 113.25, "object": "white table", "type": "relation", "subject": "the hand"}, {"caption": "the hand on table", "predicate": "on", "target": {"coordinates": [519.24041748047, 323.16766357422, 210.626953125, 78.646728515625]}, "name": 2718, "source": {"coordinates": [-0.22426223754883, 37.470989227295, 49.646228790283, 69.433364868164]}, "seconds": 113.25, "object": "table", "type": "relation", "subject": "the hand"}, {"caption": "the hand on wall", "predicate": "on", "target": {"coordinates": [3.437047958374, 3.3005237579346, 35.071228027344, 40.701126098633]}, "name": 2718, "source": {"coordinates": [-0.22426223754883, 37.470989227295, 49.646228790283, 69.433364868164]}, "seconds": 113.25, "object": "wall", "type": "relation", "subject": "the hand"}, {"caption": "the hand on wall", "predicate": "on", "target": {"coordinates": [225.97639465332, 14.807006835938, 366.06164550781, 397.36450195312]}, "name": 2718, "source": {"coordinates": [3.437047958374, 3.3005237579346, 35.071228027344, 40.701126098633]}, "seconds": 113.25, "object": "wall", "type": "relation", "subject": "the hand"}, {"caption": "the hand on wall", "predicate": "on", "target": {"coordinates": [-8.1027755737305, 3.4225769042969, 238.05905151367, 404.30133056641]}, "name": 2718, "source": {"coordinates": [3.437047958374, 3.3005237579346, 35.071228027344, 40.701126098633]}, "seconds": 113.25, "object": "wall", "type": "relation", "subject": "the hand"}, {"caption": "the window on wall", "predicate": "on", "target": {"coordinates": [458.48434448242, -0.49116516113281, 269.34524536133, 407.21185302734]}, "name": 2718, "source": {"coordinates": [3.437047958374, 3.3005237579346, 35.071228027344, 40.701126098633]}, "seconds": 113.25, "object": "wall", "type": "relation", "subject": "the window"}, {"caption": "the hand on a table", "predicate": "on", "target": {"coordinates": [353.01843261719, 53.151969909668, 149.251953125, 161.2673034668]}, "name": 2718, "source": {"coordinates": [3.437047958374, 3.3005237579346, 35.071228027344, 40.701126098633]}, "seconds": 113.25, "object": "a table", "type": "relation", "subject": "the hand"}, {"caption": "the man on white table", "predicate": "on", "target": {"coordinates": [142.94367980957, 329.30319213867, 116.90013122559, 76.553100585938]}, "name": 2718, "source": {"coordinates": [3.437047958374, 3.3005237579346, 35.071228027344, 40.701126098633]}, "seconds": 113.25, "object": "white table", "type": "relation", "subject": "the man"}, {"caption": "the hand on table", "predicate": "on", "target": {"coordinates": [203.21849060059, 69.25537109375, 121.24391174316, 36.451187133789]}, "name": 2718, "source": {"coordinates": [3.437047958374, 3.3005237579346, 35.071228027344, 40.701126098633]}, "seconds": 113.25, "object": "table", "type": "relation", "subject": "the hand"}, {"caption": "the man holding black phone", "predicate": "holding", "target": {"coordinates": [519.24041748047, 323.16766357422, 210.626953125, 78.646728515625]}, "name": 2718, "source": {"coordinates": [3.437047958374, 3.3005237579346, 35.071228027344, 40.701126098633]}, "seconds": 113.25, "object": "black phone", "type": "relation", "subject": "the man"}, {"caption": "the hand on a man", "predicate": "on", "target": {"coordinates": [-0.22426223754883, 37.470989227295, 49.646228790283, 69.433364868164]}, "name": 2718, "source": {"coordinates": [3.437047958374, 3.3005237579346, 35.071228027344, 40.701126098633]}, "seconds": 113.25, "object": "a man", "type": "relation", "subject": "the hand"}]