[{"caption": "the man in room", "predicate": "in", "target": {"coordinates": [184.70690917969, 148.30737304688, 79.4775390625, 251.45257568359]}, "name": 2769, "source": {"coordinates": [165.47286987305, 11.075347900391, 387.57925415039, 391.50729370117]}, "seconds": 115.375, "object": "room", "type": "relation", "subject": "the man"}, {"caption": "the man wearing white shirt", "predicate": "wearing", "target": {"coordinates": [409.6721496582, 109.40600585938, 330.56918334961, 285.06262207031]}, "name": 2769, "source": {"coordinates": [165.47286987305, 11.075347900391, 387.57925415039, 391.50729370117]}, "seconds": 115.375, "object": "white shirt", "type": "relation", "subject": "the man"}, {"caption": "the man in room", "predicate": "in", "target": {"coordinates": [156.22457885742, 69.11344909668, 128.72576904297, 150.90496826172]}, "name": 2769, "source": {"coordinates": [165.47286987305, 11.075347900391, 387.57925415039, 391.50729370117]}, "seconds": 115.375, "object": "room", "type": "relation", "subject": "the man"}, {"caption": "the man in room", "predicate": "in", "target": {"coordinates": [309.06478881836, 4.9686508178711, 418.82119750977, 233.86178588867]}, "name": 2769, "source": {"coordinates": [165.47286987305, 11.075347900391, 387.57925415039, 391.50729370117]}, "seconds": 115.375, "object": "room", "type": "relation", "subject": "the man"}, {"caption": "the man wearing white shirt", "predicate": "wearing", "target": {"coordinates": [-5.2508544921875, 23.176116943359, 223.27549743652, 358.66717529297]}, "name": 2769, "source": {"coordinates": [165.47286987305, 11.075347900391, 387.57925415039, 391.50729370117]}, "seconds": 115.375, "object": "white shirt", "type": "relation", "subject": "the man"}, {"caption": "the man wearing white shirt", "predicate": "wearing", "target": {"coordinates": [312.45358276367, 122.35543823242, 89.091979980469, 194.2346496582]}, "name": 2769, "source": {"coordinates": [165.47286987305, 11.075347900391, 387.57925415039, 391.50729370117]}, "seconds": 115.375, "object": "white shirt", "type": "relation", "subject": "the man"}, {"caption": "the man has a white wall", "predicate": "has", "target": {"coordinates": [102.95462799072, 34.577560424805, 246.68029785156, 269.85772705078]}, "name": 2769, "source": {"coordinates": [165.47286987305, 11.075347900391, 387.57925415039, 391.50729370117]}, "seconds": 115.375, "object": "a white wall", "type": "relation", "subject": "the man"}, {"caption": "the man in room", "predicate": "in", "target": {"coordinates": [671.60125732422, 8.8021774291992, 36.957641601562, 34.062808990479]}, "name": 2769, "source": {"coordinates": [165.47286987305, 11.075347900391, 387.57925415039, 391.50729370117]}, "seconds": 115.375, "object": "room", "type": "relation", "subject": "the man"}, {"caption": "the man in room", "predicate": "in", "target": {"coordinates": [165.47286987305, 11.075347900391, 387.57925415039, 391.50729370117]}, "name": 2769, "source": {"coordinates": [184.70690917969, 148.30737304688, 79.4775390625, 251.45257568359]}, "seconds": 115.375, "object": "room", "type": "relation", "subject": "the man"}, {"caption": "the man on table", "predicate": "on", "target": {"coordinates": [409.6721496582, 109.40600585938, 330.56918334961, 285.06262207031]}, "name": 2769, "source": {"coordinates": [184.70690917969, 148.30737304688, 79.4775390625, 251.45257568359]}, "seconds": 115.375, "object": "table", "type": "relation", "subject": "the man"}, {"caption": "the man on table", "predicate": "on", "target": {"coordinates": [156.22457885742, 69.11344909668, 128.72576904297, 150.90496826172]}, "name": 2769, "source": {"coordinates": [184.70690917969, 148.30737304688, 79.4775390625, 251.45257568359]}, "seconds": 115.375, "object": "table", "type": "relation", "subject": "the man"}, {"caption": "the man on table", "predicate": "on", "target": {"coordinates": [309.06478881836, 4.9686508178711, 418.82119750977, 233.86178588867]}, "name": 2769, "source": {"coordinates": [184.70690917969, 148.30737304688, 79.4775390625, 251.45257568359]}, "seconds": 115.375, "object": "table", "type": "relation", "subject": "the man"}, {"caption": "the man in room", "predicate": "in", "target": {"coordinates": [-5.2508544921875, 23.176116943359, 223.27549743652, 358.66717529297]}, "name": 2769, "source": {"coordinates": [184.70690917969, 148.30737304688, 79.4775390625, 251.45257568359]}, "seconds": 115.375, "object": "room", "type": "relation", "subject": "the man"}, {"caption": "the man in room", "predicate": "in", "target": {"coordinates": [312.45358276367, 122.35543823242, 89.091979980469, 194.2346496582]}, "name": 2769, "source": {"coordinates": [184.70690917969, 148.30737304688, 79.4775390625, 251.45257568359]}, "seconds": 115.375, "object": "room", "type": "relation", "subject": "the man"}, {"caption": "the woman wearing white shirt", "predicate": "wearing", "target": {"coordinates": [102.95462799072, 34.577560424805, 246.68029785156, 269.85772705078]}, "name": 2769, "source": {"coordinates": [184.70690917969, 148.30737304688, 79.4775390625, 251.45257568359]}, "seconds": 115.375, "object": "white shirt", "type": "relation", "subject": "the woman"}, {"caption": "the man in room", "predicate": "in", "target": {"coordinates": [671.60125732422, 8.8021774291992, 36.957641601562, 34.062808990479]}, "name": 2769, "source": {"coordinates": [184.70690917969, 148.30737304688, 79.4775390625, 251.45257568359]}, "seconds": 115.375, "object": "room", "type": "relation", "subject": "the man"}, {"caption": "the man in room", "predicate": "in", "target": {"coordinates": [165.47286987305, 11.075347900391, 387.57925415039, 391.50729370117]}, "name": 2769, "source": {"coordinates": [409.6721496582, 109.40600585938, 330.56918334961, 285.06262207031]}, "seconds": 115.375, "object": "room", "type": "relation", "subject": "the man"}, {"caption": "the man wearing black shirt", "predicate": "wearing", "target": {"coordinates": [184.70690917969, 148.30737304688, 79.4775390625, 251.45257568359]}, "name": 2769, "source": {"coordinates": [409.6721496582, 109.40600585938, 330.56918334961, 285.06262207031]}, "seconds": 115.375, "object": "black shirt", "type": "relation", "subject": "the man"}, {"caption": "the table in room", "predicate": "in", "target": {"coordinates": [156.22457885742, 69.11344909668, 128.72576904297, 150.90496826172]}, "name": 2769, "source": {"coordinates": [409.6721496582, 109.40600585938, 330.56918334961, 285.06262207031]}, "seconds": 115.375, "object": "room", "type": "relation", "subject": "the table"}, {"caption": "the table in room", "predicate": "in", "target": {"coordinates": [309.06478881836, 4.9686508178711, 418.82119750977, 233.86178588867]}, "name": 2769, "source": {"coordinates": [409.6721496582, 109.40600585938, 330.56918334961, 285.06262207031]}, "seconds": 115.375, "object": "room", "type": "relation", "subject": "the table"}, {"caption": "the man in room", "predicate": "in", "target": {"coordinates": [-5.2508544921875, 23.176116943359, 223.27549743652, 358.66717529297]}, "name": 2769, "source": {"coordinates": [409.6721496582, 109.40600585938, 330.56918334961, 285.06262207031]}, "seconds": 115.375, "object": "room", "type": "relation", "subject": "the man"}, {"caption": "the man in room", "predicate": "in", "target": {"coordinates": [312.45358276367, 122.35543823242, 89.091979980469, 194.2346496582]}, "name": 2769, "source": {"coordinates": [409.6721496582, 109.40600585938, 330.56918334961, 285.06262207031]}, "seconds": 115.375, "object": "room", "type": "relation", "subject": "the man"}, {"caption": "the woman wearing white shirt", "predicate": "wearing", "target": {"coordinates": [102.95462799072, 34.577560424805, 246.68029785156, 269.85772705078]}, "name": 2769, "source": {"coordinates": [409.6721496582, 109.40600585938, 330.56918334961, 285.06262207031]}, "seconds": 115.375, "object": "white shirt", "type": "relation", "subject": "the woman"}, {"caption": "the man in room", "predicate": "in", "target": {"coordinates": [671.60125732422, 8.8021774291992, 36.957641601562, 34.062808990479]}, "name": 2769, "source": {"coordinates": [409.6721496582, 109.40600585938, 330.56918334961, 285.06262207031]}, "seconds": 115.375, "object": "room", "type": "relation", "subject": "the man"}, {"caption": "the man in room", "predicate": "in", "target": {"coordinates": [165.47286987305, 11.075347900391, 387.57925415039, 391.50729370117]}, "name": 2769, "source": {"coordinates": [156.22457885742, 69.11344909668, 128.72576904297, 150.90496826172]}, "seconds": 115.375, "object": "room", "type": "relation", "subject": "the man"}, {"caption": "the woman wearing white shirt", "predicate": "wearing", "target": {"coordinates": [184.70690917969, 148.30737304688, 79.4775390625, 251.45257568359]}, "name": 2769, "source": {"coordinates": [156.22457885742, 69.11344909668, 128.72576904297, 150.90496826172]}, "seconds": 115.375, "object": "white shirt", "type": "relation", "subject": "the woman"}, {"caption": "the man on table", "predicate": "on", "target": {"coordinates": [409.6721496582, 109.40600585938, 330.56918334961, 285.06262207031]}, "name": 2769, "source": {"coordinates": [156.22457885742, 69.11344909668, 128.72576904297, 150.90496826172]}, "seconds": 115.375, "object": "table", "type": "relation", "subject": "the man"}, {"caption": "the man on table", "predicate": "on", "target": {"coordinates": [309.06478881836, 4.9686508178711, 418.82119750977, 233.86178588867]}, "name": 2769, "source": {"coordinates": [156.22457885742, 69.11344909668, 128.72576904297, 150.90496826172]}, "seconds": 115.375, "object": "table", "type": "relation", "subject": "the man"}, {"caption": "the man on table", "predicate": "on", "target": {"coordinates": [-5.2508544921875, 23.176116943359, 223.27549743652, 358.66717529297]}, "name": 2769, "source": {"coordinates": [156.22457885742, 69.11344909668, 128.72576904297, 150.90496826172]}, "seconds": 115.375, "object": "table", "type": "relation", "subject": "the man"}, {"caption": "the man on wall", "predicate": "on", "target": {"coordinates": [312.45358276367, 122.35543823242, 89.091979980469, 194.2346496582]}, "name": 2769, "source": {"coordinates": [156.22457885742, 69.11344909668, 128.72576904297, 150.90496826172]}, "seconds": 115.375, "object": "wall", "type": "relation", "subject": "the man"}, {"caption": "the woman wearing white shirt", "predicate": "wearing", "target": {"coordinates": [102.95462799072, 34.577560424805, 246.68029785156, 269.85772705078]}, "name": 2769, "source": {"coordinates": [156.22457885742, 69.11344909668, 128.72576904297, 150.90496826172]}, "seconds": 115.375, "object": "white shirt", "type": "relation", "subject": "the woman"}, {"caption": "the man in room", "predicate": "in", "target": {"coordinates": [671.60125732422, 8.8021774291992, 36.957641601562, 34.062808990479]}, "name": 2769, "source": {"coordinates": [156.22457885742, 69.11344909668, 128.72576904297, 150.90496826172]}, "seconds": 115.375, "object": "room", "type": "relation", "subject": "the man"}, {"caption": "the man in room", "predicate": "in", "target": {"coordinates": [165.47286987305, 11.075347900391, 387.57925415039, 391.50729370117]}, "name": 2769, "source": {"coordinates": [309.06478881836, 4.9686508178711, 418.82119750977, 233.86178588867]}, "seconds": 115.375, "object": "room", "type": "relation", "subject": "the man"}, {"caption": "the man wearing white shirt", "predicate": "wearing", "target": {"coordinates": [184.70690917969, 148.30737304688, 79.4775390625, 251.45257568359]}, "name": 2769, "source": {"coordinates": [309.06478881836, 4.9686508178711, 418.82119750977, 233.86178588867]}, "seconds": 115.375, "object": "white shirt", "type": "relation", "subject": "the man"}, {"caption": "the man on table", "predicate": "on", "target": {"coordinates": [409.6721496582, 109.40600585938, 330.56918334961, 285.06262207031]}, "name": 2769, "source": {"coordinates": [309.06478881836, 4.9686508178711, 418.82119750977, 233.86178588867]}, "seconds": 115.375, "object": "table", "type": "relation", "subject": "the man"}, {"caption": "the man wearing black shirt", "predicate": "wearing", "target": {"coordinates": [156.22457885742, 69.11344909668, 128.72576904297, 150.90496826172]}, "name": 2769, "source": {"coordinates": [309.06478881836, 4.9686508178711, 418.82119750977, 233.86178588867]}, "seconds": 115.375, "object": "black shirt", "type": "relation", "subject": "the man"}, {"caption": "the man wearing white shirt", "predicate": "wearing", "target": {"coordinates": [-5.2508544921875, 23.176116943359, 223.27549743652, 358.66717529297]}, "name": 2769, "source": {"coordinates": [309.06478881836, 4.9686508178711, 418.82119750977, 233.86178588867]}, "seconds": 115.375, "object": "white shirt", "type": "relation", "subject": "the man"}, {"caption": "the man in room", "predicate": "in", "target": {"coordinates": [312.45358276367, 122.35543823242, 89.091979980469, 194.2346496582]}, "name": 2769, "source": {"coordinates": [309.06478881836, 4.9686508178711, 418.82119750977, 233.86178588867]}, "seconds": 115.375, "object": "room", "type": "relation", "subject": "the man"}, {"caption": "the man in front of wall", "predicate": "in", "target": {"coordinates": [102.95462799072, 34.577560424805, 246.68029785156, 269.85772705078]}, "name": 2769, "source": {"coordinates": [309.06478881836, 4.9686508178711, 418.82119750977, 233.86178588867]}, "seconds": 115.375, "object": "front of wall", "type": "relation", "subject": "the man"}, {"caption": "the window on wall", "predicate": "on", "target": {"coordinates": [671.60125732422, 8.8021774291992, 36.957641601562, 34.062808990479]}, "name": 2769, "source": {"coordinates": [309.06478881836, 4.9686508178711, 418.82119750977, 233.86178588867]}, "seconds": 115.375, "object": "wall", "type": "relation", "subject": "the window"}, {"caption": "the window on wall", "predicate": "on", "target": {"coordinates": [165.47286987305, 11.075347900391, 387.57925415039, 391.50729370117]}, "name": 2769, "source": {"coordinates": [-5.2508544921875, 23.176116943359, 223.27549743652, 358.66717529297]}, "seconds": 115.375, "object": "wall", "type": "relation", "subject": "the window"}, {"caption": "the window on wall", "predicate": "on", "target": {"coordinates": [184.70690917969, 148.30737304688, 79.4775390625, 251.45257568359]}, "name": 2769, "source": {"coordinates": [-5.2508544921875, 23.176116943359, 223.27549743652, 358.66717529297]}, "seconds": 115.375, "object": "wall", "type": "relation", "subject": "the window"}, {"caption": "the table in room", "predicate": "in", "target": {"coordinates": [409.6721496582, 109.40600585938, 330.56918334961, 285.06262207031]}, "name": 2769, "source": {"coordinates": [-5.2508544921875, 23.176116943359, 223.27549743652, 358.66717529297]}, "seconds": 115.375, "object": "room", "type": "relation", "subject": "the table"}, {"caption": "the window on wall", "predicate": "on", "target": {"coordinates": [156.22457885742, 69.11344909668, 128.72576904297, 150.90496826172]}, "name": 2769, "source": {"coordinates": [-5.2508544921875, 23.176116943359, 223.27549743652, 358.66717529297]}, "seconds": 115.375, "object": "wall", "type": "relation", "subject": "the window"}, {"caption": "the window on wall", "predicate": "on", "target": {"coordinates": [309.06478881836, 4.9686508178711, 418.82119750977, 233.86178588867]}, "name": 2769, "source": {"coordinates": [-5.2508544921875, 23.176116943359, 223.27549743652, 358.66717529297]}, "seconds": 115.375, "object": "wall", "type": "relation", "subject": "the window"}, {"caption": "the window on wall", "predicate": "on", "target": {"coordinates": [312.45358276367, 122.35543823242, 89.091979980469, 194.2346496582]}, "name": 2769, "source": {"coordinates": [-5.2508544921875, 23.176116943359, 223.27549743652, 358.66717529297]}, "seconds": 115.375, "object": "wall", "type": "relation", "subject": "the window"}, {"caption": "the window has a window", "predicate": "has", "target": {"coordinates": [102.95462799072, 34.577560424805, 246.68029785156, 269.85772705078]}, "name": 2769, "source": {"coordinates": [-5.2508544921875, 23.176116943359, 223.27549743652, 358.66717529297]}, "seconds": 115.375, "object": "a window", "type": "relation", "subject": "the window"}, {"caption": "the woman in room", "predicate": "in", "target": {"coordinates": [671.60125732422, 8.8021774291992, 36.957641601562, 34.062808990479]}, "name": 2769, "source": {"coordinates": [-5.2508544921875, 23.176116943359, 223.27549743652, 358.66717529297]}, "seconds": 115.375, "object": "room", "type": "relation", "subject": "the woman"}, {"caption": "the woman in room", "predicate": "in", "target": {"coordinates": [165.47286987305, 11.075347900391, 387.57925415039, 391.50729370117]}, "name": 2769, "source": {"coordinates": [312.45358276367, 122.35543823242, 89.091979980469, 194.2346496582]}, "seconds": 115.375, "object": "room", "type": "relation", "subject": "the woman"}, {"caption": "the woman wearing white shirt", "predicate": "wearing", "target": {"coordinates": [184.70690917969, 148.30737304688, 79.4775390625, 251.45257568359]}, "name": 2769, "source": {"coordinates": [312.45358276367, 122.35543823242, 89.091979980469, 194.2346496582]}, "seconds": 115.375, "object": "white shirt", "type": "relation", "subject": "the woman"}, {"caption": "the man on table", "predicate": "on", "target": {"coordinates": [409.6721496582, 109.40600585938, 330.56918334961, 285.06262207031]}, "name": 2769, "source": {"coordinates": [312.45358276367, 122.35543823242, 89.091979980469, 194.2346496582]}, "seconds": 115.375, "object": "table", "type": "relation", "subject": "the man"}, {"caption": "the woman wearing white shirt", "predicate": "wearing", "target": {"coordinates": [156.22457885742, 69.11344909668, 128.72576904297, 150.90496826172]}, "name": 2769, "source": {"coordinates": [312.45358276367, 122.35543823242, 89.091979980469, 194.2346496582]}, "seconds": 115.375, "object": "white shirt", "type": "relation", "subject": "the woman"}, {"caption": "the woman in room", "predicate": "in", "target": {"coordinates": [309.06478881836, 4.9686508178711, 418.82119750977, 233.86178588867]}, "name": 2769, "source": {"coordinates": [312.45358276367, 122.35543823242, 89.091979980469, 194.2346496582]}, "seconds": 115.375, "object": "room", "type": "relation", "subject": "the woman"}, {"caption": "the woman in room", "predicate": "in", "target": {"coordinates": [-5.2508544921875, 23.176116943359, 223.27549743652, 358.66717529297]}, "name": 2769, "source": {"coordinates": [312.45358276367, 122.35543823242, 89.091979980469, 194.2346496582]}, "seconds": 115.375, "object": "room", "type": "relation", "subject": "the woman"}, {"caption": "the woman in front of window", "predicate": "in", "target": {"coordinates": [102.95462799072, 34.577560424805, 246.68029785156, 269.85772705078]}, "name": 2769, "source": {"coordinates": [312.45358276367, 122.35543823242, 89.091979980469, 194.2346496582]}, "seconds": 115.375, "object": "front of window", "type": "relation", "subject": "the woman"}, {"caption": "the man in room", "predicate": "in", "target": {"coordinates": [671.60125732422, 8.8021774291992, 36.957641601562, 34.062808990479]}, "name": 2769, "source": {"coordinates": [312.45358276367, 122.35543823242, 89.091979980469, 194.2346496582]}, "seconds": 115.375, "object": "room", "type": "relation", "subject": "the man"}, {"caption": "the man in room", "predicate": "in", "target": {"coordinates": [165.47286987305, 11.075347900391, 387.57925415039, 391.50729370117]}, "name": 2769, "source": {"coordinates": [102.95462799072, 34.577560424805, 246.68029785156, 269.85772705078]}, "seconds": 115.375, "object": "room", "type": "relation", "subject": "the man"}, {"caption": "the man wearing white shirt", "predicate": "wearing", "target": {"coordinates": [184.70690917969, 148.30737304688, 79.4775390625, 251.45257568359]}, "name": 2769, "source": {"coordinates": [102.95462799072, 34.577560424805, 246.68029785156, 269.85772705078]}, "seconds": 115.375, "object": "white shirt", "type": "relation", "subject": "the man"}, {"caption": "the table in room", "predicate": "in", "target": {"coordinates": [409.6721496582, 109.40600585938, 330.56918334961, 285.06262207031]}, "name": 2769, "source": {"coordinates": [102.95462799072, 34.577560424805, 246.68029785156, 269.85772705078]}, "seconds": 115.375, "object": "room", "type": "relation", "subject": "the table"}, {"caption": "the man wearing black shirt", "predicate": "wearing", "target": {"coordinates": [156.22457885742, 69.11344909668, 128.72576904297, 150.90496826172]}, "name": 2769, "source": {"coordinates": [102.95462799072, 34.577560424805, 246.68029785156, 269.85772705078]}, "seconds": 115.375, "object": "black shirt", "type": "relation", "subject": "the man"}, {"caption": "the man in room", "predicate": "in", "target": {"coordinates": [309.06478881836, 4.9686508178711, 418.82119750977, 233.86178588867]}, "name": 2769, "source": {"coordinates": [102.95462799072, 34.577560424805, 246.68029785156, 269.85772705078]}, "seconds": 115.375, "object": "room", "type": "relation", "subject": "the man"}, {"caption": "the man in room", "predicate": "in", "target": {"coordinates": [-5.2508544921875, 23.176116943359, 223.27549743652, 358.66717529297]}, "name": 2769, "source": {"coordinates": [102.95462799072, 34.577560424805, 246.68029785156, 269.85772705078]}, "seconds": 115.375, "object": "room", "type": "relation", "subject": "the man"}, {"caption": "the woman wearing white shirt", "predicate": "wearing", "target": {"coordinates": [312.45358276367, 122.35543823242, 89.091979980469, 194.2346496582]}, "name": 2769, "source": {"coordinates": [102.95462799072, 34.577560424805, 246.68029785156, 269.85772705078]}, "seconds": 115.375, "object": "white shirt", "type": "relation", "subject": "the woman"}, {"caption": "the window on wall", "predicate": "on", "target": {"coordinates": [671.60125732422, 8.8021774291992, 36.957641601562, 34.062808990479]}, "name": 2769, "source": {"coordinates": [102.95462799072, 34.577560424805, 246.68029785156, 269.85772705078]}, "seconds": 115.375, "object": "wall", "type": "relation", "subject": "the window"}, {"caption": "the window on wall", "predicate": "on", "target": {"coordinates": [165.47286987305, 11.075347900391, 387.57925415039, 391.50729370117]}, "name": 2769, "source": {"coordinates": [671.60125732422, 8.8021774291992, 36.957641601562, 34.062808990479]}, "seconds": 115.375, "object": "wall", "type": "relation", "subject": "the window"}, {"caption": "the window on wall", "predicate": "on", "target": {"coordinates": [184.70690917969, 148.30737304688, 79.4775390625, 251.45257568359]}, "name": 2769, "source": {"coordinates": [671.60125732422, 8.8021774291992, 36.957641601562, 34.062808990479]}, "seconds": 115.375, "object": "wall", "type": "relation", "subject": "the window"}, {"caption": "the man on table", "predicate": "on", "target": {"coordinates": [409.6721496582, 109.40600585938, 330.56918334961, 285.06262207031]}, "name": 2769, "source": {"coordinates": [671.60125732422, 8.8021774291992, 36.957641601562, 34.062808990479]}, "seconds": 115.375, "object": "table", "type": "relation", "subject": "the man"}, {"caption": "the window on wall", "predicate": "on", "target": {"coordinates": [156.22457885742, 69.11344909668, 128.72576904297, 150.90496826172]}, "name": 2769, "source": {"coordinates": [671.60125732422, 8.8021774291992, 36.957641601562, 34.062808990479]}, "seconds": 115.375, "object": "wall", "type": "relation", "subject": "the window"}, {"caption": "the window on wall", "predicate": "on", "target": {"coordinates": [309.06478881836, 4.9686508178711, 418.82119750977, 233.86178588867]}, "name": 2769, "source": {"coordinates": [671.60125732422, 8.8021774291992, 36.957641601562, 34.062808990479]}, "seconds": 115.375, "object": "wall", "type": "relation", "subject": "the window"}, {"caption": "the window on wall", "predicate": "on", "target": {"coordinates": [-5.2508544921875, 23.176116943359, 223.27549743652, 358.66717529297]}, "name": 2769, "source": {"coordinates": [671.60125732422, 8.8021774291992, 36.957641601562, 34.062808990479]}, "seconds": 115.375, "object": "wall", "type": "relation", "subject": "the window"}, {"caption": "the window on wall", "predicate": "on", "target": {"coordinates": [312.45358276367, 122.35543823242, 89.091979980469, 194.2346496582]}, "name": 2769, "source": {"coordinates": [671.60125732422, 8.8021774291992, 36.957641601562, 34.062808990479]}, "seconds": 115.375, "object": "wall", "type": "relation", "subject": "the window"}, {"caption": "the window on wall", "predicate": "on", "target": {"coordinates": [102.95462799072, 34.577560424805, 246.68029785156, 269.85772705078]}, "name": 2769, "source": {"coordinates": [671.60125732422, 8.8021774291992, 36.957641601562, 34.062808990479]}, "seconds": 115.375, "object": "wall", "type": "relation", "subject": "the window"}]