[{"caption": "the man in room", "predicate": "in", "target": {"coordinates": [195.40357971191, 204.18418884277, 53.124389648438, 58.397567749023]}, "name": 3015, "source": {"coordinates": [278.06481933594, 82.029983520508, 182.6572265625, 319.9736328125]}, "seconds": 125.625, "object": "room", "type": "relation", "subject": "the man"}, {"caption": "the man in room", "predicate": "in", "target": {"coordinates": [50.772186279297, 23.667816162109, 662.01049804688, 386.61431884766]}, "name": 3015, "source": {"coordinates": [278.06481933594, 82.029983520508, 182.6572265625, 319.9736328125]}, "seconds": 125.625, "object": "room", "type": "relation", "subject": "the man"}, {"caption": "the woman in room", "predicate": "in", "target": {"coordinates": [505.76745605469, -2.1394805908203, 221.96801757812, 408.71221923828]}, "name": 3015, "source": {"coordinates": [278.06481933594, 82.029983520508, 182.6572265625, 319.9736328125]}, "seconds": 125.625, "object": "room", "type": "relation", "subject": "the woman"}, {"caption": "the man has white shirt", "predicate": "has", "target": {"coordinates": [-20.272094726562, 25.310195922852, 251.1316986084, 358.97540283203]}, "name": 3015, "source": {"coordinates": [278.06481933594, 82.029983520508, 182.6572265625, 319.9736328125]}, "seconds": 125.625, "object": "white shirt", "type": "relation", "subject": "the man"}, {"caption": "the glass on wall", "predicate": "on", "target": {"coordinates": [681.45397949219, 28.168565750122, 38.5263671875, 57.003044128418]}, "name": 3015, "source": {"coordinates": [278.06481933594, 82.029983520508, 182.6572265625, 319.9736328125]}, "seconds": 125.625, "object": "wall", "type": "relation", "subject": "the glass"}, {"caption": "the glass on wall", "predicate": "on", "target": {"coordinates": [278.06481933594, 82.029983520508, 182.6572265625, 319.9736328125]}, "name": 3015, "source": {"coordinates": [195.40357971191, 204.18418884277, 53.124389648438, 58.397567749023]}, "seconds": 125.625, "object": "wall", "type": "relation", "subject": "the glass"}, {"caption": "the glass on wall", "predicate": "on", "target": {"coordinates": [50.772186279297, 23.667816162109, 662.01049804688, 386.61431884766]}, "name": 3015, "source": {"coordinates": [195.40357971191, 204.18418884277, 53.124389648438, 58.397567749023]}, "seconds": 125.625, "object": "wall", "type": "relation", "subject": "the glass"}, {"caption": "the picture on wall", "predicate": "on", "target": {"coordinates": [505.76745605469, -2.1394805908203, 221.96801757812, 408.71221923828]}, "name": 3015, "source": {"coordinates": [195.40357971191, 204.18418884277, 53.124389648438, 58.397567749023]}, "seconds": 125.625, "object": "wall", "type": "relation", "subject": "the picture"}, {"caption": "the picture on wall", "predicate": "on", "target": {"coordinates": [-20.272094726562, 25.310195922852, 251.1316986084, 358.97540283203]}, "name": 3015, "source": {"coordinates": [195.40357971191, 204.18418884277, 53.124389648438, 58.397567749023]}, "seconds": 125.625, "object": "wall", "type": "relation", "subject": "the picture"}, {"caption": "the window has a window", "predicate": "has", "target": {"coordinates": [681.45397949219, 28.168565750122, 38.5263671875, 57.003044128418]}, "name": 3015, "source": {"coordinates": [195.40357971191, 204.18418884277, 53.124389648438, 58.397567749023]}, "seconds": 125.625, "object": "a window", "type": "relation", "subject": "the window"}, {"caption": "the window has a window", "predicate": "has", "target": {"coordinates": [278.06481933594, 82.029983520508, 182.6572265625, 319.9736328125]}, "name": 3015, "source": {"coordinates": [50.772186279297, 23.667816162109, 662.01049804688, 386.61431884766]}, "seconds": 125.625, "object": "a window", "type": "relation", "subject": "the window"}, {"caption": "the window has white wall", "predicate": "has", "target": {"coordinates": [195.40357971191, 204.18418884277, 53.124389648438, 58.397567749023]}, "name": 3015, "source": {"coordinates": [50.772186279297, 23.667816162109, 662.01049804688, 386.61431884766]}, "seconds": 125.625, "object": "white wall", "type": "relation", "subject": "the window"}, {"caption": "the window on wall", "predicate": "on", "target": {"coordinates": [505.76745605469, -2.1394805908203, 221.96801757812, 408.71221923828]}, "name": 3015, "source": {"coordinates": [50.772186279297, 23.667816162109, 662.01049804688, 386.61431884766]}, "seconds": 125.625, "object": "wall", "type": "relation", "subject": "the window"}, {"caption": "the window has white", "predicate": "has", "target": {"coordinates": [-20.272094726562, 25.310195922852, 251.1316986084, 358.97540283203]}, "name": 3015, "source": {"coordinates": [50.772186279297, 23.667816162109, 662.01049804688, 386.61431884766]}, "seconds": 125.625, "object": "white", "type": "relation", "subject": "the window"}, {"caption": "the window on wall", "predicate": "on", "target": {"coordinates": [681.45397949219, 28.168565750122, 38.5263671875, 57.003044128418]}, "name": 3015, "source": {"coordinates": [50.772186279297, 23.667816162109, 662.01049804688, 386.61431884766]}, "seconds": 125.625, "object": "wall", "type": "relation", "subject": "the window"}, {"caption": "the window on wall", "predicate": "on", "target": {"coordinates": [278.06481933594, 82.029983520508, 182.6572265625, 319.9736328125]}, "name": 3015, "source": {"coordinates": [505.76745605469, -2.1394805908203, 221.96801757812, 408.71221923828]}, "seconds": 125.625, "object": "wall", "type": "relation", "subject": "the window"}, {"caption": "the window on wall", "predicate": "on", "target": {"coordinates": [195.40357971191, 204.18418884277, 53.124389648438, 58.397567749023]}, "name": 3015, "source": {"coordinates": [505.76745605469, -2.1394805908203, 221.96801757812, 408.71221923828]}, "seconds": 125.625, "object": "wall", "type": "relation", "subject": "the window"}, {"caption": "the window on wall", "predicate": "on", "target": {"coordinates": [50.772186279297, 23.667816162109, 662.01049804688, 386.61431884766]}, "name": 3015, "source": {"coordinates": [505.76745605469, -2.1394805908203, 221.96801757812, 408.71221923828]}, "seconds": 125.625, "object": "wall", "type": "relation", "subject": "the window"}, {"caption": "the window has white", "predicate": "has", "target": {"coordinates": [-20.272094726562, 25.310195922852, 251.1316986084, 358.97540283203]}, "name": 3015, "source": {"coordinates": [505.76745605469, -2.1394805908203, 221.96801757812, 408.71221923828]}, "seconds": 125.625, "object": "white", "type": "relation", "subject": "the window"}, {"caption": "the window on wall", "predicate": "on", "target": {"coordinates": [681.45397949219, 28.168565750122, 38.5263671875, 57.003044128418]}, "name": 3015, "source": {"coordinates": [505.76745605469, -2.1394805908203, 221.96801757812, 408.71221923828]}, "seconds": 125.625, "object": "wall", "type": "relation", "subject": "the window"}, {"caption": "the window on wall", "predicate": "on", "target": {"coordinates": [278.06481933594, 82.029983520508, 182.6572265625, 319.9736328125]}, "name": 3015, "source": {"coordinates": [-20.272094726562, 25.310195922852, 251.1316986084, 358.97540283203]}, "seconds": 125.625, "object": "wall", "type": "relation", "subject": "the window"}, {"caption": "the window on wall", "predicate": "on", "target": {"coordinates": [195.40357971191, 204.18418884277, 53.124389648438, 58.397567749023]}, "name": 3015, "source": {"coordinates": [-20.272094726562, 25.310195922852, 251.1316986084, 358.97540283203]}, "seconds": 125.625, "object": "wall", "type": "relation", "subject": "the window"}, {"caption": "the window on wall", "predicate": "on", "target": {"coordinates": [50.772186279297, 23.667816162109, 662.01049804688, 386.61431884766]}, "name": 3015, "source": {"coordinates": [-20.272094726562, 25.310195922852, 251.1316986084, 358.97540283203]}, "seconds": 125.625, "object": "wall", "type": "relation", "subject": "the window"}, {"caption": "the window on wall", "predicate": "on", "target": {"coordinates": [505.76745605469, -2.1394805908203, 221.96801757812, 408.71221923828]}, "name": 3015, "source": {"coordinates": [-20.272094726562, 25.310195922852, 251.1316986084, 358.97540283203]}, "seconds": 125.625, "object": "wall", "type": "relation", "subject": "the window"}, {"caption": "the window on wall", "predicate": "on", "target": {"coordinates": [681.45397949219, 28.168565750122, 38.5263671875, 57.003044128418]}, "name": 3015, "source": {"coordinates": [-20.272094726562, 25.310195922852, 251.1316986084, 358.97540283203]}, "seconds": 125.625, "object": "wall", "type": "relation", "subject": "the window"}, {"caption": "the window on wall", "predicate": "on", "target": {"coordinates": [278.06481933594, 82.029983520508, 182.6572265625, 319.9736328125]}, "name": 3015, "source": {"coordinates": [681.45397949219, 28.168565750122, 38.5263671875, 57.003044128418]}, "seconds": 125.625, "object": "wall", "type": "relation", "subject": "the window"}, {"caption": "the window on wall", "predicate": "on", "target": {"coordinates": [195.40357971191, 204.18418884277, 53.124389648438, 58.397567749023]}, "name": 3015, "source": {"coordinates": [681.45397949219, 28.168565750122, 38.5263671875, 57.003044128418]}, "seconds": 125.625, "object": "wall", "type": "relation", "subject": "the window"}, {"caption": "the window on wall", "predicate": "on", "target": {"coordinates": [50.772186279297, 23.667816162109, 662.01049804688, 386.61431884766]}, "name": 3015, "source": {"coordinates": [681.45397949219, 28.168565750122, 38.5263671875, 57.003044128418]}, "seconds": 125.625, "object": "wall", "type": "relation", "subject": "the window"}, {"caption": "the window on wall", "predicate": "on", "target": {"coordinates": [505.76745605469, -2.1394805908203, 221.96801757812, 408.71221923828]}, "name": 3015, "source": {"coordinates": [681.45397949219, 28.168565750122, 38.5263671875, 57.003044128418]}, "seconds": 125.625, "object": "wall", "type": "relation", "subject": "the window"}, {"caption": "the window on wall", "predicate": "on", "target": {"coordinates": [-20.272094726562, 25.310195922852, 251.1316986084, 358.97540283203]}, "name": 3015, "source": {"coordinates": [681.45397949219, 28.168565750122, 38.5263671875, 57.003044128418]}, "seconds": 125.625, "object": "wall", "type": "relation", "subject": "the window"}]