[{"caption": "the man in room", "predicate": "in", "target": {"coordinates": [485.2998046875, -0.73463439941406, 236.46008300781, 408.36657714844]}, "name": 3054, "source": {"coordinates": [219.98657226562, 14.59196472168, 375.88702392578, 393.98553466797]}, "seconds": 127.25, "object": "room", "type": "relation", "subject": "the man"}, {"caption": "the man has a white", "predicate": "has", "target": {"coordinates": [2.0191955566406, -9.1423797607422, 267.41845703125, 417.23455810547]}, "name": 3054, "source": {"coordinates": [219.98657226562, 14.59196472168, 375.88702392578, 393.98553466797]}, "seconds": 127.25, "object": "a white", "type": "relation", "subject": "the man"}, {"caption": "the man has head", "predicate": "has", "target": {"coordinates": [191.58720397949, 264.53671264648, 52.13916015625, 56.948547363281]}, "name": 3054, "source": {"coordinates": [219.98657226562, 14.59196472168, 375.88702392578, 393.98553466797]}, "seconds": 127.25, "object": "head", "type": "relation", "subject": "the man"}, {"caption": "the man wearing white shirt", "predicate": "wearing", "target": {"coordinates": [309.29635620117, 11.02759552002, 127.52502441406, 124.09609222412]}, "name": 3054, "source": {"coordinates": [219.98657226562, 14.59196472168, 375.88702392578, 393.98553466797]}, "seconds": 127.25, "object": "white shirt", "type": "relation", "subject": "the man"}, {"caption": "the man has white wall", "predicate": "has", "target": {"coordinates": [152.62928771973, 157.36370849609, 165.23020935059, 248.30511474609]}, "name": 3054, "source": {"coordinates": [219.98657226562, 14.59196472168, 375.88702392578, 393.98553466797]}, "seconds": 127.25, "object": "white wall", "type": "relation", "subject": "the man"}, {"caption": "the window on wall", "predicate": "on", "target": {"coordinates": [4.5277767181396, 65.348266601562, 32.384780883789, 49.884796142578]}, "name": 3054, "source": {"coordinates": [219.98657226562, 14.59196472168, 375.88702392578, 393.98553466797]}, "seconds": 127.25, "object": "wall", "type": "relation", "subject": "the window"}, {"caption": "the window on wall", "predicate": "on", "target": {"coordinates": [219.98657226562, 14.59196472168, 375.88702392578, 393.98553466797]}, "name": 3054, "source": {"coordinates": [485.2998046875, -0.73463439941406, 236.46008300781, 408.36657714844]}, "seconds": 127.25, "object": "wall", "type": "relation", "subject": "the window"}, {"caption": "the man has a white", "predicate": "has", "target": {"coordinates": [2.0191955566406, -9.1423797607422, 267.41845703125, 417.23455810547]}, "name": 3054, "source": {"coordinates": [485.2998046875, -0.73463439941406, 236.46008300781, 408.36657714844]}, "seconds": 127.25, "object": "a white", "type": "relation", "subject": "the man"}, {"caption": "the window has a head", "predicate": "has", "target": {"coordinates": [191.58720397949, 264.53671264648, 52.13916015625, 56.948547363281]}, "name": 3054, "source": {"coordinates": [485.2998046875, -0.73463439941406, 236.46008300781, 408.36657714844]}, "seconds": 127.25, "object": "a head", "type": "relation", "subject": "the window"}, {"caption": "the window has a white wall", "predicate": "has", "target": {"coordinates": [309.29635620117, 11.02759552002, 127.52502441406, 124.09609222412]}, "name": 3054, "source": {"coordinates": [485.2998046875, -0.73463439941406, 236.46008300781, 408.36657714844]}, "seconds": 127.25, "object": "a white wall", "type": "relation", "subject": "the window"}, {"caption": "the window has white wall", "predicate": "has", "target": {"coordinates": [152.62928771973, 157.36370849609, 165.23020935059, 248.30511474609]}, "name": 3054, "source": {"coordinates": [485.2998046875, -0.73463439941406, 236.46008300781, 408.36657714844]}, "seconds": 127.25, "object": "white wall", "type": "relation", "subject": "the window"}, {"caption": "the window on wall", "predicate": "on", "target": {"coordinates": [4.5277767181396, 65.348266601562, 32.384780883789, 49.884796142578]}, "name": 3054, "source": {"coordinates": [485.2998046875, -0.73463439941406, 236.46008300781, 408.36657714844]}, "seconds": 127.25, "object": "wall", "type": "relation", "subject": "the window"}, {"caption": "the window on wall", "predicate": "on", "target": {"coordinates": [219.98657226562, 14.59196472168, 375.88702392578, 393.98553466797]}, "name": 3054, "source": {"coordinates": [2.0191955566406, -9.1423797607422, 267.41845703125, 417.23455810547]}, "seconds": 127.25, "object": "wall", "type": "relation", "subject": "the window"}, {"caption": "the window on wall", "predicate": "on", "target": {"coordinates": [485.2998046875, -0.73463439941406, 236.46008300781, 408.36657714844]}, "name": 3054, "source": {"coordinates": [2.0191955566406, -9.1423797607422, 267.41845703125, 417.23455810547]}, "seconds": 127.25, "object": "wall", "type": "relation", "subject": "the window"}, {"caption": "the man has head", "predicate": "has", "target": {"coordinates": [191.58720397949, 264.53671264648, 52.13916015625, 56.948547363281]}, "name": 3054, "source": {"coordinates": [2.0191955566406, -9.1423797607422, 267.41845703125, 417.23455810547]}, "seconds": 127.25, "object": "head", "type": "relation", "subject": "the man"}, {"caption": "the window on wall", "predicate": "on", "target": {"coordinates": [309.29635620117, 11.02759552002, 127.52502441406, 124.09609222412]}, "name": 3054, "source": {"coordinates": [2.0191955566406, -9.1423797607422, 267.41845703125, 417.23455810547]}, "seconds": 127.25, "object": "wall", "type": "relation", "subject": "the window"}, {"caption": "the window has white wall", "predicate": "has", "target": {"coordinates": [152.62928771973, 157.36370849609, 165.23020935059, 248.30511474609]}, "name": 3054, "source": {"coordinates": [2.0191955566406, -9.1423797607422, 267.41845703125, 417.23455810547]}, "seconds": 127.25, "object": "white wall", "type": "relation", "subject": "the window"}, {"caption": "the light on wall", "predicate": "on", "target": {"coordinates": [4.5277767181396, 65.348266601562, 32.384780883789, 49.884796142578]}, "name": 3054, "source": {"coordinates": [2.0191955566406, -9.1423797607422, 267.41845703125, 417.23455810547]}, "seconds": 127.25, "object": "wall", "type": "relation", "subject": "the light"}, {"caption": "the light on wall", "predicate": "on", "target": {"coordinates": [219.98657226562, 14.59196472168, 375.88702392578, 393.98553466797]}, "name": 3054, "source": {"coordinates": [191.58720397949, 264.53671264648, 52.13916015625, 56.948547363281]}, "seconds": 127.25, "object": "wall", "type": "relation", "subject": "the light"}, {"caption": "the light on wall", "predicate": "on", "target": {"coordinates": [485.2998046875, -0.73463439941406, 236.46008300781, 408.36657714844]}, "name": 3054, "source": {"coordinates": [191.58720397949, 264.53671264648, 52.13916015625, 56.948547363281]}, "seconds": 127.25, "object": "wall", "type": "relation", "subject": "the light"}, {"caption": "the light on wall", "predicate": "on", "target": {"coordinates": [2.0191955566406, -9.1423797607422, 267.41845703125, 417.23455810547]}, "name": 3054, "source": {"coordinates": [191.58720397949, 264.53671264648, 52.13916015625, 56.948547363281]}, "seconds": 127.25, "object": "wall", "type": "relation", "subject": "the light"}, {"caption": "the hand on white shirt", "predicate": "on", "target": {"coordinates": [309.29635620117, 11.02759552002, 127.52502441406, 124.09609222412]}, "name": 3054, "source": {"coordinates": [191.58720397949, 264.53671264648, 52.13916015625, 56.948547363281]}, "seconds": 127.25, "object": "white shirt", "type": "relation", "subject": "the hand"}, {"caption": "the light on wall", "predicate": "on", "target": {"coordinates": [152.62928771973, 157.36370849609, 165.23020935059, 248.30511474609]}, "name": 3054, "source": {"coordinates": [191.58720397949, 264.53671264648, 52.13916015625, 56.948547363281]}, "seconds": 127.25, "object": "wall", "type": "relation", "subject": "the light"}, {"caption": "the head of a man", "predicate": "of", "target": {"coordinates": [4.5277767181396, 65.348266601562, 32.384780883789, 49.884796142578]}, "name": 3054, "source": {"coordinates": [191.58720397949, 264.53671264648, 52.13916015625, 56.948547363281]}, "seconds": 127.25, "object": "a man", "type": "relation", "subject": "the head"}, {"caption": "the head of a man", "predicate": "of", "target": {"coordinates": [219.98657226562, 14.59196472168, 375.88702392578, 393.98553466797]}, "name": 3054, "source": {"coordinates": [309.29635620117, 11.02759552002, 127.52502441406, 124.09609222412]}, "seconds": 127.25, "object": "a man", "type": "relation", "subject": "the head"}, {"caption": "the head of a man", "predicate": "of", "target": {"coordinates": [485.2998046875, -0.73463439941406, 236.46008300781, 408.36657714844]}, "name": 3054, "source": {"coordinates": [309.29635620117, 11.02759552002, 127.52502441406, 124.09609222412]}, "seconds": 127.25, "object": "a man", "type": "relation", "subject": "the head"}, {"caption": "the head of a wall", "predicate": "of", "target": {"coordinates": [2.0191955566406, -9.1423797607422, 267.41845703125, 417.23455810547]}, "name": 3054, "source": {"coordinates": [309.29635620117, 11.02759552002, 127.52502441406, 124.09609222412]}, "seconds": 127.25, "object": "a wall", "type": "relation", "subject": "the head"}, {"caption": "the man wearing black hat", "predicate": "wearing", "target": {"coordinates": [191.58720397949, 264.53671264648, 52.13916015625, 56.948547363281]}, "name": 3054, "source": {"coordinates": [309.29635620117, 11.02759552002, 127.52502441406, 124.09609222412]}, "seconds": 127.25, "object": "black hat", "type": "relation", "subject": "the man"}, {"caption": "the head of man", "predicate": "of", "target": {"coordinates": [152.62928771973, 157.36370849609, 165.23020935059, 248.30511474609]}, "name": 3054, "source": {"coordinates": [309.29635620117, 11.02759552002, 127.52502441406, 124.09609222412]}, "seconds": 127.25, "object": "man", "type": "relation", "subject": "the head"}, {"caption": "the man in room", "predicate": "in", "target": {"coordinates": [4.5277767181396, 65.348266601562, 32.384780883789, 49.884796142578]}, "name": 3054, "source": {"coordinates": [309.29635620117, 11.02759552002, 127.52502441406, 124.09609222412]}, "seconds": 127.25, "object": "room", "type": "relation", "subject": "the man"}, {"caption": "the man in room", "predicate": "in", "target": {"coordinates": [219.98657226562, 14.59196472168, 375.88702392578, 393.98553466797]}, "name": 3054, "source": {"coordinates": [152.62928771973, 157.36370849609, 165.23020935059, 248.30511474609]}, "seconds": 127.25, "object": "room", "type": "relation", "subject": "the man"}, {"caption": "the man in room", "predicate": "in", "target": {"coordinates": [485.2998046875, -0.73463439941406, 236.46008300781, 408.36657714844]}, "name": 3054, "source": {"coordinates": [152.62928771973, 157.36370849609, 165.23020935059, 248.30511474609]}, "seconds": 127.25, "object": "room", "type": "relation", "subject": "the man"}, {"caption": "the man in bathroom", "predicate": "in", "target": {"coordinates": [2.0191955566406, -9.1423797607422, 267.41845703125, 417.23455810547]}, "name": 3054, "source": {"coordinates": [152.62928771973, 157.36370849609, 165.23020935059, 248.30511474609]}, "seconds": 127.25, "object": "bathroom", "type": "relation", "subject": "the man"}, {"caption": "the man has a white", "predicate": "has", "target": {"coordinates": [191.58720397949, 264.53671264648, 52.13916015625, 56.948547363281]}, "name": 3054, "source": {"coordinates": [152.62928771973, 157.36370849609, 165.23020935059, 248.30511474609]}, "seconds": 127.25, "object": "a white", "type": "relation", "subject": "the man"}, {"caption": "the man in white shirt", "predicate": "in", "target": {"coordinates": [309.29635620117, 11.02759552002, 127.52502441406, 124.09609222412]}, "name": 3054, "source": {"coordinates": [152.62928771973, 157.36370849609, 165.23020935059, 248.30511474609]}, "seconds": 127.25, "object": "white shirt", "type": "relation", "subject": "the man"}, {"caption": "the window on wall", "predicate": "on", "target": {"coordinates": [4.5277767181396, 65.348266601562, 32.384780883789, 49.884796142578]}, "name": 3054, "source": {"coordinates": [152.62928771973, 157.36370849609, 165.23020935059, 248.30511474609]}, "seconds": 127.25, "object": "wall", "type": "relation", "subject": "the window"}, {"caption": "the window on wall", "predicate": "on", "target": {"coordinates": [219.98657226562, 14.59196472168, 375.88702392578, 393.98553466797]}, "name": 3054, "source": {"coordinates": [4.5277767181396, 65.348266601562, 32.384780883789, 49.884796142578]}, "seconds": 127.25, "object": "wall", "type": "relation", "subject": "the window"}, {"caption": "the window on wall", "predicate": "on", "target": {"coordinates": [485.2998046875, -0.73463439941406, 236.46008300781, 408.36657714844]}, "name": 3054, "source": {"coordinates": [4.5277767181396, 65.348266601562, 32.384780883789, 49.884796142578]}, "seconds": 127.25, "object": "wall", "type": "relation", "subject": "the window"}, {"caption": "the light on wall", "predicate": "on", "target": {"coordinates": [2.0191955566406, -9.1423797607422, 267.41845703125, 417.23455810547]}, "name": 3054, "source": {"coordinates": [4.5277767181396, 65.348266601562, 32.384780883789, 49.884796142578]}, "seconds": 127.25, "object": "wall", "type": "relation", "subject": "the light"}, {"caption": "the window has white", "predicate": "has", "target": {"coordinates": [191.58720397949, 264.53671264648, 52.13916015625, 56.948547363281]}, "name": 3054, "source": {"coordinates": [4.5277767181396, 65.348266601562, 32.384780883789, 49.884796142578]}, "seconds": 127.25, "object": "white", "type": "relation", "subject": "the window"}, {"caption": "the hand on wall", "predicate": "on", "target": {"coordinates": [309.29635620117, 11.02759552002, 127.52502441406, 124.09609222412]}, "name": 3054, "source": {"coordinates": [4.5277767181396, 65.348266601562, 32.384780883789, 49.884796142578]}, "seconds": 127.25, "object": "wall", "type": "relation", "subject": "the hand"}, {"caption": "the window on wall", "predicate": "on", "target": {"coordinates": [152.62928771973, 157.36370849609, 165.23020935059, 248.30511474609]}, "name": 3054, "source": {"coordinates": [4.5277767181396, 65.348266601562, 32.384780883789, 49.884796142578]}, "seconds": 127.25, "object": "wall", "type": "relation", "subject": "the window"}]