[{"caption": "the man in room", "predicate": "in", "target": {"coordinates": [-0.65673828125, 226.73037719727, 742.73022460938, 178.23864746094]}, "name": 3129, "source": {"coordinates": [4.7065277099609, 69.236213684082, 77.037658691406, 169.63284301758]}, "seconds": 130.375, "object": "room", "type": "relation", "subject": "the man"}, {"caption": "the man in room", "predicate": "in", "target": {"coordinates": [523.32543945312, 13.595825195312, 210.31164550781, 382.04693603516]}, "name": 3129, "source": {"coordinates": [4.7065277099609, 69.236213684082, 77.037658691406, 169.63284301758]}, "seconds": 130.375, "object": "room", "type": "relation", "subject": "the man"}, {"caption": "the man in room", "predicate": "in", "target": {"coordinates": [364.39056396484, 124.04991912842, 276.19409179688, 254.77423095703]}, "name": 3129, "source": {"coordinates": [4.7065277099609, 69.236213684082, 77.037658691406, 169.63284301758]}, "seconds": 130.375, "object": "room", "type": "relation", "subject": "the man"}, {"caption": "the man on a table", "predicate": "on", "target": {"coordinates": [-7.4202880859375, 23.659851074219, 297.19778442383, 364.1842956543]}, "name": 3129, "source": {"coordinates": [4.7065277099609, 69.236213684082, 77.037658691406, 169.63284301758]}, "seconds": 130.375, "object": "a table", "type": "relation", "subject": "the man"}, {"caption": "the man wearing white shirt", "predicate": "wearing", "target": {"coordinates": [-18.176391601562, 2.4810943603516, 713.30718994141, 186.8660736084]}, "name": 3129, "source": {"coordinates": [4.7065277099609, 69.236213684082, 77.037658691406, 169.63284301758]}, "seconds": 130.375, "object": "white shirt", "type": "relation", "subject": "the man"}, {"caption": "the man in room", "predicate": "in", "target": {"coordinates": [575.3359375, 38.339900970459, 54.490600585938, 60.077320098877]}, "name": 3129, "source": {"coordinates": [4.7065277099609, 69.236213684082, 77.037658691406, 169.63284301758]}, "seconds": 130.375, "object": "room", "type": "relation", "subject": "the man"}, {"caption": "the man on table", "predicate": "on", "target": {"coordinates": [125.33433532715, 6.2267246246338, 44.727111816406, 32.68155670166]}, "name": 3129, "source": {"coordinates": [4.7065277099609, 69.236213684082, 77.037658691406, 169.63284301758]}, "seconds": 130.375, "object": "table", "type": "relation", "subject": "the man"}, {"caption": "the man in room", "predicate": "in", "target": {"coordinates": [467.45336914062, 5.5723037719727, 48.152099609375, 52.587310791016]}, "name": 3129, "source": {"coordinates": [4.7065277099609, 69.236213684082, 77.037658691406, 169.63284301758]}, "seconds": 130.375, "object": "room", "type": "relation", "subject": "the man"}, {"caption": "the man in room", "predicate": "in", "target": {"coordinates": [266.33819580078, 246.29136657715, 54.631164550781, 62.59587097168]}, "name": 3129, "source": {"coordinates": [4.7065277099609, 69.236213684082, 77.037658691406, 169.63284301758]}, "seconds": 130.375, "object": "room", "type": "relation", "subject": "the man"}, {"caption": "the man in room", "predicate": "in", "target": {"coordinates": [562.1005859375, 3.3903617858887, 49.763305664062, 36.716693878174]}, "name": 3129, "source": {"coordinates": [4.7065277099609, 69.236213684082, 77.037658691406, 169.63284301758]}, "seconds": 130.375, "object": "room", "type": "relation", "subject": "the man"}, {"caption": "the man wearing black shirt", "predicate": "wearing", "target": {"coordinates": [364.57263183594, 2.7182331085205, 47.863830566406, 48.742034912109]}, "name": 3129, "source": {"coordinates": [4.7065277099609, 69.236213684082, 77.037658691406, 169.63284301758]}, "seconds": 130.375, "object": "black shirt", "type": "relation", "subject": "the man"}, {"caption": "the table has a white plate", "predicate": "has", "target": {"coordinates": [616.837890625, 106.43700408936, 103.13610839844, 143.50439453125]}, "name": 3129, "source": {"coordinates": [4.7065277099609, 69.236213684082, 77.037658691406, 169.63284301758]}, "seconds": 130.375, "object": "a white plate", "type": "relation", "subject": "the table"}, {"caption": "the table has a white plate", "predicate": "has", "target": {"coordinates": [4.7065277099609, 69.236213684082, 77.037658691406, 169.63284301758]}, "name": 3129, "source": {"coordinates": [-0.65673828125, 226.73037719727, 742.73022460938, 178.23864746094]}, "seconds": 130.375, "object": "a white plate", "type": "relation", "subject": "the table"}, {"caption": "the man wearing black shirt", "predicate": "wearing", "target": {"coordinates": [523.32543945312, 13.595825195312, 210.31164550781, 382.04693603516]}, "name": 3129, "source": {"coordinates": [-0.65673828125, 226.73037719727, 742.73022460938, 178.23864746094]}, "seconds": 130.375, "object": "black shirt", "type": "relation", "subject": "the man"}, {"caption": "the wall in room", "predicate": "in", "target": {"coordinates": [364.39056396484, 124.04991912842, 276.19409179688, 254.77423095703]}, "name": 3129, "source": {"coordinates": [-0.65673828125, 226.73037719727, 742.73022460938, 178.23864746094]}, "seconds": 130.375, "object": "room", "type": "relation", "subject": "the wall"}, {"caption": "the man wearing black shirt", "predicate": "wearing", "target": {"coordinates": [-7.4202880859375, 23.659851074219, 297.19778442383, 364.1842956543]}, "name": 3129, "source": {"coordinates": [-0.65673828125, 226.73037719727, 742.73022460938, 178.23864746094]}, "seconds": 130.375, "object": "black shirt", "type": "relation", "subject": "the man"}, {"caption": "the man has a white shirt", "predicate": "has", "target": {"coordinates": [-18.176391601562, 2.4810943603516, 713.30718994141, 186.8660736084]}, "name": 3129, "source": {"coordinates": [-0.65673828125, 226.73037719727, 742.73022460938, 178.23864746094]}, "seconds": 130.375, "object": "a white shirt", "type": "relation", "subject": "the man"}, {"caption": "the man has a white toilet", "predicate": "has", "target": {"coordinates": [575.3359375, 38.339900970459, 54.490600585938, 60.077320098877]}, "name": 3129, "source": {"coordinates": [-0.65673828125, 226.73037719727, 742.73022460938, 178.23864746094]}, "seconds": 130.375, "object": "a white toilet", "type": "relation", "subject": "the man"}, {"caption": "the man has white shirt", "predicate": "has", "target": {"coordinates": [125.33433532715, 6.2267246246338, 44.727111816406, 32.68155670166]}, "name": 3129, "source": {"coordinates": [-0.65673828125, 226.73037719727, 742.73022460938, 178.23864746094]}, "seconds": 130.375, "object": "white shirt", "type": "relation", "subject": "the man"}, {"caption": "the man has black handle", "predicate": "has", "target": {"coordinates": [467.45336914062, 5.5723037719727, 48.152099609375, 52.587310791016]}, "name": 3129, "source": {"coordinates": [-0.65673828125, 226.73037719727, 742.73022460938, 178.23864746094]}, "seconds": 130.375, "object": "black handle", "type": "relation", "subject": "the man"}, {"caption": "the wall has a window", "predicate": "has", "target": {"coordinates": [266.33819580078, 246.29136657715, 54.631164550781, 62.59587097168]}, "name": 3129, "source": {"coordinates": [-0.65673828125, 226.73037719727, 742.73022460938, 178.23864746094]}, "seconds": 130.375, "object": "a window", "type": "relation", "subject": "the wall"}, {"caption": "the wall has a window", "predicate": "has", "target": {"coordinates": [562.1005859375, 3.3903617858887, 49.763305664062, 36.716693878174]}, "name": 3129, "source": {"coordinates": [-0.65673828125, 226.73037719727, 742.73022460938, 178.23864746094]}, "seconds": 130.375, "object": "a window", "type": "relation", "subject": "the wall"}, {"caption": "the man wearing black shirt", "predicate": "wearing", "target": {"coordinates": [364.57263183594, 2.7182331085205, 47.863830566406, 48.742034912109]}, "name": 3129, "source": {"coordinates": [-0.65673828125, 226.73037719727, 742.73022460938, 178.23864746094]}, "seconds": 130.375, "object": "black shirt", "type": "relation", "subject": "the man"}, {"caption": "the man on table", "predicate": "on", "target": {"coordinates": [616.837890625, 106.43700408936, 103.13610839844, 143.50439453125]}, "name": 3129, "source": {"coordinates": [-0.65673828125, 226.73037719727, 742.73022460938, 178.23864746094]}, "seconds": 130.375, "object": "table", "type": "relation", "subject": "the man"}, {"caption": "the man on table", "predicate": "on", "target": {"coordinates": [4.7065277099609, 69.236213684082, 77.037658691406, 169.63284301758]}, "name": 3129, "source": {"coordinates": [523.32543945312, 13.595825195312, 210.31164550781, 382.04693603516]}, "seconds": 130.375, "object": "table", "type": "relation", "subject": "the man"}, {"caption": "the man on table", "predicate": "on", "target": {"coordinates": [-0.65673828125, 226.73037719727, 742.73022460938, 178.23864746094]}, "name": 3129, "source": {"coordinates": [523.32543945312, 13.595825195312, 210.31164550781, 382.04693603516]}, "seconds": 130.375, "object": "table", "type": "relation", "subject": "the man"}, {"caption": "the man in room", "predicate": "in", "target": {"coordinates": [364.39056396484, 124.04991912842, 276.19409179688, 254.77423095703]}, "name": 3129, "source": {"coordinates": [523.32543945312, 13.595825195312, 210.31164550781, 382.04693603516]}, "seconds": 130.375, "object": "room", "type": "relation", "subject": "the man"}, {"caption": "the man wearing black shirt", "predicate": "wearing", "target": {"coordinates": [-7.4202880859375, 23.659851074219, 297.19778442383, 364.1842956543]}, "name": 3129, "source": {"coordinates": [523.32543945312, 13.595825195312, 210.31164550781, 382.04693603516]}, "seconds": 130.375, "object": "black shirt", "type": "relation", "subject": "the man"}, {"caption": "the man has a white shirt", "predicate": "has", "target": {"coordinates": [-18.176391601562, 2.4810943603516, 713.30718994141, 186.8660736084]}, "name": 3129, "source": {"coordinates": [523.32543945312, 13.595825195312, 210.31164550781, 382.04693603516]}, "seconds": 130.375, "object": "a white shirt", "type": "relation", "subject": "the man"}, {"caption": "the man in room", "predicate": "in", "target": {"coordinates": [575.3359375, 38.339900970459, 54.490600585938, 60.077320098877]}, "name": 3129, "source": {"coordinates": [523.32543945312, 13.595825195312, 210.31164550781, 382.04693603516]}, "seconds": 130.375, "object": "room", "type": "relation", "subject": "the man"}, {"caption": "the man on table", "predicate": "on", "target": {"coordinates": [125.33433532715, 6.2267246246338, 44.727111816406, 32.68155670166]}, "name": 3129, "source": {"coordinates": [523.32543945312, 13.595825195312, 210.31164550781, 382.04693603516]}, "seconds": 130.375, "object": "table", "type": "relation", "subject": "the man"}, {"caption": "the man has a window", "predicate": "has", "target": {"coordinates": [467.45336914062, 5.5723037719727, 48.152099609375, 52.587310791016]}, "name": 3129, "source": {"coordinates": [523.32543945312, 13.595825195312, 210.31164550781, 382.04693603516]}, "seconds": 130.375, "object": "a window", "type": "relation", "subject": "the man"}, {"caption": "the man has a window", "predicate": "has", "target": {"coordinates": [266.33819580078, 246.29136657715, 54.631164550781, 62.59587097168]}, "name": 3129, "source": {"coordinates": [523.32543945312, 13.595825195312, 210.31164550781, 382.04693603516]}, "seconds": 130.375, "object": "a window", "type": "relation", "subject": "the man"}, {"caption": "the man in room", "predicate": "in", "target": {"coordinates": [562.1005859375, 3.3903617858887, 49.763305664062, 36.716693878174]}, "name": 3129, "source": {"coordinates": [523.32543945312, 13.595825195312, 210.31164550781, 382.04693603516]}, "seconds": 130.375, "object": "room", "type": "relation", "subject": "the man"}, {"caption": "the man wearing black shirt", "predicate": "wearing", "target": {"coordinates": [364.57263183594, 2.7182331085205, 47.863830566406, 48.742034912109]}, "name": 3129, "source": {"coordinates": [523.32543945312, 13.595825195312, 210.31164550781, 382.04693603516]}, "seconds": 130.375, "object": "black shirt", "type": "relation", "subject": "the man"}, {"caption": "the man on table", "predicate": "on", "target": {"coordinates": [616.837890625, 106.43700408936, 103.13610839844, 143.50439453125]}, "name": 3129, "source": {"coordinates": [523.32543945312, 13.595825195312, 210.31164550781, 382.04693603516]}, "seconds": 130.375, "object": "table", "type": "relation", "subject": "the man"}, {"caption": "the man on table", "predicate": "on", "target": {"coordinates": [4.7065277099609, 69.236213684082, 77.037658691406, 169.63284301758]}, "name": 3129, "source": {"coordinates": [364.39056396484, 124.04991912842, 276.19409179688, 254.77423095703]}, "seconds": 130.375, "object": "table", "type": "relation", "subject": "the man"}, {"caption": "the man on table", "predicate": "on", "target": {"coordinates": [-0.65673828125, 226.73037719727, 742.73022460938, 178.23864746094]}, "name": 3129, "source": {"coordinates": [364.39056396484, 124.04991912842, 276.19409179688, 254.77423095703]}, "seconds": 130.375, "object": "table", "type": "relation", "subject": "the man"}, {"caption": "the man in room", "predicate": "in", "target": {"coordinates": [523.32543945312, 13.595825195312, 210.31164550781, 382.04693603516]}, "name": 3129, "source": {"coordinates": [364.39056396484, 124.04991912842, 276.19409179688, 254.77423095703]}, "seconds": 130.375, "object": "room", "type": "relation", "subject": "the man"}, {"caption": "the man wearing black shirt", "predicate": "wearing", "target": {"coordinates": [-7.4202880859375, 23.659851074219, 297.19778442383, 364.1842956543]}, "name": 3129, "source": {"coordinates": [364.39056396484, 124.04991912842, 276.19409179688, 254.77423095703]}, "seconds": 130.375, "object": "black shirt", "type": "relation", "subject": "the man"}, {"caption": "the man wearing white shirt", "predicate": "wearing", "target": {"coordinates": [-18.176391601562, 2.4810943603516, 713.30718994141, 186.8660736084]}, "name": 3129, "source": {"coordinates": [364.39056396484, 124.04991912842, 276.19409179688, 254.77423095703]}, "seconds": 130.375, "object": "white shirt", "type": "relation", "subject": "the man"}, {"caption": "the man in room", "predicate": "in", "target": {"coordinates": [575.3359375, 38.339900970459, 54.490600585938, 60.077320098877]}, "name": 3129, "source": {"coordinates": [364.39056396484, 124.04991912842, 276.19409179688, 254.77423095703]}, "seconds": 130.375, "object": "room", "type": "relation", "subject": "the man"}, {"caption": "the man on table", "predicate": "on", "target": {"coordinates": [125.33433532715, 6.2267246246338, 44.727111816406, 32.68155670166]}, "name": 3129, "source": {"coordinates": [364.39056396484, 124.04991912842, 276.19409179688, 254.77423095703]}, "seconds": 130.375, "object": "table", "type": "relation", "subject": "the man"}, {"caption": "the man in room", "predicate": "in", "target": {"coordinates": [467.45336914062, 5.5723037719727, 48.152099609375, 52.587310791016]}, "name": 3129, "source": {"coordinates": [364.39056396484, 124.04991912842, 276.19409179688, 254.77423095703]}, "seconds": 130.375, "object": "room", "type": "relation", "subject": "the man"}, {"caption": "the man in room", "predicate": "in", "target": {"coordinates": [266.33819580078, 246.29136657715, 54.631164550781, 62.59587097168]}, "name": 3129, "source": {"coordinates": [364.39056396484, 124.04991912842, 276.19409179688, 254.77423095703]}, "seconds": 130.375, "object": "room", "type": "relation", "subject": "the man"}, {"caption": "the man in room", "predicate": "in", "target": {"coordinates": [562.1005859375, 3.3903617858887, 49.763305664062, 36.716693878174]}, "name": 3129, "source": {"coordinates": [364.39056396484, 124.04991912842, 276.19409179688, 254.77423095703]}, "seconds": 130.375, "object": "room", "type": "relation", "subject": "the man"}, {"caption": "the man wearing black shirt", "predicate": "wearing", "target": {"coordinates": [364.57263183594, 2.7182331085205, 47.863830566406, 48.742034912109]}, "name": 3129, "source": {"coordinates": [364.39056396484, 124.04991912842, 276.19409179688, 254.77423095703]}, "seconds": 130.375, "object": "black shirt", "type": "relation", "subject": "the man"}, {"caption": "the man on table", "predicate": "on", "target": {"coordinates": [616.837890625, 106.43700408936, 103.13610839844, 143.50439453125]}, "name": 3129, "source": {"coordinates": [364.39056396484, 124.04991912842, 276.19409179688, 254.77423095703]}, "seconds": 130.375, "object": "table", "type": "relation", "subject": "the man"}, {"caption": "the man on table", "predicate": "on", "target": {"coordinates": [4.7065277099609, 69.236213684082, 77.037658691406, 169.63284301758]}, "name": 3129, "source": {"coordinates": [-7.4202880859375, 23.659851074219, 297.19778442383, 364.1842956543]}, "seconds": 130.375, "object": "table", "type": "relation", "subject": "the man"}, {"caption": "the man has white shirt", "predicate": "has", "target": {"coordinates": [-0.65673828125, 226.73037719727, 742.73022460938, 178.23864746094]}, "name": 3129, "source": {"coordinates": [-7.4202880859375, 23.659851074219, 297.19778442383, 364.1842956543]}, "seconds": 130.375, "object": "white shirt", "type": "relation", "subject": "the man"}, {"caption": "the man wearing black shirt", "predicate": "wearing", "target": {"coordinates": [523.32543945312, 13.595825195312, 210.31164550781, 382.04693603516]}, "name": 3129, "source": {"coordinates": [-7.4202880859375, 23.659851074219, 297.19778442383, 364.1842956543]}, "seconds": 130.375, "object": "black shirt", "type": "relation", "subject": "the man"}, {"caption": "the man wearing black shirt", "predicate": "wearing", "target": {"coordinates": [364.39056396484, 124.04991912842, 276.19409179688, 254.77423095703]}, "name": 3129, "source": {"coordinates": [-7.4202880859375, 23.659851074219, 297.19778442383, 364.1842956543]}, "seconds": 130.375, "object": "black shirt", "type": "relation", "subject": "the man"}, {"caption": "the man has a white shirt", "predicate": "has", "target": {"coordinates": [-18.176391601562, 2.4810943603516, 713.30718994141, 186.8660736084]}, "name": 3129, "source": {"coordinates": [-7.4202880859375, 23.659851074219, 297.19778442383, 364.1842956543]}, "seconds": 130.375, "object": "a white shirt", "type": "relation", "subject": "the man"}, {"caption": "the man has a white toilet", "predicate": "has", "target": {"coordinates": [575.3359375, 38.339900970459, 54.490600585938, 60.077320098877]}, "name": 3129, "source": {"coordinates": [-7.4202880859375, 23.659851074219, 297.19778442383, 364.1842956543]}, "seconds": 130.375, "object": "a white toilet", "type": "relation", "subject": "the man"}, {"caption": "the man has white shirt", "predicate": "has", "target": {"coordinates": [125.33433532715, 6.2267246246338, 44.727111816406, 32.68155670166]}, "name": 3129, "source": {"coordinates": [-7.4202880859375, 23.659851074219, 297.19778442383, 364.1842956543]}, "seconds": 130.375, "object": "white shirt", "type": "relation", "subject": "the man"}, {"caption": "the man has a black handle", "predicate": "has", "target": {"coordinates": [467.45336914062, 5.5723037719727, 48.152099609375, 52.587310791016]}, "name": 3129, "source": {"coordinates": [-7.4202880859375, 23.659851074219, 297.19778442383, 364.1842956543]}, "seconds": 130.375, "object": "a black handle", "type": "relation", "subject": "the man"}, {"caption": "the wall has a window", "predicate": "has", "target": {"coordinates": [266.33819580078, 246.29136657715, 54.631164550781, 62.59587097168]}, "name": 3129, "source": {"coordinates": [-7.4202880859375, 23.659851074219, 297.19778442383, 364.1842956543]}, "seconds": 130.375, "object": "a window", "type": "relation", "subject": "the wall"}, {"caption": "the man has a white wall", "predicate": "has", "target": {"coordinates": [562.1005859375, 3.3903617858887, 49.763305664062, 36.716693878174]}, "name": 3129, "source": {"coordinates": [-7.4202880859375, 23.659851074219, 297.19778442383, 364.1842956543]}, "seconds": 130.375, "object": "a white wall", "type": "relation", "subject": "the man"}, {"caption": "the man wearing black shirt", "predicate": "wearing", "target": {"coordinates": [364.57263183594, 2.7182331085205, 47.863830566406, 48.742034912109]}, "name": 3129, "source": {"coordinates": [-7.4202880859375, 23.659851074219, 297.19778442383, 364.1842956543]}, "seconds": 130.375, "object": "black shirt", "type": "relation", "subject": "the man"}, {"caption": "the window on wall", "predicate": "on", "target": {"coordinates": [616.837890625, 106.43700408936, 103.13610839844, 143.50439453125]}, "name": 3129, "source": {"coordinates": [-7.4202880859375, 23.659851074219, 297.19778442383, 364.1842956543]}, "seconds": 130.375, "object": "wall", "type": "relation", "subject": "the window"}, {"caption": "the window on wall", "predicate": "on", "target": {"coordinates": [4.7065277099609, 69.236213684082, 77.037658691406, 169.63284301758]}, "name": 3129, "source": {"coordinates": [-18.176391601562, 2.4810943603516, 713.30718994141, 186.8660736084]}, "seconds": 130.375, "object": "wall", "type": "relation", "subject": "the window"}, {"caption": "the window has white door", "predicate": "has", "target": {"coordinates": [-0.65673828125, 226.73037719727, 742.73022460938, 178.23864746094]}, "name": 3129, "source": {"coordinates": [-18.176391601562, 2.4810943603516, 713.30718994141, 186.8660736084]}, "seconds": 130.375, "object": "white door", "type": "relation", "subject": "the window"}, {"caption": "the window on wall", "predicate": "on", "target": {"coordinates": [523.32543945312, 13.595825195312, 210.31164550781, 382.04693603516]}, "name": 3129, "source": {"coordinates": [-18.176391601562, 2.4810943603516, 713.30718994141, 186.8660736084]}, "seconds": 130.375, "object": "wall", "type": "relation", "subject": "the window"}, {"caption": "the window on wall", "predicate": "on", "target": {"coordinates": [364.39056396484, 124.04991912842, 276.19409179688, 254.77423095703]}, "name": 3129, "source": {"coordinates": [-18.176391601562, 2.4810943603516, 713.30718994141, 186.8660736084]}, "seconds": 130.375, "object": "wall", "type": "relation", "subject": "the window"}, {"caption": "the window on wall", "predicate": "on", "target": {"coordinates": [-7.4202880859375, 23.659851074219, 297.19778442383, 364.1842956543]}, "name": 3129, "source": {"coordinates": [-18.176391601562, 2.4810943603516, 713.30718994141, 186.8660736084]}, "seconds": 130.375, "object": "wall", "type": "relation", "subject": "the window"}, {"caption": "the window has white window", "predicate": "has", "target": {"coordinates": [575.3359375, 38.339900970459, 54.490600585938, 60.077320098877]}, "name": 3129, "source": {"coordinates": [-18.176391601562, 2.4810943603516, 713.30718994141, 186.8660736084]}, "seconds": 130.375, "object": "white window", "type": "relation", "subject": "the window"}, {"caption": "the window has white door", "predicate": "has", "target": {"coordinates": [125.33433532715, 6.2267246246338, 44.727111816406, 32.68155670166]}, "name": 3129, "source": {"coordinates": [-18.176391601562, 2.4810943603516, 713.30718994141, 186.8660736084]}, "seconds": 130.375, "object": "white door", "type": "relation", "subject": "the window"}, {"caption": "the man has a white handle", "predicate": "has", "target": {"coordinates": [467.45336914062, 5.5723037719727, 48.152099609375, 52.587310791016]}, "name": 3129, "source": {"coordinates": [-18.176391601562, 2.4810943603516, 713.30718994141, 186.8660736084]}, "seconds": 130.375, "object": "a white handle", "type": "relation", "subject": "the man"}, {"caption": "the window has white wall", "predicate": "has", "target": {"coordinates": [266.33819580078, 246.29136657715, 54.631164550781, 62.59587097168]}, "name": 3129, "source": {"coordinates": [-18.176391601562, 2.4810943603516, 713.30718994141, 186.8660736084]}, "seconds": 130.375, "object": "white wall", "type": "relation", "subject": "the window"}, {"caption": "the window has white wall", "predicate": "has", "target": {"coordinates": [562.1005859375, 3.3903617858887, 49.763305664062, 36.716693878174]}, "name": 3129, "source": {"coordinates": [-18.176391601562, 2.4810943603516, 713.30718994141, 186.8660736084]}, "seconds": 130.375, "object": "white wall", "type": "relation", "subject": "the window"}, {"caption": "the window on wall", "predicate": "on", "target": {"coordinates": [364.57263183594, 2.7182331085205, 47.863830566406, 48.742034912109]}, "name": 3129, "source": {"coordinates": [-18.176391601562, 2.4810943603516, 713.30718994141, 186.8660736084]}, "seconds": 130.375, "object": "wall", "type": "relation", "subject": "the window"}, {"caption": "the window on wall", "predicate": "on", "target": {"coordinates": [616.837890625, 106.43700408936, 103.13610839844, 143.50439453125]}, "name": 3129, "source": {"coordinates": [-18.176391601562, 2.4810943603516, 713.30718994141, 186.8660736084]}, "seconds": 130.375, "object": "wall", "type": "relation", "subject": "the window"}, {"caption": "the window on wall", "predicate": "on", "target": {"coordinates": [4.7065277099609, 69.236213684082, 77.037658691406, 169.63284301758]}, "name": 3129, "source": {"coordinates": [575.3359375, 38.339900970459, 54.490600585938, 60.077320098877]}, "seconds": 130.375, "object": "wall", "type": "relation", "subject": "the window"}, {"caption": "the window on wall", "predicate": "on", "target": {"coordinates": [-0.65673828125, 226.73037719727, 742.73022460938, 178.23864746094]}, "name": 3129, "source": {"coordinates": [575.3359375, 38.339900970459, 54.490600585938, 60.077320098877]}, "seconds": 130.375, "object": "wall", "type": "relation", "subject": "the window"}, {"caption": "the window on wall", "predicate": "on", "target": {"coordinates": [523.32543945312, 13.595825195312, 210.31164550781, 382.04693603516]}, "name": 3129, "source": {"coordinates": [575.3359375, 38.339900970459, 54.490600585938, 60.077320098877]}, "seconds": 130.375, "object": "wall", "type": "relation", "subject": "the window"}, {"caption": "the window on wall", "predicate": "on", "target": {"coordinates": [364.39056396484, 124.04991912842, 276.19409179688, 254.77423095703]}, "name": 3129, "source": {"coordinates": [575.3359375, 38.339900970459, 54.490600585938, 60.077320098877]}, "seconds": 130.375, "object": "wall", "type": "relation", "subject": "the window"}, {"caption": "the window on wall", "predicate": "on", "target": {"coordinates": [-7.4202880859375, 23.659851074219, 297.19778442383, 364.1842956543]}, "name": 3129, "source": {"coordinates": [575.3359375, 38.339900970459, 54.490600585938, 60.077320098877]}, "seconds": 130.375, "object": "wall", "type": "relation", "subject": "the window"}, {"caption": "the window on wall", "predicate": "on", "target": {"coordinates": [-18.176391601562, 2.4810943603516, 713.30718994141, 186.8660736084]}, "name": 3129, "source": {"coordinates": [575.3359375, 38.339900970459, 54.490600585938, 60.077320098877]}, "seconds": 130.375, "object": "wall", "type": "relation", "subject": "the window"}, {"caption": "the window on wall", "predicate": "on", "target": {"coordinates": [125.33433532715, 6.2267246246338, 44.727111816406, 32.68155670166]}, "name": 3129, "source": {"coordinates": [575.3359375, 38.339900970459, 54.490600585938, 60.077320098877]}, "seconds": 130.375, "object": "wall", "type": "relation", "subject": "the window"}, {"caption": "the window on wall", "predicate": "on", "target": {"coordinates": [467.45336914062, 5.5723037719727, 48.152099609375, 52.587310791016]}, "name": 3129, "source": {"coordinates": [575.3359375, 38.339900970459, 54.490600585938, 60.077320098877]}, "seconds": 130.375, "object": "wall", "type": "relation", "subject": "the window"}, {"caption": "the window on wall", "predicate": "on", "target": {"coordinates": [266.33819580078, 246.29136657715, 54.631164550781, 62.59587097168]}, "name": 3129, "source": {"coordinates": [575.3359375, 38.339900970459, 54.490600585938, 60.077320098877]}, "seconds": 130.375, "object": "wall", "type": "relation", "subject": "the window"}, {"caption": "the window on wall", "predicate": "on", "target": {"coordinates": [562.1005859375, 3.3903617858887, 49.763305664062, 36.716693878174]}, "name": 3129, "source": {"coordinates": [575.3359375, 38.339900970459, 54.490600585938, 60.077320098877]}, "seconds": 130.375, "object": "wall", "type": "relation", "subject": "the window"}, {"caption": "the window on wall", "predicate": "on", "target": {"coordinates": [364.57263183594, 2.7182331085205, 47.863830566406, 48.742034912109]}, "name": 3129, "source": {"coordinates": [575.3359375, 38.339900970459, 54.490600585938, 60.077320098877]}, "seconds": 130.375, "object": "wall", "type": "relation", "subject": "the window"}, {"caption": "the light on wall", "predicate": "on", "target": {"coordinates": [616.837890625, 106.43700408936, 103.13610839844, 143.50439453125]}, "name": 3129, "source": {"coordinates": [575.3359375, 38.339900970459, 54.490600585938, 60.077320098877]}, "seconds": 130.375, "object": "wall", "type": "relation", "subject": "the light"}, {"caption": "the light on wall", "predicate": "on", "target": {"coordinates": [4.7065277099609, 69.236213684082, 77.037658691406, 169.63284301758]}, "name": 3129, "source": {"coordinates": [125.33433532715, 6.2267246246338, 44.727111816406, 32.68155670166]}, "seconds": 130.375, "object": "wall", "type": "relation", "subject": "the light"}, {"caption": "the light on wall", "predicate": "on", "target": {"coordinates": [-0.65673828125, 226.73037719727, 742.73022460938, 178.23864746094]}, "name": 3129, "source": {"coordinates": [125.33433532715, 6.2267246246338, 44.727111816406, 32.68155670166]}, "seconds": 130.375, "object": "wall", "type": "relation", "subject": "the light"}, {"caption": "the window on wall", "predicate": "on", "target": {"coordinates": [523.32543945312, 13.595825195312, 210.31164550781, 382.04693603516]}, "name": 3129, "source": {"coordinates": [125.33433532715, 6.2267246246338, 44.727111816406, 32.68155670166]}, "seconds": 130.375, "object": "wall", "type": "relation", "subject": "the window"}, {"caption": "the window on wall", "predicate": "on", "target": {"coordinates": [364.39056396484, 124.04991912842, 276.19409179688, 254.77423095703]}, "name": 3129, "source": {"coordinates": [125.33433532715, 6.2267246246338, 44.727111816406, 32.68155670166]}, "seconds": 130.375, "object": "wall", "type": "relation", "subject": "the window"}, {"caption": "the window on wall", "predicate": "on", "target": {"coordinates": [-7.4202880859375, 23.659851074219, 297.19778442383, 364.1842956543]}, "name": 3129, "source": {"coordinates": [125.33433532715, 6.2267246246338, 44.727111816406, 32.68155670166]}, "seconds": 130.375, "object": "wall", "type": "relation", "subject": "the window"}, {"caption": "the window on wall", "predicate": "on", "target": {"coordinates": [-18.176391601562, 2.4810943603516, 713.30718994141, 186.8660736084]}, "name": 3129, "source": {"coordinates": [125.33433532715, 6.2267246246338, 44.727111816406, 32.68155670166]}, "seconds": 130.375, "object": "wall", "type": "relation", "subject": "the window"}, {"caption": "the window on wall", "predicate": "on", "target": {"coordinates": [575.3359375, 38.339900970459, 54.490600585938, 60.077320098877]}, "name": 3129, "source": {"coordinates": [125.33433532715, 6.2267246246338, 44.727111816406, 32.68155670166]}, "seconds": 130.375, "object": "wall", "type": "relation", "subject": "the window"}, {"caption": "the window on white wall", "predicate": "on", "target": {"coordinates": [467.45336914062, 5.5723037719727, 48.152099609375, 52.587310791016]}, "name": 3129, "source": {"coordinates": [125.33433532715, 6.2267246246338, 44.727111816406, 32.68155670166]}, "seconds": 130.375, "object": "white wall", "type": "relation", "subject": "the window"}, {"caption": "the window on wall", "predicate": "on", "target": {"coordinates": [266.33819580078, 246.29136657715, 54.631164550781, 62.59587097168]}, "name": 3129, "source": {"coordinates": [125.33433532715, 6.2267246246338, 44.727111816406, 32.68155670166]}, "seconds": 130.375, "object": "wall", "type": "relation", "subject": "the window"}, {"caption": "the window on wall", "predicate": "on", "target": {"coordinates": [562.1005859375, 3.3903617858887, 49.763305664062, 36.716693878174]}, "name": 3129, "source": {"coordinates": [125.33433532715, 6.2267246246338, 44.727111816406, 32.68155670166]}, "seconds": 130.375, "object": "wall", "type": "relation", "subject": "the window"}, {"caption": "the window on wall", "predicate": "on", "target": {"coordinates": [364.57263183594, 2.7182331085205, 47.863830566406, 48.742034912109]}, "name": 3129, "source": {"coordinates": [125.33433532715, 6.2267246246338, 44.727111816406, 32.68155670166]}, "seconds": 130.375, "object": "wall", "type": "relation", "subject": "the window"}, {"caption": "the clock on wall", "predicate": "on", "target": {"coordinates": [616.837890625, 106.43700408936, 103.13610839844, 143.50439453125]}, "name": 3129, "source": {"coordinates": [125.33433532715, 6.2267246246338, 44.727111816406, 32.68155670166]}, "seconds": 130.375, "object": "wall", "type": "relation", "subject": "the clock"}, {"caption": "the clock on wall", "predicate": "on", "target": {"coordinates": [4.7065277099609, 69.236213684082, 77.037658691406, 169.63284301758]}, "name": 3129, "source": {"coordinates": [467.45336914062, 5.5723037719727, 48.152099609375, 52.587310791016]}, "seconds": 130.375, "object": "wall", "type": "relation", "subject": "the clock"}, {"caption": "the clock on wall", "predicate": "on", "target": {"coordinates": [-0.65673828125, 226.73037719727, 742.73022460938, 178.23864746094]}, "name": 3129, "source": {"coordinates": [467.45336914062, 5.5723037719727, 48.152099609375, 52.587310791016]}, "seconds": 130.375, "object": "wall", "type": "relation", "subject": "the clock"}, {"caption": "the clock on wall", "predicate": "on", "target": {"coordinates": [523.32543945312, 13.595825195312, 210.31164550781, 382.04693603516]}, "name": 3129, "source": {"coordinates": [467.45336914062, 5.5723037719727, 48.152099609375, 52.587310791016]}, "seconds": 130.375, "object": "wall", "type": "relation", "subject": "the clock"}, {"caption": "the clock on wall", "predicate": "on", "target": {"coordinates": [364.39056396484, 124.04991912842, 276.19409179688, 254.77423095703]}, "name": 3129, "source": {"coordinates": [467.45336914062, 5.5723037719727, 48.152099609375, 52.587310791016]}, "seconds": 130.375, "object": "wall", "type": "relation", "subject": "the clock"}, {"caption": "the clock on wall", "predicate": "on", "target": {"coordinates": [-7.4202880859375, 23.659851074219, 297.19778442383, 364.1842956543]}, "name": 3129, "source": {"coordinates": [467.45336914062, 5.5723037719727, 48.152099609375, 52.587310791016]}, "seconds": 130.375, "object": "wall", "type": "relation", "subject": "the clock"}, {"caption": "the clock on wall", "predicate": "on", "target": {"coordinates": [-18.176391601562, 2.4810943603516, 713.30718994141, 186.8660736084]}, "name": 3129, "source": {"coordinates": [467.45336914062, 5.5723037719727, 48.152099609375, 52.587310791016]}, "seconds": 130.375, "object": "wall", "type": "relation", "subject": "the clock"}, {"caption": "the clock on wall", "predicate": "on", "target": {"coordinates": [575.3359375, 38.339900970459, 54.490600585938, 60.077320098877]}, "name": 3129, "source": {"coordinates": [467.45336914062, 5.5723037719727, 48.152099609375, 52.587310791016]}, "seconds": 130.375, "object": "wall", "type": "relation", "subject": "the clock"}, {"caption": "the clock on wall", "predicate": "on", "target": {"coordinates": [125.33433532715, 6.2267246246338, 44.727111816406, 32.68155670166]}, "name": 3129, "source": {"coordinates": [467.45336914062, 5.5723037719727, 48.152099609375, 52.587310791016]}, "seconds": 130.375, "object": "wall", "type": "relation", "subject": "the clock"}, {"caption": "the clock on wall", "predicate": "on", "target": {"coordinates": [266.33819580078, 246.29136657715, 54.631164550781, 62.59587097168]}, "name": 3129, "source": {"coordinates": [467.45336914062, 5.5723037719727, 48.152099609375, 52.587310791016]}, "seconds": 130.375, "object": "wall", "type": "relation", "subject": "the clock"}, {"caption": "the clock on wall", "predicate": "on", "target": {"coordinates": [562.1005859375, 3.3903617858887, 49.763305664062, 36.716693878174]}, "name": 3129, "source": {"coordinates": [467.45336914062, 5.5723037719727, 48.152099609375, 52.587310791016]}, "seconds": 130.375, "object": "wall", "type": "relation", "subject": "the clock"}, {"caption": "the clock on wall", "predicate": "on", "target": {"coordinates": [364.57263183594, 2.7182331085205, 47.863830566406, 48.742034912109]}, "name": 3129, "source": {"coordinates": [467.45336914062, 5.5723037719727, 48.152099609375, 52.587310791016]}, "seconds": 130.375, "object": "wall", "type": "relation", "subject": "the clock"}, {"caption": "the handle on table", "predicate": "on", "target": {"coordinates": [616.837890625, 106.43700408936, 103.13610839844, 143.50439453125]}, "name": 3129, "source": {"coordinates": [467.45336914062, 5.5723037719727, 48.152099609375, 52.587310791016]}, "seconds": 130.375, "object": "table", "type": "relation", "subject": "the handle"}, {"caption": "the handle on table", "predicate": "on", "target": {"coordinates": [4.7065277099609, 69.236213684082, 77.037658691406, 169.63284301758]}, "name": 3129, "source": {"coordinates": [266.33819580078, 246.29136657715, 54.631164550781, 62.59587097168]}, "seconds": 130.375, "object": "table", "type": "relation", "subject": "the handle"}, {"caption": "the light on table", "predicate": "on", "target": {"coordinates": [-0.65673828125, 226.73037719727, 742.73022460938, 178.23864746094]}, "name": 3129, "source": {"coordinates": [266.33819580078, 246.29136657715, 54.631164550781, 62.59587097168]}, "seconds": 130.375, "object": "table", "type": "relation", "subject": "the light"}, {"caption": "the hand on table", "predicate": "on", "target": {"coordinates": [523.32543945312, 13.595825195312, 210.31164550781, 382.04693603516]}, "name": 3129, "source": {"coordinates": [266.33819580078, 246.29136657715, 54.631164550781, 62.59587097168]}, "seconds": 130.375, "object": "table", "type": "relation", "subject": "the hand"}, {"caption": "the hand on a man", "predicate": "on", "target": {"coordinates": [364.39056396484, 124.04991912842, 276.19409179688, 254.77423095703]}, "name": 3129, "source": {"coordinates": [266.33819580078, 246.29136657715, 54.631164550781, 62.59587097168]}, "seconds": 130.375, "object": "a man", "type": "relation", "subject": "the hand"}, {"caption": "the light on wall", "predicate": "on", "target": {"coordinates": [-7.4202880859375, 23.659851074219, 297.19778442383, 364.1842956543]}, "name": 3129, "source": {"coordinates": [266.33819580078, 246.29136657715, 54.631164550781, 62.59587097168]}, "seconds": 130.375, "object": "wall", "type": "relation", "subject": "the light"}, {"caption": "the light on wall", "predicate": "on", "target": {"coordinates": [-18.176391601562, 2.4810943603516, 713.30718994141, 186.8660736084]}, "name": 3129, "source": {"coordinates": [266.33819580078, 246.29136657715, 54.631164550781, 62.59587097168]}, "seconds": 130.375, "object": "wall", "type": "relation", "subject": "the light"}, {"caption": "the light on wall", "predicate": "on", "target": {"coordinates": [575.3359375, 38.339900970459, 54.490600585938, 60.077320098877]}, "name": 3129, "source": {"coordinates": [266.33819580078, 246.29136657715, 54.631164550781, 62.59587097168]}, "seconds": 130.375, "object": "wall", "type": "relation", "subject": "the light"}, {"caption": "the light on wall", "predicate": "on", "target": {"coordinates": [125.33433532715, 6.2267246246338, 44.727111816406, 32.68155670166]}, "name": 3129, "source": {"coordinates": [266.33819580078, 246.29136657715, 54.631164550781, 62.59587097168]}, "seconds": 130.375, "object": "wall", "type": "relation", "subject": "the light"}, {"caption": "the light on white wall", "predicate": "on", "target": {"coordinates": [467.45336914062, 5.5723037719727, 48.152099609375, 52.587310791016]}, "name": 3129, "source": {"coordinates": [266.33819580078, 246.29136657715, 54.631164550781, 62.59587097168]}, "seconds": 130.375, "object": "white wall", "type": "relation", "subject": "the light"}, {"caption": "the light on wall", "predicate": "on", "target": {"coordinates": [562.1005859375, 3.3903617858887, 49.763305664062, 36.716693878174]}, "name": 3129, "source": {"coordinates": [266.33819580078, 246.29136657715, 54.631164550781, 62.59587097168]}, "seconds": 130.375, "object": "wall", "type": "relation", "subject": "the light"}, {"caption": "the hand on table", "predicate": "on", "target": {"coordinates": [364.57263183594, 2.7182331085205, 47.863830566406, 48.742034912109]}, "name": 3129, "source": {"coordinates": [266.33819580078, 246.29136657715, 54.631164550781, 62.59587097168]}, "seconds": 130.375, "object": "table", "type": "relation", "subject": "the hand"}, {"caption": "the window on wall", "predicate": "on", "target": {"coordinates": [616.837890625, 106.43700408936, 103.13610839844, 143.50439453125]}, "name": 3129, "source": {"coordinates": [266.33819580078, 246.29136657715, 54.631164550781, 62.59587097168]}, "seconds": 130.375, "object": "wall", "type": "relation", "subject": "the window"}, {"caption": "the window on wall", "predicate": "on", "target": {"coordinates": [4.7065277099609, 69.236213684082, 77.037658691406, 169.63284301758]}, "name": 3129, "source": {"coordinates": [562.1005859375, 3.3903617858887, 49.763305664062, 36.716693878174]}, "seconds": 130.375, "object": "wall", "type": "relation", "subject": "the window"}, {"caption": "the window on wall", "predicate": "on", "target": {"coordinates": [-0.65673828125, 226.73037719727, 742.73022460938, 178.23864746094]}, "name": 3129, "source": {"coordinates": [562.1005859375, 3.3903617858887, 49.763305664062, 36.716693878174]}, "seconds": 130.375, "object": "wall", "type": "relation", "subject": "the window"}, {"caption": "the window on wall", "predicate": "on", "target": {"coordinates": [523.32543945312, 13.595825195312, 210.31164550781, 382.04693603516]}, "name": 3129, "source": {"coordinates": [562.1005859375, 3.3903617858887, 49.763305664062, 36.716693878174]}, "seconds": 130.375, "object": "wall", "type": "relation", "subject": "the window"}, {"caption": "the window on wall", "predicate": "on", "target": {"coordinates": [364.39056396484, 124.04991912842, 276.19409179688, 254.77423095703]}, "name": 3129, "source": {"coordinates": [562.1005859375, 3.3903617858887, 49.763305664062, 36.716693878174]}, "seconds": 130.375, "object": "wall", "type": "relation", "subject": "the window"}, {"caption": "the window on wall", "predicate": "on", "target": {"coordinates": [-7.4202880859375, 23.659851074219, 297.19778442383, 364.1842956543]}, "name": 3129, "source": {"coordinates": [562.1005859375, 3.3903617858887, 49.763305664062, 36.716693878174]}, "seconds": 130.375, "object": "wall", "type": "relation", "subject": "the window"}, {"caption": "the window on wall", "predicate": "on", "target": {"coordinates": [-18.176391601562, 2.4810943603516, 713.30718994141, 186.8660736084]}, "name": 3129, "source": {"coordinates": [562.1005859375, 3.3903617858887, 49.763305664062, 36.716693878174]}, "seconds": 130.375, "object": "wall", "type": "relation", "subject": "the window"}, {"caption": "the window on wall", "predicate": "on", "target": {"coordinates": [575.3359375, 38.339900970459, 54.490600585938, 60.077320098877]}, "name": 3129, "source": {"coordinates": [562.1005859375, 3.3903617858887, 49.763305664062, 36.716693878174]}, "seconds": 130.375, "object": "wall", "type": "relation", "subject": "the window"}, {"caption": "the window has white window", "predicate": "has", "target": {"coordinates": [125.33433532715, 6.2267246246338, 44.727111816406, 32.68155670166]}, "name": 3129, "source": {"coordinates": [562.1005859375, 3.3903617858887, 49.763305664062, 36.716693878174]}, "seconds": 130.375, "object": "white window", "type": "relation", "subject": "the window"}, {"caption": "the window has white", "predicate": "has", "target": {"coordinates": [467.45336914062, 5.5723037719727, 48.152099609375, 52.587310791016]}, "name": 3129, "source": {"coordinates": [562.1005859375, 3.3903617858887, 49.763305664062, 36.716693878174]}, "seconds": 130.375, "object": "white", "type": "relation", "subject": "the window"}, {"caption": "the window on white wall", "predicate": "on", "target": {"coordinates": [266.33819580078, 246.29136657715, 54.631164550781, 62.59587097168]}, "name": 3129, "source": {"coordinates": [562.1005859375, 3.3903617858887, 49.763305664062, 36.716693878174]}, "seconds": 130.375, "object": "white wall", "type": "relation", "subject": "the window"}, {"caption": "the window on wall", "predicate": "on", "target": {"coordinates": [364.57263183594, 2.7182331085205, 47.863830566406, 48.742034912109]}, "name": 3129, "source": {"coordinates": [562.1005859375, 3.3903617858887, 49.763305664062, 36.716693878174]}, "seconds": 130.375, "object": "wall", "type": "relation", "subject": "the window"}, {"caption": "the light on wall", "predicate": "on", "target": {"coordinates": [616.837890625, 106.43700408936, 103.13610839844, 143.50439453125]}, "name": 3129, "source": {"coordinates": [562.1005859375, 3.3903617858887, 49.763305664062, 36.716693878174]}, "seconds": 130.375, "object": "wall", "type": "relation", "subject": "the light"}, {"caption": "the light on wall", "predicate": "on", "target": {"coordinates": [4.7065277099609, 69.236213684082, 77.037658691406, 169.63284301758]}, "name": 3129, "source": {"coordinates": [364.57263183594, 2.7182331085205, 47.863830566406, 48.742034912109]}, "seconds": 130.375, "object": "wall", "type": "relation", "subject": "the light"}, {"caption": "the light on wall", "predicate": "on", "target": {"coordinates": [-0.65673828125, 226.73037719727, 742.73022460938, 178.23864746094]}, "name": 3129, "source": {"coordinates": [364.57263183594, 2.7182331085205, 47.863830566406, 48.742034912109]}, "seconds": 130.375, "object": "wall", "type": "relation", "subject": "the light"}, {"caption": "the light on wall", "predicate": "on", "target": {"coordinates": [523.32543945312, 13.595825195312, 210.31164550781, 382.04693603516]}, "name": 3129, "source": {"coordinates": [364.57263183594, 2.7182331085205, 47.863830566406, 48.742034912109]}, "seconds": 130.375, "object": "wall", "type": "relation", "subject": "the light"}, {"caption": "the light on wall", "predicate": "on", "target": {"coordinates": [364.39056396484, 124.04991912842, 276.19409179688, 254.77423095703]}, "name": 3129, "source": {"coordinates": [364.57263183594, 2.7182331085205, 47.863830566406, 48.742034912109]}, "seconds": 130.375, "object": "wall", "type": "relation", "subject": "the light"}, {"caption": "the light on wall", "predicate": "on", "target": {"coordinates": [-7.4202880859375, 23.659851074219, 297.19778442383, 364.1842956543]}, "name": 3129, "source": {"coordinates": [364.57263183594, 2.7182331085205, 47.863830566406, 48.742034912109]}, "seconds": 130.375, "object": "wall", "type": "relation", "subject": "the light"}, {"caption": "the window on wall", "predicate": "on", "target": {"coordinates": [-18.176391601562, 2.4810943603516, 713.30718994141, 186.8660736084]}, "name": 3129, "source": {"coordinates": [364.57263183594, 2.7182331085205, 47.863830566406, 48.742034912109]}, "seconds": 130.375, "object": "wall", "type": "relation", "subject": "the window"}, {"caption": "the light on wall", "predicate": "on", "target": {"coordinates": [575.3359375, 38.339900970459, 54.490600585938, 60.077320098877]}, "name": 3129, "source": {"coordinates": [364.57263183594, 2.7182331085205, 47.863830566406, 48.742034912109]}, "seconds": 130.375, "object": "wall", "type": "relation", "subject": "the light"}, {"caption": "the light on wall", "predicate": "on", "target": {"coordinates": [125.33433532715, 6.2267246246338, 44.727111816406, 32.68155670166]}, "name": 3129, "source": {"coordinates": [364.57263183594, 2.7182331085205, 47.863830566406, 48.742034912109]}, "seconds": 130.375, "object": "wall", "type": "relation", "subject": "the light"}, {"caption": "the light on wall", "predicate": "on", "target": {"coordinates": [467.45336914062, 5.5723037719727, 48.152099609375, 52.587310791016]}, "name": 3129, "source": {"coordinates": [364.57263183594, 2.7182331085205, 47.863830566406, 48.742034912109]}, "seconds": 130.375, "object": "wall", "type": "relation", "subject": "the light"}, {"caption": "the light on wall", "predicate": "on", "target": {"coordinates": [266.33819580078, 246.29136657715, 54.631164550781, 62.59587097168]}, "name": 3129, "source": {"coordinates": [364.57263183594, 2.7182331085205, 47.863830566406, 48.742034912109]}, "seconds": 130.375, "object": "wall", "type": "relation", "subject": "the light"}, {"caption": "the light on wall", "predicate": "on", "target": {"coordinates": [562.1005859375, 3.3903617858887, 49.763305664062, 36.716693878174]}, "name": 3129, "source": {"coordinates": [364.57263183594, 2.7182331085205, 47.863830566406, 48.742034912109]}, "seconds": 130.375, "object": "wall", "type": "relation", "subject": "the light"}, {"caption": "the man wearing black shirt", "predicate": "wearing", "target": {"coordinates": [616.837890625, 106.43700408936, 103.13610839844, 143.50439453125]}, "name": 3129, "source": {"coordinates": [364.57263183594, 2.7182331085205, 47.863830566406, 48.742034912109]}, "seconds": 130.375, "object": "black shirt", "type": "relation", "subject": "the man"}, {"caption": "the man wearing black shirt", "predicate": "wearing", "target": {"coordinates": [4.7065277099609, 69.236213684082, 77.037658691406, 169.63284301758]}, "name": 3129, "source": {"coordinates": [616.837890625, 106.43700408936, 103.13610839844, 143.50439453125]}, "seconds": 130.375, "object": "black shirt", "type": "relation", "subject": "the man"}, {"caption": "the man on table", "predicate": "on", "target": {"coordinates": [-0.65673828125, 226.73037719727, 742.73022460938, 178.23864746094]}, "name": 3129, "source": {"coordinates": [616.837890625, 106.43700408936, 103.13610839844, 143.50439453125]}, "seconds": 130.375, "object": "table", "type": "relation", "subject": "the man"}, {"caption": "the man in room", "predicate": "in", "target": {"coordinates": [523.32543945312, 13.595825195312, 210.31164550781, 382.04693603516]}, "name": 3129, "source": {"coordinates": [616.837890625, 106.43700408936, 103.13610839844, 143.50439453125]}, "seconds": 130.375, "object": "room", "type": "relation", "subject": "the man"}, {"caption": "the man wearing black shirt", "predicate": "wearing", "target": {"coordinates": [364.39056396484, 124.04991912842, 276.19409179688, 254.77423095703]}, "name": 3129, "source": {"coordinates": [616.837890625, 106.43700408936, 103.13610839844, 143.50439453125]}, "seconds": 130.375, "object": "black shirt", "type": "relation", "subject": "the man"}, {"caption": "the man in room", "predicate": "in", "target": {"coordinates": [-7.4202880859375, 23.659851074219, 297.19778442383, 364.1842956543]}, "name": 3129, "source": {"coordinates": [616.837890625, 106.43700408936, 103.13610839844, 143.50439453125]}, "seconds": 130.375, "object": "room", "type": "relation", "subject": "the man"}, {"caption": "the man in room", "predicate": "in", "target": {"coordinates": [-18.176391601562, 2.4810943603516, 713.30718994141, 186.8660736084]}, "name": 3129, "source": {"coordinates": [616.837890625, 106.43700408936, 103.13610839844, 143.50439453125]}, "seconds": 130.375, "object": "room", "type": "relation", "subject": "the man"}, {"caption": "the man wearing black shirt", "predicate": "wearing", "target": {"coordinates": [575.3359375, 38.339900970459, 54.490600585938, 60.077320098877]}, "name": 3129, "source": {"coordinates": [616.837890625, 106.43700408936, 103.13610839844, 143.50439453125]}, "seconds": 130.375, "object": "black shirt", "type": "relation", "subject": "the man"}, {"caption": "the man has a white wall", "predicate": "has", "target": {"coordinates": [125.33433532715, 6.2267246246338, 44.727111816406, 32.68155670166]}, "name": 3129, "source": {"coordinates": [616.837890625, 106.43700408936, 103.13610839844, 143.50439453125]}, "seconds": 130.375, "object": "a white wall", "type": "relation", "subject": "the man"}, {"caption": "the man has a white shirt", "predicate": "has", "target": {"coordinates": [467.45336914062, 5.5723037719727, 48.152099609375, 52.587310791016]}, "name": 3129, "source": {"coordinates": [616.837890625, 106.43700408936, 103.13610839844, 143.50439453125]}, "seconds": 130.375, "object": "a white shirt", "type": "relation", "subject": "the man"}, {"caption": "the man holding black umbrella", "predicate": "holding", "target": {"coordinates": [266.33819580078, 246.29136657715, 54.631164550781, 62.59587097168]}, "name": 3129, "source": {"coordinates": [616.837890625, 106.43700408936, 103.13610839844, 143.50439453125]}, "seconds": 130.375, "object": "black umbrella", "type": "relation", "subject": "the man"}, {"caption": "the man in room", "predicate": "in", "target": {"coordinates": [562.1005859375, 3.3903617858887, 49.763305664062, 36.716693878174]}, "name": 3129, "source": {"coordinates": [616.837890625, 106.43700408936, 103.13610839844, 143.50439453125]}, "seconds": 130.375, "object": "room", "type": "relation", "subject": "the man"}, {"caption": "the man in a white wall", "predicate": "in", "target": {"coordinates": [364.57263183594, 2.7182331085205, 47.863830566406, 48.742034912109]}, "name": 3129, "source": {"coordinates": [616.837890625, 106.43700408936, 103.13610839844, 143.50439453125]}, "seconds": 130.375, "object": "a white wall", "type": "relation", "subject": "the man"}]