[{"caption": "the man in room", "predicate": "in", "target": {"coordinates": [5.1141586303711, 31.98161315918, 141.29614257812, 374.66131591797]}, "name": 3483, "source": {"coordinates": [232.40367126465, 25.675216674805, 178.50477600098, 381.87225341797]}, "seconds": 145.125, "object": "room", "type": "relation", "subject": "the man"}, {"caption": "the man wearing black shirt", "predicate": "wearing", "target": {"coordinates": [351.23361206055, 7.4689636230469, 354.66934204102, 403.42797851562]}, "name": 3483, "source": {"coordinates": [232.40367126465, 25.675216674805, 178.50477600098, 381.87225341797]}, "seconds": 145.125, "object": "black shirt", "type": "relation", "subject": "the man"}, {"caption": "the man wearing black shirt", "predicate": "wearing", "target": {"coordinates": [452.11181640625, 277.84991455078, 139.40246582031, 123.49456787109]}, "name": 3483, "source": {"coordinates": [232.40367126465, 25.675216674805, 178.50477600098, 381.87225341797]}, "seconds": 145.125, "object": "black shirt", "type": "relation", "subject": "the man"}, {"caption": "the man wearing black shirt", "predicate": "wearing", "target": {"coordinates": [1.1932983398438, 0.31525421142578, 668.42572021484, 193.64794921875]}, "name": 3483, "source": {"coordinates": [232.40367126465, 25.675216674805, 178.50477600098, 381.87225341797]}, "seconds": 145.125, "object": "black shirt", "type": "relation", "subject": "the man"}, {"caption": "the man wearing white shirt", "predicate": "wearing", "target": {"coordinates": [261.00280761719, 162.67303466797, 36.593017578125, 46.68798828125]}, "name": 3483, "source": {"coordinates": [232.40367126465, 25.675216674805, 178.50477600098, 381.87225341797]}, "seconds": 145.125, "object": "white shirt", "type": "relation", "subject": "the man"}, {"caption": "the man wearing blue shirt", "predicate": "wearing", "target": {"coordinates": [497.6745300293, 89.157730102539, 97.360443115234, 224.50889587402]}, "name": 3483, "source": {"coordinates": [232.40367126465, 25.675216674805, 178.50477600098, 381.87225341797]}, "seconds": 145.125, "object": "blue shirt", "type": "relation", "subject": "the man"}, {"caption": "the man wearing blue shirt", "predicate": "wearing", "target": {"coordinates": [232.40367126465, 25.675216674805, 178.50477600098, 381.87225341797]}, "name": 3483, "source": {"coordinates": [5.1141586303711, 31.98161315918, 141.29614257812, 374.66131591797]}, "seconds": 145.125, "object": "blue shirt", "type": "relation", "subject": "the man"}, {"caption": "the man in room", "predicate": "in", "target": {"coordinates": [351.23361206055, 7.4689636230469, 354.66934204102, 403.42797851562]}, "name": 3483, "source": {"coordinates": [5.1141586303711, 31.98161315918, 141.29614257812, 374.66131591797]}, "seconds": 145.125, "object": "room", "type": "relation", "subject": "the man"}, {"caption": "the man wearing black shirt", "predicate": "wearing", "target": {"coordinates": [452.11181640625, 277.84991455078, 139.40246582031, 123.49456787109]}, "name": 3483, "source": {"coordinates": [5.1141586303711, 31.98161315918, 141.29614257812, 374.66131591797]}, "seconds": 145.125, "object": "black shirt", "type": "relation", "subject": "the man"}, {"caption": "the man wearing black shirt", "predicate": "wearing", "target": {"coordinates": [1.1932983398438, 0.31525421142578, 668.42572021484, 193.64794921875]}, "name": 3483, "source": {"coordinates": [5.1141586303711, 31.98161315918, 141.29614257812, 374.66131591797]}, "seconds": 145.125, "object": "black shirt", "type": "relation", "subject": "the man"}, {"caption": "the man wearing blue shirt", "predicate": "wearing", "target": {"coordinates": [261.00280761719, 162.67303466797, 36.593017578125, 46.68798828125]}, "name": 3483, "source": {"coordinates": [5.1141586303711, 31.98161315918, 141.29614257812, 374.66131591797]}, "seconds": 145.125, "object": "blue shirt", "type": "relation", "subject": "the man"}, {"caption": "the man wearing white shirt", "predicate": "wearing", "target": {"coordinates": [497.6745300293, 89.157730102539, 97.360443115234, 224.50889587402]}, "name": 3483, "source": {"coordinates": [5.1141586303711, 31.98161315918, 141.29614257812, 374.66131591797]}, "seconds": 145.125, "object": "white shirt", "type": "relation", "subject": "the man"}, {"caption": "the man wearing white shirt", "predicate": "wearing", "target": {"coordinates": [232.40367126465, 25.675216674805, 178.50477600098, 381.87225341797]}, "name": 3483, "source": {"coordinates": [351.23361206055, 7.4689636230469, 354.66934204102, 403.42797851562]}, "seconds": 145.125, "object": "white shirt", "type": "relation", "subject": "the man"}, {"caption": "the man in room", "predicate": "in", "target": {"coordinates": [5.1141586303711, 31.98161315918, 141.29614257812, 374.66131591797]}, "name": 3483, "source": {"coordinates": [351.23361206055, 7.4689636230469, 354.66934204102, 403.42797851562]}, "seconds": 145.125, "object": "room", "type": "relation", "subject": "the man"}, {"caption": "the man in room", "predicate": "in", "target": {"coordinates": [452.11181640625, 277.84991455078, 139.40246582031, 123.49456787109]}, "name": 3483, "source": {"coordinates": [351.23361206055, 7.4689636230469, 354.66934204102, 403.42797851562]}, "seconds": 145.125, "object": "room", "type": "relation", "subject": "the man"}, {"caption": "the man wearing white shirt", "predicate": "wearing", "target": {"coordinates": [1.1932983398438, 0.31525421142578, 668.42572021484, 193.64794921875]}, "name": 3483, "source": {"coordinates": [351.23361206055, 7.4689636230469, 354.66934204102, 403.42797851562]}, "seconds": 145.125, "object": "white shirt", "type": "relation", "subject": "the man"}, {"caption": "the man wearing white shirt", "predicate": "wearing", "target": {"coordinates": [261.00280761719, 162.67303466797, 36.593017578125, 46.68798828125]}, "name": 3483, "source": {"coordinates": [351.23361206055, 7.4689636230469, 354.66934204102, 403.42797851562]}, "seconds": 145.125, "object": "white shirt", "type": "relation", "subject": "the man"}, {"caption": "the man wearing white shirt", "predicate": "wearing", "target": {"coordinates": [497.6745300293, 89.157730102539, 97.360443115234, 224.50889587402]}, "name": 3483, "source": {"coordinates": [351.23361206055, 7.4689636230469, 354.66934204102, 403.42797851562]}, "seconds": 145.125, "object": "white shirt", "type": "relation", "subject": "the man"}, {"caption": "the man wearing white shirt", "predicate": "wearing", "target": {"coordinates": [232.40367126465, 25.675216674805, 178.50477600098, 381.87225341797]}, "name": 3483, "source": {"coordinates": [452.11181640625, 277.84991455078, 139.40246582031, 123.49456787109]}, "seconds": 145.125, "object": "white shirt", "type": "relation", "subject": "the man"}, {"caption": "the man in room", "predicate": "in", "target": {"coordinates": [5.1141586303711, 31.98161315918, 141.29614257812, 374.66131591797]}, "name": 3483, "source": {"coordinates": [452.11181640625, 277.84991455078, 139.40246582031, 123.49456787109]}, "seconds": 145.125, "object": "room", "type": "relation", "subject": "the man"}, {"caption": "the man in white shirt", "predicate": "in", "target": {"coordinates": [351.23361206055, 7.4689636230469, 354.66934204102, 403.42797851562]}, "name": 3483, "source": {"coordinates": [452.11181640625, 277.84991455078, 139.40246582031, 123.49456787109]}, "seconds": 145.125, "object": "white shirt", "type": "relation", "subject": "the man"}, {"caption": "the man wearing white shirt", "predicate": "wearing", "target": {"coordinates": [1.1932983398438, 0.31525421142578, 668.42572021484, 193.64794921875]}, "name": 3483, "source": {"coordinates": [452.11181640625, 277.84991455078, 139.40246582031, 123.49456787109]}, "seconds": 145.125, "object": "white shirt", "type": "relation", "subject": "the man"}, {"caption": "the man wearing white shirt", "predicate": "wearing", "target": {"coordinates": [261.00280761719, 162.67303466797, 36.593017578125, 46.68798828125]}, "name": 3483, "source": {"coordinates": [452.11181640625, 277.84991455078, 139.40246582031, 123.49456787109]}, "seconds": 145.125, "object": "white shirt", "type": "relation", "subject": "the man"}, {"caption": "the man wearing white shirt", "predicate": "wearing", "target": {"coordinates": [497.6745300293, 89.157730102539, 97.360443115234, 224.50889587402]}, "name": 3483, "source": {"coordinates": [452.11181640625, 277.84991455078, 139.40246582031, 123.49456787109]}, "seconds": 145.125, "object": "white shirt", "type": "relation", "subject": "the man"}, {"caption": "the man wearing white shirt", "predicate": "wearing", "target": {"coordinates": [232.40367126465, 25.675216674805, 178.50477600098, 381.87225341797]}, "name": 3483, "source": {"coordinates": [1.1932983398438, 0.31525421142578, 668.42572021484, 193.64794921875]}, "seconds": 145.125, "object": "white shirt", "type": "relation", "subject": "the man"}, {"caption": "the man in room", "predicate": "in", "target": {"coordinates": [5.1141586303711, 31.98161315918, 141.29614257812, 374.66131591797]}, "name": 3483, "source": {"coordinates": [1.1932983398438, 0.31525421142578, 668.42572021484, 193.64794921875]}, "seconds": 145.125, "object": "room", "type": "relation", "subject": "the man"}, {"caption": "the window on wall", "predicate": "on", "target": {"coordinates": [351.23361206055, 7.4689636230469, 354.66934204102, 403.42797851562]}, "name": 3483, "source": {"coordinates": [1.1932983398438, 0.31525421142578, 668.42572021484, 193.64794921875]}, "seconds": 145.125, "object": "wall", "type": "relation", "subject": "the window"}, {"caption": "the man wearing white shirt", "predicate": "wearing", "target": {"coordinates": [452.11181640625, 277.84991455078, 139.40246582031, 123.49456787109]}, "name": 3483, "source": {"coordinates": [1.1932983398438, 0.31525421142578, 668.42572021484, 193.64794921875]}, "seconds": 145.125, "object": "white shirt", "type": "relation", "subject": "the man"}, {"caption": "the man wearing white shirt", "predicate": "wearing", "target": {"coordinates": [261.00280761719, 162.67303466797, 36.593017578125, 46.68798828125]}, "name": 3483, "source": {"coordinates": [1.1932983398438, 0.31525421142578, 668.42572021484, 193.64794921875]}, "seconds": 145.125, "object": "white shirt", "type": "relation", "subject": "the man"}, {"caption": "the hand on white shirt", "predicate": "on", "target": {"coordinates": [497.6745300293, 89.157730102539, 97.360443115234, 224.50889587402]}, "name": 3483, "source": {"coordinates": [1.1932983398438, 0.31525421142578, 668.42572021484, 193.64794921875]}, "seconds": 145.125, "object": "white shirt", "type": "relation", "subject": "the hand"}, {"caption": "the hand on white shirt", "predicate": "on", "target": {"coordinates": [232.40367126465, 25.675216674805, 178.50477600098, 381.87225341797]}, "name": 3483, "source": {"coordinates": [261.00280761719, 162.67303466797, 36.593017578125, 46.68798828125]}, "seconds": 145.125, "object": "white shirt", "type": "relation", "subject": "the hand"}, {"caption": "the man in room", "predicate": "in", "target": {"coordinates": [5.1141586303711, 31.98161315918, 141.29614257812, 374.66131591797]}, "name": 3483, "source": {"coordinates": [261.00280761719, 162.67303466797, 36.593017578125, 46.68798828125]}, "seconds": 145.125, "object": "room", "type": "relation", "subject": "the man"}, {"caption": "the light on wall", "predicate": "on", "target": {"coordinates": [351.23361206055, 7.4689636230469, 354.66934204102, 403.42797851562]}, "name": 3483, "source": {"coordinates": [261.00280761719, 162.67303466797, 36.593017578125, 46.68798828125]}, "seconds": 145.125, "object": "wall", "type": "relation", "subject": "the light"}, {"caption": "the light on wall", "predicate": "on", "target": {"coordinates": [452.11181640625, 277.84991455078, 139.40246582031, 123.49456787109]}, "name": 3483, "source": {"coordinates": [261.00280761719, 162.67303466797, 36.593017578125, 46.68798828125]}, "seconds": 145.125, "object": "wall", "type": "relation", "subject": "the light"}, {"caption": "the light on wall", "predicate": "on", "target": {"coordinates": [1.1932983398438, 0.31525421142578, 668.42572021484, 193.64794921875]}, "name": 3483, "source": {"coordinates": [261.00280761719, 162.67303466797, 36.593017578125, 46.68798828125]}, "seconds": 145.125, "object": "wall", "type": "relation", "subject": "the light"}, {"caption": "the man wearing white shirt", "predicate": "wearing", "target": {"coordinates": [497.6745300293, 89.157730102539, 97.360443115234, 224.50889587402]}, "name": 3483, "source": {"coordinates": [261.00280761719, 162.67303466797, 36.593017578125, 46.68798828125]}, "seconds": 145.125, "object": "white shirt", "type": "relation", "subject": "the man"}, {"caption": "the man wearing white shirt", "predicate": "wearing", "target": {"coordinates": [232.40367126465, 25.675216674805, 178.50477600098, 381.87225341797]}, "name": 3483, "source": {"coordinates": [497.6745300293, 89.157730102539, 97.360443115234, 224.50889587402]}, "seconds": 145.125, "object": "white shirt", "type": "relation", "subject": "the man"}, {"caption": "the man in a room", "predicate": "in", "target": {"coordinates": [5.1141586303711, 31.98161315918, 141.29614257812, 374.66131591797]}, "name": 3483, "source": {"coordinates": [497.6745300293, 89.157730102539, 97.360443115234, 224.50889587402]}, "seconds": 145.125, "object": "a room", "type": "relation", "subject": "the man"}, {"caption": "the man in white shirt", "predicate": "in", "target": {"coordinates": [351.23361206055, 7.4689636230469, 354.66934204102, 403.42797851562]}, "name": 3483, "source": {"coordinates": [497.6745300293, 89.157730102539, 97.360443115234, 224.50889587402]}, "seconds": 145.125, "object": "white shirt", "type": "relation", "subject": "the man"}, {"caption": "the man wearing blue shirt", "predicate": "wearing", "target": {"coordinates": [452.11181640625, 277.84991455078, 139.40246582031, 123.49456787109]}, "name": 3483, "source": {"coordinates": [497.6745300293, 89.157730102539, 97.360443115234, 224.50889587402]}, "seconds": 145.125, "object": "blue shirt", "type": "relation", "subject": "the man"}, {"caption": "the man in a room", "predicate": "in", "target": {"coordinates": [1.1932983398438, 0.31525421142578, 668.42572021484, 193.64794921875]}, "name": 3483, "source": {"coordinates": [497.6745300293, 89.157730102539, 97.360443115234, 224.50889587402]}, "seconds": 145.125, "object": "a room", "type": "relation", "subject": "the man"}, {"caption": "the man wearing white shirt", "predicate": "wearing", "target": {"coordinates": [261.00280761719, 162.67303466797, 36.593017578125, 46.68798828125]}, "name": 3483, "source": {"coordinates": [497.6745300293, 89.157730102539, 97.360443115234, 224.50889587402]}, "seconds": 145.125, "object": "white shirt", "type": "relation", "subject": "the man"}]