[{"caption": "the man wearing black shirt", "predicate": "wearing", "target": {"coordinates": [496.70571899414, 222.96865844727, 47.815887451172, 61.389373779297]}, "name": 3507, "source": {"coordinates": [86.093933105469, 10.66960144043, 356.03308105469, 401.56256103516]}, "seconds": 146.125, "object": "black shirt", "type": "relation", "subject": "the man"}, {"caption": "the man in a white shirt", "predicate": "in", "target": {"coordinates": [310.22213745117, 56.386642456055, 201.45684814453, 353.92041015625]}, "name": 3507, "source": {"coordinates": [86.093933105469, 10.66960144043, 356.03308105469, 401.56256103516]}, "seconds": 146.125, "object": "a white shirt", "type": "relation", "subject": "the man"}, {"caption": "the man wearing white shirt", "predicate": "wearing", "target": {"coordinates": [493.92132568359, 21.516815185547, 240.32897949219, 385.32891845703]}, "name": 3507, "source": {"coordinates": [86.093933105469, 10.66960144043, 356.03308105469, 401.56256103516]}, "seconds": 146.125, "object": "white shirt", "type": "relation", "subject": "the man"}, {"caption": "the man wearing white shirt", "predicate": "wearing", "target": {"coordinates": [323.21939086914, 303.99273681641, 41.950988769531, 48.832153320312]}, "name": 3507, "source": {"coordinates": [86.093933105469, 10.66960144043, 356.03308105469, 401.56256103516]}, "seconds": 146.125, "object": "white shirt", "type": "relation", "subject": "the man"}, {"caption": "the man holding white", "predicate": "holding", "target": {"coordinates": [147.4677734375, 8.2042541503906, 575.99908447266, 179.98846435547]}, "name": 3507, "source": {"coordinates": [86.093933105469, 10.66960144043, 356.03308105469, 401.56256103516]}, "seconds": 146.125, "object": "white", "type": "relation", "subject": "the man"}, {"caption": "the hand on wall", "predicate": "on", "target": {"coordinates": [478.06033325195, 216.5700378418, 43.909576416016, 97.57568359375]}, "name": 3507, "source": {"coordinates": [86.093933105469, 10.66960144043, 356.03308105469, 401.56256103516]}, "seconds": 146.125, "object": "wall", "type": "relation", "subject": "the hand"}, {"caption": "the hand on wall", "predicate": "on", "target": {"coordinates": [86.093933105469, 10.66960144043, 356.03308105469, 401.56256103516]}, "name": 3507, "source": {"coordinates": [496.70571899414, 222.96865844727, 47.815887451172, 61.389373779297]}, "seconds": 146.125, "object": "wall", "type": "relation", "subject": "the hand"}, {"caption": "the hand on white shirt", "predicate": "on", "target": {"coordinates": [310.22213745117, 56.386642456055, 201.45684814453, 353.92041015625]}, "name": 3507, "source": {"coordinates": [496.70571899414, 222.96865844727, 47.815887451172, 61.389373779297]}, "seconds": 146.125, "object": "white shirt", "type": "relation", "subject": "the hand"}, {"caption": "the hand holding white", "predicate": "holding", "target": {"coordinates": [493.92132568359, 21.516815185547, 240.32897949219, 385.32891845703]}, "name": 3507, "source": {"coordinates": [496.70571899414, 222.96865844727, 47.815887451172, 61.389373779297]}, "seconds": 146.125, "object": "white", "type": "relation", "subject": "the hand"}, {"caption": "the hand on wall", "predicate": "on", "target": {"coordinates": [323.21939086914, 303.99273681641, 41.950988769531, 48.832153320312]}, "name": 3507, "source": {"coordinates": [496.70571899414, 222.96865844727, 47.815887451172, 61.389373779297]}, "seconds": 146.125, "object": "wall", "type": "relation", "subject": "the hand"}, {"caption": "the hand on white", "predicate": "on", "target": {"coordinates": [147.4677734375, 8.2042541503906, 575.99908447266, 179.98846435547]}, "name": 3507, "source": {"coordinates": [496.70571899414, 222.96865844727, 47.815887451172, 61.389373779297]}, "seconds": 146.125, "object": "white", "type": "relation", "subject": "the hand"}, {"caption": "the man wearing white shirt", "predicate": "wearing", "target": {"coordinates": [478.06033325195, 216.5700378418, 43.909576416016, 97.57568359375]}, "name": 3507, "source": {"coordinates": [496.70571899414, 222.96865844727, 47.815887451172, 61.389373779297]}, "seconds": 146.125, "object": "white shirt", "type": "relation", "subject": "the man"}, {"caption": "the man wearing white shirt", "predicate": "wearing", "target": {"coordinates": [86.093933105469, 10.66960144043, 356.03308105469, 401.56256103516]}, "name": 3507, "source": {"coordinates": [310.22213745117, 56.386642456055, 201.45684814453, 353.92041015625]}, "seconds": 146.125, "object": "white shirt", "type": "relation", "subject": "the man"}, {"caption": "the man wearing white shirt", "predicate": "wearing", "target": {"coordinates": [496.70571899414, 222.96865844727, 47.815887451172, 61.389373779297]}, "name": 3507, "source": {"coordinates": [310.22213745117, 56.386642456055, 201.45684814453, 353.92041015625]}, "seconds": 146.125, "object": "white shirt", "type": "relation", "subject": "the man"}, {"caption": "the man wearing white shirt", "predicate": "wearing", "target": {"coordinates": [493.92132568359, 21.516815185547, 240.32897949219, 385.32891845703]}, "name": 3507, "source": {"coordinates": [310.22213745117, 56.386642456055, 201.45684814453, 353.92041015625]}, "seconds": 146.125, "object": "white shirt", "type": "relation", "subject": "the man"}, {"caption": "the man holding white", "predicate": "holding", "target": {"coordinates": [323.21939086914, 303.99273681641, 41.950988769531, 48.832153320312]}, "name": 3507, "source": {"coordinates": [310.22213745117, 56.386642456055, 201.45684814453, 353.92041015625]}, "seconds": 146.125, "object": "white", "type": "relation", "subject": "the man"}, {"caption": "the man wearing white shirt", "predicate": "wearing", "target": {"coordinates": [147.4677734375, 8.2042541503906, 575.99908447266, 179.98846435547]}, "name": 3507, "source": {"coordinates": [310.22213745117, 56.386642456055, 201.45684814453, 353.92041015625]}, "seconds": 146.125, "object": "white shirt", "type": "relation", "subject": "the man"}, {"caption": "the man wearing white shirt", "predicate": "wearing", "target": {"coordinates": [478.06033325195, 216.5700378418, 43.909576416016, 97.57568359375]}, "name": 3507, "source": {"coordinates": [310.22213745117, 56.386642456055, 201.45684814453, 353.92041015625]}, "seconds": 146.125, "object": "white shirt", "type": "relation", "subject": "the man"}, {"caption": "the man wearing white shirt", "predicate": "wearing", "target": {"coordinates": [86.093933105469, 10.66960144043, 356.03308105469, 401.56256103516]}, "name": 3507, "source": {"coordinates": [493.92132568359, 21.516815185547, 240.32897949219, 385.32891845703]}, "seconds": 146.125, "object": "white shirt", "type": "relation", "subject": "the man"}, {"caption": "the man wearing white shirt", "predicate": "wearing", "target": {"coordinates": [496.70571899414, 222.96865844727, 47.815887451172, 61.389373779297]}, "name": 3507, "source": {"coordinates": [493.92132568359, 21.516815185547, 240.32897949219, 385.32891845703]}, "seconds": 146.125, "object": "white shirt", "type": "relation", "subject": "the man"}, {"caption": "the man wearing blue shirt", "predicate": "wearing", "target": {"coordinates": [310.22213745117, 56.386642456055, 201.45684814453, 353.92041015625]}, "name": 3507, "source": {"coordinates": [493.92132568359, 21.516815185547, 240.32897949219, 385.32891845703]}, "seconds": 146.125, "object": "blue shirt", "type": "relation", "subject": "the man"}, {"caption": "the man wearing white shirt", "predicate": "wearing", "target": {"coordinates": [323.21939086914, 303.99273681641, 41.950988769531, 48.832153320312]}, "name": 3507, "source": {"coordinates": [493.92132568359, 21.516815185547, 240.32897949219, 385.32891845703]}, "seconds": 146.125, "object": "white shirt", "type": "relation", "subject": "the man"}, {"caption": "the man holding white", "predicate": "holding", "target": {"coordinates": [147.4677734375, 8.2042541503906, 575.99908447266, 179.98846435547]}, "name": 3507, "source": {"coordinates": [493.92132568359, 21.516815185547, 240.32897949219, 385.32891845703]}, "seconds": 146.125, "object": "white", "type": "relation", "subject": "the man"}, {"caption": "the hand on wall", "predicate": "on", "target": {"coordinates": [478.06033325195, 216.5700378418, 43.909576416016, 97.57568359375]}, "name": 3507, "source": {"coordinates": [493.92132568359, 21.516815185547, 240.32897949219, 385.32891845703]}, "seconds": 146.125, "object": "wall", "type": "relation", "subject": "the hand"}, {"caption": "the hand on wall", "predicate": "on", "target": {"coordinates": [86.093933105469, 10.66960144043, 356.03308105469, 401.56256103516]}, "name": 3507, "source": {"coordinates": [323.21939086914, 303.99273681641, 41.950988769531, 48.832153320312]}, "seconds": 146.125, "object": "wall", "type": "relation", "subject": "the hand"}, {"caption": "the hand holding white", "predicate": "holding", "target": {"coordinates": [496.70571899414, 222.96865844727, 47.815887451172, 61.389373779297]}, "name": 3507, "source": {"coordinates": [323.21939086914, 303.99273681641, 41.950988769531, 48.832153320312]}, "seconds": 146.125, "object": "white", "type": "relation", "subject": "the hand"}, {"caption": "the hand on wall", "predicate": "on", "target": {"coordinates": [310.22213745117, 56.386642456055, 201.45684814453, 353.92041015625]}, "name": 3507, "source": {"coordinates": [323.21939086914, 303.99273681641, 41.950988769531, 48.832153320312]}, "seconds": 146.125, "object": "wall", "type": "relation", "subject": "the hand"}, {"caption": "the hand on wall", "predicate": "on", "target": {"coordinates": [493.92132568359, 21.516815185547, 240.32897949219, 385.32891845703]}, "name": 3507, "source": {"coordinates": [323.21939086914, 303.99273681641, 41.950988769531, 48.832153320312]}, "seconds": 146.125, "object": "wall", "type": "relation", "subject": "the hand"}, {"caption": "the hand on white", "predicate": "on", "target": {"coordinates": [147.4677734375, 8.2042541503906, 575.99908447266, 179.98846435547]}, "name": 3507, "source": {"coordinates": [323.21939086914, 303.99273681641, 41.950988769531, 48.832153320312]}, "seconds": 146.125, "object": "white", "type": "relation", "subject": "the hand"}, {"caption": "the man wearing white shirt", "predicate": "wearing", "target": {"coordinates": [478.06033325195, 216.5700378418, 43.909576416016, 97.57568359375]}, "name": 3507, "source": {"coordinates": [323.21939086914, 303.99273681641, 41.950988769531, 48.832153320312]}, "seconds": 146.125, "object": "white shirt", "type": "relation", "subject": "the man"}, {"caption": "the man wearing white shirt", "predicate": "wearing", "target": {"coordinates": [86.093933105469, 10.66960144043, 356.03308105469, 401.56256103516]}, "name": 3507, "source": {"coordinates": [147.4677734375, 8.2042541503906, 575.99908447266, 179.98846435547]}, "seconds": 146.125, "object": "white shirt", "type": "relation", "subject": "the man"}, {"caption": "the man wearing white", "predicate": "wearing", "target": {"coordinates": [496.70571899414, 222.96865844727, 47.815887451172, 61.389373779297]}, "name": 3507, "source": {"coordinates": [147.4677734375, 8.2042541503906, 575.99908447266, 179.98846435547]}, "seconds": 146.125, "object": "white", "type": "relation", "subject": "the man"}, {"caption": "the man wearing blue shirt", "predicate": "wearing", "target": {"coordinates": [310.22213745117, 56.386642456055, 201.45684814453, 353.92041015625]}, "name": 3507, "source": {"coordinates": [147.4677734375, 8.2042541503906, 575.99908447266, 179.98846435547]}, "seconds": 146.125, "object": "blue shirt", "type": "relation", "subject": "the man"}, {"caption": "the man in room", "predicate": "in", "target": {"coordinates": [493.92132568359, 21.516815185547, 240.32897949219, 385.32891845703]}, "name": 3507, "source": {"coordinates": [147.4677734375, 8.2042541503906, 575.99908447266, 179.98846435547]}, "seconds": 146.125, "object": "room", "type": "relation", "subject": "the man"}, {"caption": "the man holding white", "predicate": "holding", "target": {"coordinates": [323.21939086914, 303.99273681641, 41.950988769531, 48.832153320312]}, "name": 3507, "source": {"coordinates": [147.4677734375, 8.2042541503906, 575.99908447266, 179.98846435547]}, "seconds": 146.125, "object": "white", "type": "relation", "subject": "the man"}, {"caption": "the hand on wall", "predicate": "on", "target": {"coordinates": [478.06033325195, 216.5700378418, 43.909576416016, 97.57568359375]}, "name": 3507, "source": {"coordinates": [147.4677734375, 8.2042541503906, 575.99908447266, 179.98846435547]}, "seconds": 146.125, "object": "wall", "type": "relation", "subject": "the hand"}, {"caption": "the hand on wall", "predicate": "on", "target": {"coordinates": [86.093933105469, 10.66960144043, 356.03308105469, 401.56256103516]}, "name": 3507, "source": {"coordinates": [478.06033325195, 216.5700378418, 43.909576416016, 97.57568359375]}, "seconds": 146.125, "object": "wall", "type": "relation", "subject": "the hand"}, {"caption": "the hand holding white", "predicate": "holding", "target": {"coordinates": [496.70571899414, 222.96865844727, 47.815887451172, 61.389373779297]}, "name": 3507, "source": {"coordinates": [478.06033325195, 216.5700378418, 43.909576416016, 97.57568359375]}, "seconds": 146.125, "object": "white", "type": "relation", "subject": "the hand"}, {"caption": "the woman wearing blue shirt", "predicate": "wearing", "target": {"coordinates": [310.22213745117, 56.386642456055, 201.45684814453, 353.92041015625]}, "name": 3507, "source": {"coordinates": [478.06033325195, 216.5700378418, 43.909576416016, 97.57568359375]}, "seconds": 146.125, "object": "blue shirt", "type": "relation", "subject": "the woman"}, {"caption": "the hand on wall", "predicate": "on", "target": {"coordinates": [493.92132568359, 21.516815185547, 240.32897949219, 385.32891845703]}, "name": 3507, "source": {"coordinates": [478.06033325195, 216.5700378418, 43.909576416016, 97.57568359375]}, "seconds": 146.125, "object": "wall", "type": "relation", "subject": "the hand"}, {"caption": "the hand holding white", "predicate": "holding", "target": {"coordinates": [323.21939086914, 303.99273681641, 41.950988769531, 48.832153320312]}, "name": 3507, "source": {"coordinates": [478.06033325195, 216.5700378418, 43.909576416016, 97.57568359375]}, "seconds": 146.125, "object": "white", "type": "relation", "subject": "the hand"}, {"caption": "the hand on wall", "predicate": "on", "target": {"coordinates": [147.4677734375, 8.2042541503906, 575.99908447266, 179.98846435547]}, "name": 3507, "source": {"coordinates": [478.06033325195, 216.5700378418, 43.909576416016, 97.57568359375]}, "seconds": 146.125, "object": "wall", "type": "relation", "subject": "the hand"}]