[{"caption": "the man in room", "predicate": "in", "target": {"coordinates": [11.182846069336, 12.780670166016, 316.67028808594, 392.34716796875]}, "name": 3651, "source": {"coordinates": [349.58038330078, 18.053237915039, 175.65484619141, 371.67620849609]}, "seconds": 152.125, "object": "room", "type": "relation", "subject": "the man"}, {"caption": "the man wearing black shirt", "predicate": "wearing", "target": {"coordinates": [453.09149169922, 9.8601531982422, 282.18005371094, 393.19171142578]}, "name": 3651, "source": {"coordinates": [349.58038330078, 18.053237915039, 175.65484619141, 371.67620849609]}, "seconds": 152.125, "object": "black shirt", "type": "relation", "subject": "the man"}, {"caption": "the man wearing black shirt", "predicate": "wearing", "target": {"coordinates": [-9.127197265625, 0.51158142089844, 744.60974121094, 223.89978027344]}, "name": 3651, "source": {"coordinates": [349.58038330078, 18.053237915039, 175.65484619141, 371.67620849609]}, "seconds": 152.125, "object": "black shirt", "type": "relation", "subject": "the man"}, {"caption": "the man wearing black shirt", "predicate": "wearing", "target": {"coordinates": [113.06101989746, 163.74633789062, 42.713348388672, 48.967987060547]}, "name": 3651, "source": {"coordinates": [349.58038330078, 18.053237915039, 175.65484619141, 371.67620849609]}, "seconds": 152.125, "object": "black shirt", "type": "relation", "subject": "the man"}, {"caption": "the man in room", "predicate": "in", "target": {"coordinates": [183.1383972168, 80.562362670898, 87.548217773438, 273.74487304688]}, "name": 3651, "source": {"coordinates": [349.58038330078, 18.053237915039, 175.65484619141, 371.67620849609]}, "seconds": 152.125, "object": "room", "type": "relation", "subject": "the man"}, {"caption": "the man in room", "predicate": "in", "target": {"coordinates": [349.58038330078, 18.053237915039, 175.65484619141, 371.67620849609]}, "name": 3651, "source": {"coordinates": [11.182846069336, 12.780670166016, 316.67028808594, 392.34716796875]}, "seconds": 152.125, "object": "room", "type": "relation", "subject": "the man"}, {"caption": "the man in room", "predicate": "in", "target": {"coordinates": [453.09149169922, 9.8601531982422, 282.18005371094, 393.19171142578]}, "name": 3651, "source": {"coordinates": [11.182846069336, 12.780670166016, 316.67028808594, 392.34716796875]}, "seconds": 152.125, "object": "room", "type": "relation", "subject": "the man"}, {"caption": "the man wearing black shirt", "predicate": "wearing", "target": {"coordinates": [-9.127197265625, 0.51158142089844, 744.60974121094, 223.89978027344]}, "name": 3651, "source": {"coordinates": [11.182846069336, 12.780670166016, 316.67028808594, 392.34716796875]}, "seconds": 152.125, "object": "black shirt", "type": "relation", "subject": "the man"}, {"caption": "the man wearing black shirt", "predicate": "wearing", "target": {"coordinates": [113.06101989746, 163.74633789062, 42.713348388672, 48.967987060547]}, "name": 3651, "source": {"coordinates": [11.182846069336, 12.780670166016, 316.67028808594, 392.34716796875]}, "seconds": 152.125, "object": "black shirt", "type": "relation", "subject": "the man"}, {"caption": "the window on wall", "predicate": "on", "target": {"coordinates": [183.1383972168, 80.562362670898, 87.548217773438, 273.74487304688]}, "name": 3651, "source": {"coordinates": [11.182846069336, 12.780670166016, 316.67028808594, 392.34716796875]}, "seconds": 152.125, "object": "wall", "type": "relation", "subject": "the window"}, {"caption": "the window on wall", "predicate": "on", "target": {"coordinates": [349.58038330078, 18.053237915039, 175.65484619141, 371.67620849609]}, "name": 3651, "source": {"coordinates": [453.09149169922, 9.8601531982422, 282.18005371094, 393.19171142578]}, "seconds": 152.125, "object": "wall", "type": "relation", "subject": "the window"}, {"caption": "the window on wall", "predicate": "on", "target": {"coordinates": [11.182846069336, 12.780670166016, 316.67028808594, 392.34716796875]}, "name": 3651, "source": {"coordinates": [453.09149169922, 9.8601531982422, 282.18005371094, 393.19171142578]}, "seconds": 152.125, "object": "wall", "type": "relation", "subject": "the window"}, {"caption": "the man wearing black shirt", "predicate": "wearing", "target": {"coordinates": [-9.127197265625, 0.51158142089844, 744.60974121094, 223.89978027344]}, "name": 3651, "source": {"coordinates": [453.09149169922, 9.8601531982422, 282.18005371094, 393.19171142578]}, "seconds": 152.125, "object": "black shirt", "type": "relation", "subject": "the man"}, {"caption": "the window has a white shirt", "predicate": "has", "target": {"coordinates": [113.06101989746, 163.74633789062, 42.713348388672, 48.967987060547]}, "name": 3651, "source": {"coordinates": [453.09149169922, 9.8601531982422, 282.18005371094, 393.19171142578]}, "seconds": 152.125, "object": "a white shirt", "type": "relation", "subject": "the window"}, {"caption": "the window on wall", "predicate": "on", "target": {"coordinates": [183.1383972168, 80.562362670898, 87.548217773438, 273.74487304688]}, "name": 3651, "source": {"coordinates": [453.09149169922, 9.8601531982422, 282.18005371094, 393.19171142578]}, "seconds": 152.125, "object": "wall", "type": "relation", "subject": "the window"}, {"caption": "the window on wall", "predicate": "on", "target": {"coordinates": [349.58038330078, 18.053237915039, 175.65484619141, 371.67620849609]}, "name": 3651, "source": {"coordinates": [-9.127197265625, 0.51158142089844, 744.60974121094, 223.89978027344]}, "seconds": 152.125, "object": "wall", "type": "relation", "subject": "the window"}, {"caption": "the man in room", "predicate": "in", "target": {"coordinates": [11.182846069336, 12.780670166016, 316.67028808594, 392.34716796875]}, "name": 3651, "source": {"coordinates": [-9.127197265625, 0.51158142089844, 744.60974121094, 223.89978027344]}, "seconds": 152.125, "object": "room", "type": "relation", "subject": "the man"}, {"caption": "the man wearing blue shirt", "predicate": "wearing", "target": {"coordinates": [453.09149169922, 9.8601531982422, 282.18005371094, 393.19171142578]}, "name": 3651, "source": {"coordinates": [-9.127197265625, 0.51158142089844, 744.60974121094, 223.89978027344]}, "seconds": 152.125, "object": "blue shirt", "type": "relation", "subject": "the man"}, {"caption": "the man wearing black shirt", "predicate": "wearing", "target": {"coordinates": [113.06101989746, 163.74633789062, 42.713348388672, 48.967987060547]}, "name": 3651, "source": {"coordinates": [-9.127197265625, 0.51158142089844, 744.60974121094, 223.89978027344]}, "seconds": 152.125, "object": "black shirt", "type": "relation", "subject": "the man"}, {"caption": "the hand on man", "predicate": "on", "target": {"coordinates": [183.1383972168, 80.562362670898, 87.548217773438, 273.74487304688]}, "name": 3651, "source": {"coordinates": [-9.127197265625, 0.51158142089844, 744.60974121094, 223.89978027344]}, "seconds": 152.125, "object": "man", "type": "relation", "subject": "the hand"}, {"caption": "the hand on man", "predicate": "on", "target": {"coordinates": [349.58038330078, 18.053237915039, 175.65484619141, 371.67620849609]}, "name": 3651, "source": {"coordinates": [113.06101989746, 163.74633789062, 42.713348388672, 48.967987060547]}, "seconds": 152.125, "object": "man", "type": "relation", "subject": "the hand"}, {"caption": "the hand on wall", "predicate": "on", "target": {"coordinates": [11.182846069336, 12.780670166016, 316.67028808594, 392.34716796875]}, "name": 3651, "source": {"coordinates": [113.06101989746, 163.74633789062, 42.713348388672, 48.967987060547]}, "seconds": 152.125, "object": "wall", "type": "relation", "subject": "the hand"}, {"caption": "the hand on wall", "predicate": "on", "target": {"coordinates": [453.09149169922, 9.8601531982422, 282.18005371094, 393.19171142578]}, "name": 3651, "source": {"coordinates": [113.06101989746, 163.74633789062, 42.713348388672, 48.967987060547]}, "seconds": 152.125, "object": "wall", "type": "relation", "subject": "the hand"}, {"caption": "the hand on wall", "predicate": "on", "target": {"coordinates": [-9.127197265625, 0.51158142089844, 744.60974121094, 223.89978027344]}, "name": 3651, "source": {"coordinates": [113.06101989746, 163.74633789062, 42.713348388672, 48.967987060547]}, "seconds": 152.125, "object": "wall", "type": "relation", "subject": "the hand"}, {"caption": "the man wearing black shirt", "predicate": "wearing", "target": {"coordinates": [183.1383972168, 80.562362670898, 87.548217773438, 273.74487304688]}, "name": 3651, "source": {"coordinates": [113.06101989746, 163.74633789062, 42.713348388672, 48.967987060547]}, "seconds": 152.125, "object": "black shirt", "type": "relation", "subject": "the man"}, {"caption": "the man wearing black shirt", "predicate": "wearing", "target": {"coordinates": [349.58038330078, 18.053237915039, 175.65484619141, 371.67620849609]}, "name": 3651, "source": {"coordinates": [183.1383972168, 80.562362670898, 87.548217773438, 273.74487304688]}, "seconds": 152.125, "object": "black shirt", "type": "relation", "subject": "the man"}, {"caption": "the man in a white shirt", "predicate": "in", "target": {"coordinates": [11.182846069336, 12.780670166016, 316.67028808594, 392.34716796875]}, "name": 3651, "source": {"coordinates": [183.1383972168, 80.562362670898, 87.548217773438, 273.74487304688]}, "seconds": 152.125, "object": "a white shirt", "type": "relation", "subject": "the man"}, {"caption": "the man in bathroom", "predicate": "in", "target": {"coordinates": [453.09149169922, 9.8601531982422, 282.18005371094, 393.19171142578]}, "name": 3651, "source": {"coordinates": [183.1383972168, 80.562362670898, 87.548217773438, 273.74487304688]}, "seconds": 152.125, "object": "bathroom", "type": "relation", "subject": "the man"}, {"caption": "the man in room", "predicate": "in", "target": {"coordinates": [-9.127197265625, 0.51158142089844, 744.60974121094, 223.89978027344]}, "name": 3651, "source": {"coordinates": [183.1383972168, 80.562362670898, 87.548217773438, 273.74487304688]}, "seconds": 152.125, "object": "room", "type": "relation", "subject": "the man"}, {"caption": "the man wearing black shirt", "predicate": "wearing", "target": {"coordinates": [113.06101989746, 163.74633789062, 42.713348388672, 48.967987060547]}, "name": 3651, "source": {"coordinates": [183.1383972168, 80.562362670898, 87.548217773438, 273.74487304688]}, "seconds": 152.125, "object": "black shirt", "type": "relation", "subject": "the man"}]