[{"caption": "the man wearing black shirt", "predicate": "wearing", "target": {"coordinates": [8.6180419921875, 149.79606628418, 711.59844970703, 262.93621826172]}, "name": 3657, "source": {"coordinates": [-2.4743499755859, 14.321853637695, 251.27313232422, 375.63385009766]}, "seconds": 152.375, "object": "black shirt", "type": "relation", "subject": "the man"}, {"caption": "the wall in front of building", "predicate": "in", "target": {"coordinates": [173.18592834473, 96.090728759766, 151.47416687012, 160.85684204102]}, "name": 3657, "source": {"coordinates": [-2.4743499755859, 14.321853637695, 251.27313232422, 375.63385009766]}, "seconds": 152.375, "object": "front of building", "type": "relation", "subject": "the wall"}, {"caption": "the man on table", "predicate": "on", "target": {"coordinates": [488.76150512695, -1.1346130371094, 242.10739135742, 402.71054077148]}, "name": 3657, "source": {"coordinates": [-2.4743499755859, 14.321853637695, 251.27313232422, 375.63385009766]}, "seconds": 152.375, "object": "table", "type": "relation", "subject": "the man"}, {"caption": "the man has a white handle", "predicate": "has", "target": {"coordinates": [84.185317993164, 220.39474487305, 257.68389892578, 179.70098876953]}, "name": 3657, "source": {"coordinates": [-2.4743499755859, 14.321853637695, 251.27313232422, 375.63385009766]}, "seconds": 152.375, "object": "a white handle", "type": "relation", "subject": "the man"}, {"caption": "the man wearing black shirt", "predicate": "wearing", "target": {"coordinates": [452.67913818359, 7.3296394348145, 46.497619628906, 53.607719421387]}, "name": 3657, "source": {"coordinates": [-2.4743499755859, 14.321853637695, 251.27313232422, 375.63385009766]}, "seconds": 152.375, "object": "black shirt", "type": "relation", "subject": "the man"}, {"caption": "the man has white handle", "predicate": "has", "target": {"coordinates": [264.64874267578, 56.75080871582, 283.59820556641, 297.0751953125]}, "name": 3657, "source": {"coordinates": [-2.4743499755859, 14.321853637695, 251.27313232422, 375.63385009766]}, "seconds": 152.375, "object": "white handle", "type": "relation", "subject": "the man"}, {"caption": "the wall has a window", "predicate": "has", "target": {"coordinates": [183.76382446289, 262.32733154297, 34.729583740234, 21.484375]}, "name": 3657, "source": {"coordinates": [-2.4743499755859, 14.321853637695, 251.27313232422, 375.63385009766]}, "seconds": 152.375, "object": "a window", "type": "relation", "subject": "the wall"}, {"caption": "the man wearing black shirt", "predicate": "wearing", "target": {"coordinates": [-16.913360595703, 4.3337097167969, 727.16186523438, 204.57655334473]}, "name": 3657, "source": {"coordinates": [-2.4743499755859, 14.321853637695, 251.27313232422, 375.63385009766]}, "seconds": 152.375, "object": "black shirt", "type": "relation", "subject": "the man"}, {"caption": "the wall has a window", "predicate": "has", "target": {"coordinates": [303.98559570312, 58.802703857422, 137.09973144531, 145.4475402832]}, "name": 3657, "source": {"coordinates": [-2.4743499755859, 14.321853637695, 251.27313232422, 375.63385009766]}, "seconds": 152.375, "object": "a window", "type": "relation", "subject": "the wall"}, {"caption": "the wall has a window", "predicate": "has", "target": {"coordinates": [-2.4743499755859, 14.321853637695, 251.27313232422, 375.63385009766]}, "name": 3657, "source": {"coordinates": [8.6180419921875, 149.79606628418, 711.59844970703, 262.93621826172]}, "seconds": 152.375, "object": "a window", "type": "relation", "subject": "the wall"}, {"caption": "the wall has a window", "predicate": "has", "target": {"coordinates": [173.18592834473, 96.090728759766, 151.47416687012, 160.85684204102]}, "name": 3657, "source": {"coordinates": [8.6180419921875, 149.79606628418, 711.59844970703, 262.93621826172]}, "seconds": 152.375, "object": "a window", "type": "relation", "subject": "the wall"}, {"caption": "the table has a white plate", "predicate": "has", "target": {"coordinates": [488.76150512695, -1.1346130371094, 242.10739135742, 402.71054077148]}, "name": 3657, "source": {"coordinates": [8.6180419921875, 149.79606628418, 711.59844970703, 262.93621826172]}, "seconds": 152.375, "object": "a white plate", "type": "relation", "subject": "the table"}, {"caption": "the man has a white handle", "predicate": "has", "target": {"coordinates": [84.185317993164, 220.39474487305, 257.68389892578, 179.70098876953]}, "name": 3657, "source": {"coordinates": [8.6180419921875, 149.79606628418, 711.59844970703, 262.93621826172]}, "seconds": 152.375, "object": "a white handle", "type": "relation", "subject": "the man"}, {"caption": "the man wearing black shirt", "predicate": "wearing", "target": {"coordinates": [452.67913818359, 7.3296394348145, 46.497619628906, 53.607719421387]}, "name": 3657, "source": {"coordinates": [8.6180419921875, 149.79606628418, 711.59844970703, 262.93621826172]}, "seconds": 152.375, "object": "black shirt", "type": "relation", "subject": "the man"}, {"caption": "the man has white handle", "predicate": "has", "target": {"coordinates": [264.64874267578, 56.75080871582, 283.59820556641, 297.0751953125]}, "name": 3657, "source": {"coordinates": [8.6180419921875, 149.79606628418, 711.59844970703, 262.93621826172]}, "seconds": 152.375, "object": "white handle", "type": "relation", "subject": "the man"}, {"caption": "the wall has a window", "predicate": "has", "target": {"coordinates": [183.76382446289, 262.32733154297, 34.729583740234, 21.484375]}, "name": 3657, "source": {"coordinates": [8.6180419921875, 149.79606628418, 711.59844970703, 262.93621826172]}, "seconds": 152.375, "object": "a window", "type": "relation", "subject": "the wall"}, {"caption": "the man wearing black shirt", "predicate": "wearing", "target": {"coordinates": [-16.913360595703, 4.3337097167969, 727.16186523438, 204.57655334473]}, "name": 3657, "source": {"coordinates": [8.6180419921875, 149.79606628418, 711.59844970703, 262.93621826172]}, "seconds": 152.375, "object": "black shirt", "type": "relation", "subject": "the man"}, {"caption": "the man on wall", "predicate": "on", "target": {"coordinates": [303.98559570312, 58.802703857422, 137.09973144531, 145.4475402832]}, "name": 3657, "source": {"coordinates": [8.6180419921875, 149.79606628418, 711.59844970703, 262.93621826172]}, "seconds": 152.375, "object": "wall", "type": "relation", "subject": "the man"}, {"caption": "the man on wall", "predicate": "on", "target": {"coordinates": [-2.4743499755859, 14.321853637695, 251.27313232422, 375.63385009766]}, "name": 3657, "source": {"coordinates": [173.18592834473, 96.090728759766, 151.47416687012, 160.85684204102]}, "seconds": 152.375, "object": "wall", "type": "relation", "subject": "the man"}, {"caption": "the man on table", "predicate": "on", "target": {"coordinates": [8.6180419921875, 149.79606628418, 711.59844970703, 262.93621826172]}, "name": 3657, "source": {"coordinates": [173.18592834473, 96.090728759766, 151.47416687012, 160.85684204102]}, "seconds": 152.375, "object": "table", "type": "relation", "subject": "the man"}, {"caption": "the man on table", "predicate": "on", "target": {"coordinates": [488.76150512695, -1.1346130371094, 242.10739135742, 402.71054077148]}, "name": 3657, "source": {"coordinates": [173.18592834473, 96.090728759766, 151.47416687012, 160.85684204102]}, "seconds": 152.375, "object": "table", "type": "relation", "subject": "the man"}, {"caption": "the man in room", "predicate": "in", "target": {"coordinates": [84.185317993164, 220.39474487305, 257.68389892578, 179.70098876953]}, "name": 3657, "source": {"coordinates": [173.18592834473, 96.090728759766, 151.47416687012, 160.85684204102]}, "seconds": 152.375, "object": "room", "type": "relation", "subject": "the man"}, {"caption": "the man wearing black shirt", "predicate": "wearing", "target": {"coordinates": [452.67913818359, 7.3296394348145, 46.497619628906, 53.607719421387]}, "name": 3657, "source": {"coordinates": [173.18592834473, 96.090728759766, 151.47416687012, 160.85684204102]}, "seconds": 152.375, "object": "black shirt", "type": "relation", "subject": "the man"}, {"caption": "the man holding white plate", "predicate": "holding", "target": {"coordinates": [264.64874267578, 56.75080871582, 283.59820556641, 297.0751953125]}, "name": 3657, "source": {"coordinates": [173.18592834473, 96.090728759766, 151.47416687012, 160.85684204102]}, "seconds": 152.375, "object": "white plate", "type": "relation", "subject": "the man"}, {"caption": "the man on a white shirt", "predicate": "on", "target": {"coordinates": [183.76382446289, 262.32733154297, 34.729583740234, 21.484375]}, "name": 3657, "source": {"coordinates": [173.18592834473, 96.090728759766, 151.47416687012, 160.85684204102]}, "seconds": 152.375, "object": "a white shirt", "type": "relation", "subject": "the man"}, {"caption": "the man wearing black shirt", "predicate": "wearing", "target": {"coordinates": [-16.913360595703, 4.3337097167969, 727.16186523438, 204.57655334473]}, "name": 3657, "source": {"coordinates": [173.18592834473, 96.090728759766, 151.47416687012, 160.85684204102]}, "seconds": 152.375, "object": "black shirt", "type": "relation", "subject": "the man"}, {"caption": "the man in room", "predicate": "in", "target": {"coordinates": [303.98559570312, 58.802703857422, 137.09973144531, 145.4475402832]}, "name": 3657, "source": {"coordinates": [173.18592834473, 96.090728759766, 151.47416687012, 160.85684204102]}, "seconds": 152.375, "object": "room", "type": "relation", "subject": "the man"}, {"caption": "the man in room", "predicate": "in", "target": {"coordinates": [-2.4743499755859, 14.321853637695, 251.27313232422, 375.63385009766]}, "name": 3657, "source": {"coordinates": [488.76150512695, -1.1346130371094, 242.10739135742, 402.71054077148]}, "seconds": 152.375, "object": "room", "type": "relation", "subject": "the man"}, {"caption": "the man on wall", "predicate": "on", "target": {"coordinates": [8.6180419921875, 149.79606628418, 711.59844970703, 262.93621826172]}, "name": 3657, "source": {"coordinates": [488.76150512695, -1.1346130371094, 242.10739135742, 402.71054077148]}, "seconds": 152.375, "object": "wall", "type": "relation", "subject": "the man"}, {"caption": "the man wearing black shirt", "predicate": "wearing", "target": {"coordinates": [173.18592834473, 96.090728759766, 151.47416687012, 160.85684204102]}, "name": 3657, "source": {"coordinates": [488.76150512695, -1.1346130371094, 242.10739135742, 402.71054077148]}, "seconds": 152.375, "object": "black shirt", "type": "relation", "subject": "the man"}, {"caption": "the man has a white handle", "predicate": "has", "target": {"coordinates": [84.185317993164, 220.39474487305, 257.68389892578, 179.70098876953]}, "name": 3657, "source": {"coordinates": [488.76150512695, -1.1346130371094, 242.10739135742, 402.71054077148]}, "seconds": 152.375, "object": "a white handle", "type": "relation", "subject": "the man"}, {"caption": "the man wearing black shirt", "predicate": "wearing", "target": {"coordinates": [452.67913818359, 7.3296394348145, 46.497619628906, 53.607719421387]}, "name": 3657, "source": {"coordinates": [488.76150512695, -1.1346130371094, 242.10739135742, 402.71054077148]}, "seconds": 152.375, "object": "black shirt", "type": "relation", "subject": "the man"}, {"caption": "the man has a white plate", "predicate": "has", "target": {"coordinates": [264.64874267578, 56.75080871582, 283.59820556641, 297.0751953125]}, "name": 3657, "source": {"coordinates": [488.76150512695, -1.1346130371094, 242.10739135742, 402.71054077148]}, "seconds": 152.375, "object": "a white plate", "type": "relation", "subject": "the man"}, {"caption": "the man in front of building", "predicate": "in", "target": {"coordinates": [183.76382446289, 262.32733154297, 34.729583740234, 21.484375]}, "name": 3657, "source": {"coordinates": [488.76150512695, -1.1346130371094, 242.10739135742, 402.71054077148]}, "seconds": 152.375, "object": "front of building", "type": "relation", "subject": "the man"}, {"caption": "the man wearing black shirt", "predicate": "wearing", "target": {"coordinates": [-16.913360595703, 4.3337097167969, 727.16186523438, 204.57655334473]}, "name": 3657, "source": {"coordinates": [488.76150512695, -1.1346130371094, 242.10739135742, 402.71054077148]}, "seconds": 152.375, "object": "black shirt", "type": "relation", "subject": "the man"}, {"caption": "the table in room", "predicate": "in", "target": {"coordinates": [303.98559570312, 58.802703857422, 137.09973144531, 145.4475402832]}, "name": 3657, "source": {"coordinates": [488.76150512695, -1.1346130371094, 242.10739135742, 402.71054077148]}, "seconds": 152.375, "object": "room", "type": "relation", "subject": "the table"}, {"caption": "the table in room", "predicate": "in", "target": {"coordinates": [-2.4743499755859, 14.321853637695, 251.27313232422, 375.63385009766]}, "name": 3657, "source": {"coordinates": [84.185317993164, 220.39474487305, 257.68389892578, 179.70098876953]}, "seconds": 152.375, "object": "room", "type": "relation", "subject": "the table"}, {"caption": "the table in room", "predicate": "in", "target": {"coordinates": [8.6180419921875, 149.79606628418, 711.59844970703, 262.93621826172]}, "name": 3657, "source": {"coordinates": [84.185317993164, 220.39474487305, 257.68389892578, 179.70098876953]}, "seconds": 152.375, "object": "room", "type": "relation", "subject": "the table"}, {"caption": "the man wearing black shirt", "predicate": "wearing", "target": {"coordinates": [173.18592834473, 96.090728759766, 151.47416687012, 160.85684204102]}, "name": 3657, "source": {"coordinates": [84.185317993164, 220.39474487305, 257.68389892578, 179.70098876953]}, "seconds": 152.375, "object": "black shirt", "type": "relation", "subject": "the man"}, {"caption": "the table in front of building", "predicate": "in", "target": {"coordinates": [488.76150512695, -1.1346130371094, 242.10739135742, 402.71054077148]}, "name": 3657, "source": {"coordinates": [84.185317993164, 220.39474487305, 257.68389892578, 179.70098876953]}, "seconds": 152.375, "object": "front of building", "type": "relation", "subject": "the table"}, {"caption": "the man wearing black shirt", "predicate": "wearing", "target": {"coordinates": [452.67913818359, 7.3296394348145, 46.497619628906, 53.607719421387]}, "name": 3657, "source": {"coordinates": [84.185317993164, 220.39474487305, 257.68389892578, 179.70098876953]}, "seconds": 152.375, "object": "black shirt", "type": "relation", "subject": "the man"}, {"caption": "the man wearing black shirt", "predicate": "wearing", "target": {"coordinates": [264.64874267578, 56.75080871582, 283.59820556641, 297.0751953125]}, "name": 3657, "source": {"coordinates": [84.185317993164, 220.39474487305, 257.68389892578, 179.70098876953]}, "seconds": 152.375, "object": "black shirt", "type": "relation", "subject": "the man"}, {"caption": "the table in front of white shirt", "predicate": "in", "target": {"coordinates": [183.76382446289, 262.32733154297, 34.729583740234, 21.484375]}, "name": 3657, "source": {"coordinates": [84.185317993164, 220.39474487305, 257.68389892578, 179.70098876953]}, "seconds": 152.375, "object": "front of white shirt", "type": "relation", "subject": "the table"}, {"caption": "the chair in front of building", "predicate": "in", "target": {"coordinates": [-16.913360595703, 4.3337097167969, 727.16186523438, 204.57655334473]}, "name": 3657, "source": {"coordinates": [84.185317993164, 220.39474487305, 257.68389892578, 179.70098876953]}, "seconds": 152.375, "object": "front of building", "type": "relation", "subject": "the chair"}, {"caption": "the light on wall", "predicate": "on", "target": {"coordinates": [303.98559570312, 58.802703857422, 137.09973144531, 145.4475402832]}, "name": 3657, "source": {"coordinates": [84.185317993164, 220.39474487305, 257.68389892578, 179.70098876953]}, "seconds": 152.375, "object": "wall", "type": "relation", "subject": "the light"}, {"caption": "the light on wall", "predicate": "on", "target": {"coordinates": [-2.4743499755859, 14.321853637695, 251.27313232422, 375.63385009766]}, "name": 3657, "source": {"coordinates": [452.67913818359, 7.3296394348145, 46.497619628906, 53.607719421387]}, "seconds": 152.375, "object": "wall", "type": "relation", "subject": "the light"}, {"caption": "the light on wall", "predicate": "on", "target": {"coordinates": [8.6180419921875, 149.79606628418, 711.59844970703, 262.93621826172]}, "name": 3657, "source": {"coordinates": [452.67913818359, 7.3296394348145, 46.497619628906, 53.607719421387]}, "seconds": 152.375, "object": "wall", "type": "relation", "subject": "the light"}, {"caption": "the light on wall", "predicate": "on", "target": {"coordinates": [173.18592834473, 96.090728759766, 151.47416687012, 160.85684204102]}, "name": 3657, "source": {"coordinates": [452.67913818359, 7.3296394348145, 46.497619628906, 53.607719421387]}, "seconds": 152.375, "object": "wall", "type": "relation", "subject": "the light"}, {"caption": "the light on wall", "predicate": "on", "target": {"coordinates": [488.76150512695, -1.1346130371094, 242.10739135742, 402.71054077148]}, "name": 3657, "source": {"coordinates": [452.67913818359, 7.3296394348145, 46.497619628906, 53.607719421387]}, "seconds": 152.375, "object": "wall", "type": "relation", "subject": "the light"}, {"caption": "the light on white wall", "predicate": "on", "target": {"coordinates": [84.185317993164, 220.39474487305, 257.68389892578, 179.70098876953]}, "name": 3657, "source": {"coordinates": [452.67913818359, 7.3296394348145, 46.497619628906, 53.607719421387]}, "seconds": 152.375, "object": "white wall", "type": "relation", "subject": "the light"}, {"caption": "the light on white wall", "predicate": "on", "target": {"coordinates": [264.64874267578, 56.75080871582, 283.59820556641, 297.0751953125]}, "name": 3657, "source": {"coordinates": [452.67913818359, 7.3296394348145, 46.497619628906, 53.607719421387]}, "seconds": 152.375, "object": "white wall", "type": "relation", "subject": "the light"}, {"caption": "the light on wall", "predicate": "on", "target": {"coordinates": [183.76382446289, 262.32733154297, 34.729583740234, 21.484375]}, "name": 3657, "source": {"coordinates": [452.67913818359, 7.3296394348145, 46.497619628906, 53.607719421387]}, "seconds": 152.375, "object": "wall", "type": "relation", "subject": "the light"}, {"caption": "the window on a white wall", "predicate": "on", "target": {"coordinates": [-16.913360595703, 4.3337097167969, 727.16186523438, 204.57655334473]}, "name": 3657, "source": {"coordinates": [452.67913818359, 7.3296394348145, 46.497619628906, 53.607719421387]}, "seconds": 152.375, "object": "a white wall", "type": "relation", "subject": "the window"}, {"caption": "the man on wall", "predicate": "on", "target": {"coordinates": [303.98559570312, 58.802703857422, 137.09973144531, 145.4475402832]}, "name": 3657, "source": {"coordinates": [452.67913818359, 7.3296394348145, 46.497619628906, 53.607719421387]}, "seconds": 152.375, "object": "wall", "type": "relation", "subject": "the man"}, {"caption": "the man on wall", "predicate": "on", "target": {"coordinates": [-2.4743499755859, 14.321853637695, 251.27313232422, 375.63385009766]}, "name": 3657, "source": {"coordinates": [264.64874267578, 56.75080871582, 283.59820556641, 297.0751953125]}, "seconds": 152.375, "object": "wall", "type": "relation", "subject": "the man"}, {"caption": "the man on white wall", "predicate": "on", "target": {"coordinates": [8.6180419921875, 149.79606628418, 711.59844970703, 262.93621826172]}, "name": 3657, "source": {"coordinates": [264.64874267578, 56.75080871582, 283.59820556641, 297.0751953125]}, "seconds": 152.375, "object": "white wall", "type": "relation", "subject": "the man"}, {"caption": "the man wearing black shirt", "predicate": "wearing", "target": {"coordinates": [173.18592834473, 96.090728759766, 151.47416687012, 160.85684204102]}, "name": 3657, "source": {"coordinates": [264.64874267578, 56.75080871582, 283.59820556641, 297.0751953125]}, "seconds": 152.375, "object": "black shirt", "type": "relation", "subject": "the man"}, {"caption": "the man in front of building", "predicate": "in", "target": {"coordinates": [488.76150512695, -1.1346130371094, 242.10739135742, 402.71054077148]}, "name": 3657, "source": {"coordinates": [264.64874267578, 56.75080871582, 283.59820556641, 297.0751953125]}, "seconds": 152.375, "object": "front of building", "type": "relation", "subject": "the man"}, {"caption": "the man wearing black shirt", "predicate": "wearing", "target": {"coordinates": [84.185317993164, 220.39474487305, 257.68389892578, 179.70098876953]}, "name": 3657, "source": {"coordinates": [264.64874267578, 56.75080871582, 283.59820556641, 297.0751953125]}, "seconds": 152.375, "object": "black shirt", "type": "relation", "subject": "the man"}, {"caption": "the man has a white shirt", "predicate": "has", "target": {"coordinates": [452.67913818359, 7.3296394348145, 46.497619628906, 53.607719421387]}, "name": 3657, "source": {"coordinates": [264.64874267578, 56.75080871582, 283.59820556641, 297.0751953125]}, "seconds": 152.375, "object": "a white shirt", "type": "relation", "subject": "the man"}, {"caption": "the man on white shirt", "predicate": "on", "target": {"coordinates": [183.76382446289, 262.32733154297, 34.729583740234, 21.484375]}, "name": 3657, "source": {"coordinates": [264.64874267578, 56.75080871582, 283.59820556641, 297.0751953125]}, "seconds": 152.375, "object": "white shirt", "type": "relation", "subject": "the man"}, {"caption": "the man in a white shirt", "predicate": "in", "target": {"coordinates": [-16.913360595703, 4.3337097167969, 727.16186523438, 204.57655334473]}, "name": 3657, "source": {"coordinates": [264.64874267578, 56.75080871582, 283.59820556641, 297.0751953125]}, "seconds": 152.375, "object": "a white shirt", "type": "relation", "subject": "the man"}, {"caption": "the handle on wall", "predicate": "on", "target": {"coordinates": [303.98559570312, 58.802703857422, 137.09973144531, 145.4475402832]}, "name": 3657, "source": {"coordinates": [264.64874267578, 56.75080871582, 283.59820556641, 297.0751953125]}, "seconds": 152.375, "object": "wall", "type": "relation", "subject": "the handle"}, {"caption": "the handle on wall", "predicate": "on", "target": {"coordinates": [-2.4743499755859, 14.321853637695, 251.27313232422, 375.63385009766]}, "name": 3657, "source": {"coordinates": [183.76382446289, 262.32733154297, 34.729583740234, 21.484375]}, "seconds": 152.375, "object": "wall", "type": "relation", "subject": "the handle"}, {"caption": "the handle on white toilet", "predicate": "on", "target": {"coordinates": [8.6180419921875, 149.79606628418, 711.59844970703, 262.93621826172]}, "name": 3657, "source": {"coordinates": [183.76382446289, 262.32733154297, 34.729583740234, 21.484375]}, "seconds": 152.375, "object": "white toilet", "type": "relation", "subject": "the handle"}, {"caption": "the handle on top of white shirt", "predicate": "on", "target": {"coordinates": [173.18592834473, 96.090728759766, 151.47416687012, 160.85684204102]}, "name": 3657, "source": {"coordinates": [183.76382446289, 262.32733154297, 34.729583740234, 21.484375]}, "seconds": 152.375, "object": "top of white shirt", "type": "relation", "subject": "the handle"}, {"caption": "the light on wall", "predicate": "on", "target": {"coordinates": [488.76150512695, -1.1346130371094, 242.10739135742, 402.71054077148]}, "name": 3657, "source": {"coordinates": [183.76382446289, 262.32733154297, 34.729583740234, 21.484375]}, "seconds": 152.375, "object": "wall", "type": "relation", "subject": "the light"}, {"caption": "the handle on white shirt", "predicate": "on", "target": {"coordinates": [84.185317993164, 220.39474487305, 257.68389892578, 179.70098876953]}, "name": 3657, "source": {"coordinates": [183.76382446289, 262.32733154297, 34.729583740234, 21.484375]}, "seconds": 152.375, "object": "white shirt", "type": "relation", "subject": "the handle"}, {"caption": "the light on wall", "predicate": "on", "target": {"coordinates": [452.67913818359, 7.3296394348145, 46.497619628906, 53.607719421387]}, "name": 3657, "source": {"coordinates": [183.76382446289, 262.32733154297, 34.729583740234, 21.484375]}, "seconds": 152.375, "object": "wall", "type": "relation", "subject": "the light"}, {"caption": "the handle on white shirt", "predicate": "on", "target": {"coordinates": [264.64874267578, 56.75080871582, 283.59820556641, 297.0751953125]}, "name": 3657, "source": {"coordinates": [183.76382446289, 262.32733154297, 34.729583740234, 21.484375]}, "seconds": 152.375, "object": "white shirt", "type": "relation", "subject": "the handle"}, {"caption": "the light on wall", "predicate": "on", "target": {"coordinates": [-16.913360595703, 4.3337097167969, 727.16186523438, 204.57655334473]}, "name": 3657, "source": {"coordinates": [183.76382446289, 262.32733154297, 34.729583740234, 21.484375]}, "seconds": 152.375, "object": "wall", "type": "relation", "subject": "the light"}, {"caption": "the man in room", "predicate": "in", "target": {"coordinates": [303.98559570312, 58.802703857422, 137.09973144531, 145.4475402832]}, "name": 3657, "source": {"coordinates": [183.76382446289, 262.32733154297, 34.729583740234, 21.484375]}, "seconds": 152.375, "object": "room", "type": "relation", "subject": "the man"}, {"caption": "the man in room", "predicate": "in", "target": {"coordinates": [-2.4743499755859, 14.321853637695, 251.27313232422, 375.63385009766]}, "name": 3657, "source": {"coordinates": [-16.913360595703, 4.3337097167969, 727.16186523438, 204.57655334473]}, "seconds": 152.375, "object": "room", "type": "relation", "subject": "the man"}, {"caption": "the man in room", "predicate": "in", "target": {"coordinates": [8.6180419921875, 149.79606628418, 711.59844970703, 262.93621826172]}, "name": 3657, "source": {"coordinates": [-16.913360595703, 4.3337097167969, 727.16186523438, 204.57655334473]}, "seconds": 152.375, "object": "room", "type": "relation", "subject": "the man"}, {"caption": "the man wearing black shirt", "predicate": "wearing", "target": {"coordinates": [173.18592834473, 96.090728759766, 151.47416687012, 160.85684204102]}, "name": 3657, "source": {"coordinates": [-16.913360595703, 4.3337097167969, 727.16186523438, 204.57655334473]}, "seconds": 152.375, "object": "black shirt", "type": "relation", "subject": "the man"}, {"caption": "the man in room", "predicate": "in", "target": {"coordinates": [488.76150512695, -1.1346130371094, 242.10739135742, 402.71054077148]}, "name": 3657, "source": {"coordinates": [-16.913360595703, 4.3337097167969, 727.16186523438, 204.57655334473]}, "seconds": 152.375, "object": "room", "type": "relation", "subject": "the man"}, {"caption": "the man wearing black shirt", "predicate": "wearing", "target": {"coordinates": [84.185317993164, 220.39474487305, 257.68389892578, 179.70098876953]}, "name": 3657, "source": {"coordinates": [-16.913360595703, 4.3337097167969, 727.16186523438, 204.57655334473]}, "seconds": 152.375, "object": "black shirt", "type": "relation", "subject": "the man"}, {"caption": "the man wearing black shirt", "predicate": "wearing", "target": {"coordinates": [452.67913818359, 7.3296394348145, 46.497619628906, 53.607719421387]}, "name": 3657, "source": {"coordinates": [-16.913360595703, 4.3337097167969, 727.16186523438, 204.57655334473]}, "seconds": 152.375, "object": "black shirt", "type": "relation", "subject": "the man"}, {"caption": "the man has white handle", "predicate": "has", "target": {"coordinates": [264.64874267578, 56.75080871582, 283.59820556641, 297.0751953125]}, "name": 3657, "source": {"coordinates": [-16.913360595703, 4.3337097167969, 727.16186523438, 204.57655334473]}, "seconds": 152.375, "object": "white handle", "type": "relation", "subject": "the man"}, {"caption": "the man in room", "predicate": "in", "target": {"coordinates": [183.76382446289, 262.32733154297, 34.729583740234, 21.484375]}, "name": 3657, "source": {"coordinates": [-16.913360595703, 4.3337097167969, 727.16186523438, 204.57655334473]}, "seconds": 152.375, "object": "room", "type": "relation", "subject": "the man"}, {"caption": "the man on wall", "predicate": "on", "target": {"coordinates": [303.98559570312, 58.802703857422, 137.09973144531, 145.4475402832]}, "name": 3657, "source": {"coordinates": [-16.913360595703, 4.3337097167969, 727.16186523438, 204.57655334473]}, "seconds": 152.375, "object": "wall", "type": "relation", "subject": "the man"}, {"caption": "the man on wall", "predicate": "on", "target": {"coordinates": [-2.4743499755859, 14.321853637695, 251.27313232422, 375.63385009766]}, "name": 3657, "source": {"coordinates": [303.98559570312, 58.802703857422, 137.09973144531, 145.4475402832]}, "seconds": 152.375, "object": "wall", "type": "relation", "subject": "the man"}, {"caption": "the man on white wall", "predicate": "on", "target": {"coordinates": [8.6180419921875, 149.79606628418, 711.59844970703, 262.93621826172]}, "name": 3657, "source": {"coordinates": [303.98559570312, 58.802703857422, 137.09973144531, 145.4475402832]}, "seconds": 152.375, "object": "white wall", "type": "relation", "subject": "the man"}, {"caption": "the man wearing black shirt", "predicate": "wearing", "target": {"coordinates": [173.18592834473, 96.090728759766, 151.47416687012, 160.85684204102]}, "name": 3657, "source": {"coordinates": [303.98559570312, 58.802703857422, 137.09973144531, 145.4475402832]}, "seconds": 152.375, "object": "black shirt", "type": "relation", "subject": "the man"}, {"caption": "the man on wall", "predicate": "on", "target": {"coordinates": [488.76150512695, -1.1346130371094, 242.10739135742, 402.71054077148]}, "name": 3657, "source": {"coordinates": [303.98559570312, 58.802703857422, 137.09973144531, 145.4475402832]}, "seconds": 152.375, "object": "wall", "type": "relation", "subject": "the man"}, {"caption": "the man wearing black shirt", "predicate": "wearing", "target": {"coordinates": [84.185317993164, 220.39474487305, 257.68389892578, 179.70098876953]}, "name": 3657, "source": {"coordinates": [303.98559570312, 58.802703857422, 137.09973144531, 145.4475402832]}, "seconds": 152.375, "object": "black shirt", "type": "relation", "subject": "the man"}, {"caption": "the man has a white shirt", "predicate": "has", "target": {"coordinates": [452.67913818359, 7.3296394348145, 46.497619628906, 53.607719421387]}, "name": 3657, "source": {"coordinates": [303.98559570312, 58.802703857422, 137.09973144531, 145.4475402832]}, "seconds": 152.375, "object": "a white shirt", "type": "relation", "subject": "the man"}, {"caption": "the man on white table", "predicate": "on", "target": {"coordinates": [264.64874267578, 56.75080871582, 283.59820556641, 297.0751953125]}, "name": 3657, "source": {"coordinates": [303.98559570312, 58.802703857422, 137.09973144531, 145.4475402832]}, "seconds": 152.375, "object": "white table", "type": "relation", "subject": "the man"}, {"caption": "the man on table", "predicate": "on", "target": {"coordinates": [183.76382446289, 262.32733154297, 34.729583740234, 21.484375]}, "name": 3657, "source": {"coordinates": [303.98559570312, 58.802703857422, 137.09973144531, 145.4475402832]}, "seconds": 152.375, "object": "table", "type": "relation", "subject": "the man"}, {"caption": "the man in a room", "predicate": "in", "target": {"coordinates": [-16.913360595703, 4.3337097167969, 727.16186523438, 204.57655334473]}, "name": 3657, "source": {"coordinates": [303.98559570312, 58.802703857422, 137.09973144531, 145.4475402832]}, "seconds": 152.375, "object": "a room", "type": "relation", "subject": "the man"}]