[{"caption": "the man has head", "predicate": "has", "target": {"coordinates": [0.31269836425781, 70.7939453125, 337.38171386719, 330.26022338867]}, "name": 3789, "source": {"coordinates": [276.26422119141, 11.689575195312, 364.30895996094, 381.24948120117]}, "seconds": 157.875, "object": "head", "type": "relation", "subject": "the man"}, {"caption": "the man wearing black shirt", "predicate": "wearing", "target": {"coordinates": [389.42343139648, 22.55834197998, 141.56918334961, 128.10369873047]}, "name": 3789, "source": {"coordinates": [276.26422119141, 11.689575195312, 364.30895996094, 381.24948120117]}, "seconds": 157.875, "object": "black shirt", "type": "relation", "subject": "the man"}, {"caption": "the man wearing black shirt", "predicate": "wearing", "target": {"coordinates": [149.09692382812, 218.94659423828, 248.41546630859, 175.74798583984]}, "name": 3789, "source": {"coordinates": [276.26422119141, 11.689575195312, 364.30895996094, 381.24948120117]}, "seconds": 157.875, "object": "black shirt", "type": "relation", "subject": "the man"}, {"caption": "the man wearing black shirt", "predicate": "wearing", "target": {"coordinates": [536.40631103516, 263.08233642578, 143.93054199219, 134.767578125]}, "name": 3789, "source": {"coordinates": [276.26422119141, 11.689575195312, 364.30895996094, 381.24948120117]}, "seconds": 157.875, "object": "black shirt", "type": "relation", "subject": "the man"}, {"caption": "the man wearing black shirt", "predicate": "wearing", "target": {"coordinates": [276.26422119141, 11.689575195312, 364.30895996094, 381.24948120117]}, "name": 3789, "source": {"coordinates": [0.31269836425781, 70.7939453125, 337.38171386719, 330.26022338867]}, "seconds": 157.875, "object": "black shirt", "type": "relation", "subject": "the man"}, {"caption": "the man wearing black shirt", "predicate": "wearing", "target": {"coordinates": [389.42343139648, 22.55834197998, 141.56918334961, 128.10369873047]}, "name": 3789, "source": {"coordinates": [0.31269836425781, 70.7939453125, 337.38171386719, 330.26022338867]}, "seconds": 157.875, "object": "black shirt", "type": "relation", "subject": "the man"}, {"caption": "the man wearing black shirt", "predicate": "wearing", "target": {"coordinates": [149.09692382812, 218.94659423828, 248.41546630859, 175.74798583984]}, "name": 3789, "source": {"coordinates": [0.31269836425781, 70.7939453125, 337.38171386719, 330.26022338867]}, "seconds": 157.875, "object": "black shirt", "type": "relation", "subject": "the man"}, {"caption": "the head of man", "predicate": "of", "target": {"coordinates": [536.40631103516, 263.08233642578, 143.93054199219, 134.767578125]}, "name": 3789, "source": {"coordinates": [0.31269836425781, 70.7939453125, 337.38171386719, 330.26022338867]}, "seconds": 157.875, "object": "man", "type": "relation", "subject": "the head"}, {"caption": "the head of man", "predicate": "of", "target": {"coordinates": [276.26422119141, 11.689575195312, 364.30895996094, 381.24948120117]}, "name": 3789, "source": {"coordinates": [389.42343139648, 22.55834197998, 141.56918334961, 128.10369873047]}, "seconds": 157.875, "object": "man", "type": "relation", "subject": "the head"}, {"caption": "the head of man", "predicate": "of", "target": {"coordinates": [0.31269836425781, 70.7939453125, 337.38171386719, 330.26022338867]}, "name": 3789, "source": {"coordinates": [389.42343139648, 22.55834197998, 141.56918334961, 128.10369873047]}, "seconds": 157.875, "object": "man", "type": "relation", "subject": "the head"}, {"caption": "the head of man", "predicate": "of", "target": {"coordinates": [149.09692382812, 218.94659423828, 248.41546630859, 175.74798583984]}, "name": 3789, "source": {"coordinates": [389.42343139648, 22.55834197998, 141.56918334961, 128.10369873047]}, "seconds": 157.875, "object": "man", "type": "relation", "subject": "the head"}, {"caption": "the man wearing black shirt", "predicate": "wearing", "target": {"coordinates": [536.40631103516, 263.08233642578, 143.93054199219, 134.767578125]}, "name": 3789, "source": {"coordinates": [389.42343139648, 22.55834197998, 141.56918334961, 128.10369873047]}, "seconds": 157.875, "object": "black shirt", "type": "relation", "subject": "the man"}, {"caption": "the man wearing black shirt", "predicate": "wearing", "target": {"coordinates": [276.26422119141, 11.689575195312, 364.30895996094, 381.24948120117]}, "name": 3789, "source": {"coordinates": [149.09692382812, 218.94659423828, 248.41546630859, 175.74798583984]}, "seconds": 157.875, "object": "black shirt", "type": "relation", "subject": "the man"}, {"caption": "the man wearing black shirt", "predicate": "wearing", "target": {"coordinates": [0.31269836425781, 70.7939453125, 337.38171386719, 330.26022338867]}, "name": 3789, "source": {"coordinates": [149.09692382812, 218.94659423828, 248.41546630859, 175.74798583984]}, "seconds": 157.875, "object": "black shirt", "type": "relation", "subject": "the man"}, {"caption": "the man wearing black shirt", "predicate": "wearing", "target": {"coordinates": [389.42343139648, 22.55834197998, 141.56918334961, 128.10369873047]}, "name": 3789, "source": {"coordinates": [149.09692382812, 218.94659423828, 248.41546630859, 175.74798583984]}, "seconds": 157.875, "object": "black shirt", "type": "relation", "subject": "the man"}, {"caption": "the picture on wall", "predicate": "on", "target": {"coordinates": [536.40631103516, 263.08233642578, 143.93054199219, 134.767578125]}, "name": 3789, "source": {"coordinates": [149.09692382812, 218.94659423828, 248.41546630859, 175.74798583984]}, "seconds": 157.875, "object": "wall", "type": "relation", "subject": "the picture"}, {"caption": "the picture on wall", "predicate": "on", "target": {"coordinates": [276.26422119141, 11.689575195312, 364.30895996094, 381.24948120117]}, "name": 3789, "source": {"coordinates": [536.40631103516, 263.08233642578, 143.93054199219, 134.767578125]}, "seconds": 157.875, "object": "wall", "type": "relation", "subject": "the picture"}, {"caption": "the hand on a table", "predicate": "on", "target": {"coordinates": [0.31269836425781, 70.7939453125, 337.38171386719, 330.26022338867]}, "name": 3789, "source": {"coordinates": [536.40631103516, 263.08233642578, 143.93054199219, 134.767578125]}, "seconds": 157.875, "object": "a table", "type": "relation", "subject": "the hand"}, {"caption": "the hand on a white shirt", "predicate": "on", "target": {"coordinates": [389.42343139648, 22.55834197998, 141.56918334961, 128.10369873047]}, "name": 3789, "source": {"coordinates": [536.40631103516, 263.08233642578, 143.93054199219, 134.767578125]}, "seconds": 157.875, "object": "a white shirt", "type": "relation", "subject": "the hand"}, {"caption": "the hand on a white shirt", "predicate": "on", "target": {"coordinates": [149.09692382812, 218.94659423828, 248.41546630859, 175.74798583984]}, "name": 3789, "source": {"coordinates": [536.40631103516, 263.08233642578, 143.93054199219, 134.767578125]}, "seconds": 157.875, "object": "a white shirt", "type": "relation", "subject": "the hand"}]