[{"caption": "the window on wall", "predicate": "on", "target": {"coordinates": [359.98867797852, 81.601913452148, 196.34799194336, 310.8408203125]}, "name": 4008, "source": {"coordinates": [134.6061706543, 15.536468505859, 589.84436035156, 364.08499145508]}, "seconds": 167.0, "object": "wall", "type": "relation", "subject": "the window"}, {"caption": "the man has a white handle", "predicate": "has", "target": {"coordinates": [-13.615417480469, -2.4374847412109, 370.27484130859, 407.38311767578]}, "name": 4008, "source": {"coordinates": [134.6061706543, 15.536468505859, 589.84436035156, 364.08499145508]}, "seconds": 167.0, "object": "a white handle", "type": "relation", "subject": "the man"}, {"caption": "the window has a window", "predicate": "has", "target": {"coordinates": [47.825080871582, 224.15000915527, 50.224563598633, 46.770065307617]}, "name": 4008, "source": {"coordinates": [134.6061706543, 15.536468505859, 589.84436035156, 364.08499145508]}, "seconds": 167.0, "object": "a window", "type": "relation", "subject": "the window"}, {"caption": "the window on wall", "predicate": "on", "target": {"coordinates": [189.32456970215, 65.446327209473, 138.56227111816, 129.26852416992]}, "name": 4008, "source": {"coordinates": [134.6061706543, 15.536468505859, 589.84436035156, 364.08499145508]}, "seconds": 167.0, "object": "wall", "type": "relation", "subject": "the window"}, {"caption": "the window on wall", "predicate": "on", "target": {"coordinates": [134.6061706543, 15.536468505859, 589.84436035156, 364.08499145508]}, "name": 4008, "source": {"coordinates": [359.98867797852, 81.601913452148, 196.34799194336, 310.8408203125]}, "seconds": 167.0, "object": "wall", "type": "relation", "subject": "the window"}, {"caption": "the man has a black handle", "predicate": "has", "target": {"coordinates": [-13.615417480469, -2.4374847412109, 370.27484130859, 407.38311767578]}, "name": 4008, "source": {"coordinates": [359.98867797852, 81.601913452148, 196.34799194336, 310.8408203125]}, "seconds": 167.0, "object": "a black handle", "type": "relation", "subject": "the man"}, {"caption": "the man wearing black shirt", "predicate": "wearing", "target": {"coordinates": [47.825080871582, 224.15000915527, 50.224563598633, 46.770065307617]}, "name": 4008, "source": {"coordinates": [359.98867797852, 81.601913452148, 196.34799194336, 310.8408203125]}, "seconds": 167.0, "object": "black shirt", "type": "relation", "subject": "the man"}, {"caption": "the window on wall", "predicate": "on", "target": {"coordinates": [189.32456970215, 65.446327209473, 138.56227111816, 129.26852416992]}, "name": 4008, "source": {"coordinates": [359.98867797852, 81.601913452148, 196.34799194336, 310.8408203125]}, "seconds": 167.0, "object": "wall", "type": "relation", "subject": "the window"}, {"caption": "the window on wall", "predicate": "on", "target": {"coordinates": [134.6061706543, 15.536468505859, 589.84436035156, 364.08499145508]}, "name": 4008, "source": {"coordinates": [-13.615417480469, -2.4374847412109, 370.27484130859, 407.38311767578]}, "seconds": 167.0, "object": "wall", "type": "relation", "subject": "the window"}, {"caption": "the man on wall", "predicate": "on", "target": {"coordinates": [359.98867797852, 81.601913452148, 196.34799194336, 310.8408203125]}, "name": 4008, "source": {"coordinates": [-13.615417480469, -2.4374847412109, 370.27484130859, 407.38311767578]}, "seconds": 167.0, "object": "wall", "type": "relation", "subject": "the man"}, {"caption": "the man has a white shirt", "predicate": "has", "target": {"coordinates": [47.825080871582, 224.15000915527, 50.224563598633, 46.770065307617]}, "name": 4008, "source": {"coordinates": [-13.615417480469, -2.4374847412109, 370.27484130859, 407.38311767578]}, "seconds": 167.0, "object": "a white shirt", "type": "relation", "subject": "the man"}, {"caption": "the hand on wall", "predicate": "on", "target": {"coordinates": [189.32456970215, 65.446327209473, 138.56227111816, 129.26852416992]}, "name": 4008, "source": {"coordinates": [-13.615417480469, -2.4374847412109, 370.27484130859, 407.38311767578]}, "seconds": 167.0, "object": "wall", "type": "relation", "subject": "the hand"}, {"caption": "the hand on wall", "predicate": "on", "target": {"coordinates": [134.6061706543, 15.536468505859, 589.84436035156, 364.08499145508]}, "name": 4008, "source": {"coordinates": [47.825080871582, 224.15000915527, 50.224563598633, 46.770065307617]}, "seconds": 167.0, "object": "wall", "type": "relation", "subject": "the hand"}, {"caption": "the hand on white wall", "predicate": "on", "target": {"coordinates": [359.98867797852, 81.601913452148, 196.34799194336, 310.8408203125]}, "name": 4008, "source": {"coordinates": [47.825080871582, 224.15000915527, 50.224563598633, 46.770065307617]}, "seconds": 167.0, "object": "white wall", "type": "relation", "subject": "the hand"}, {"caption": "the head of a white wall", "predicate": "of", "target": {"coordinates": [-13.615417480469, -2.4374847412109, 370.27484130859, 407.38311767578]}, "name": 4008, "source": {"coordinates": [47.825080871582, 224.15000915527, 50.224563598633, 46.770065307617]}, "seconds": 167.0, "object": "a white wall", "type": "relation", "subject": "the head"}, {"caption": "the man in room", "predicate": "in", "target": {"coordinates": [189.32456970215, 65.446327209473, 138.56227111816, 129.26852416992]}, "name": 4008, "source": {"coordinates": [47.825080871582, 224.15000915527, 50.224563598633, 46.770065307617]}, "seconds": 167.0, "object": "room", "type": "relation", "subject": "the man"}, {"caption": "the man in room", "predicate": "in", "target": {"coordinates": [134.6061706543, 15.536468505859, 589.84436035156, 364.08499145508]}, "name": 4008, "source": {"coordinates": [189.32456970215, 65.446327209473, 138.56227111816, 129.26852416992]}, "seconds": 167.0, "object": "room", "type": "relation", "subject": "the man"}, {"caption": "the man in a white wall", "predicate": "in", "target": {"coordinates": [359.98867797852, 81.601913452148, 196.34799194336, 310.8408203125]}, "name": 4008, "source": {"coordinates": [189.32456970215, 65.446327209473, 138.56227111816, 129.26852416992]}, "seconds": 167.0, "object": "a white wall", "type": "relation", "subject": "the man"}, {"caption": "the man in room", "predicate": "in", "target": {"coordinates": [-13.615417480469, -2.4374847412109, 370.27484130859, 407.38311767578]}, "name": 4008, "source": {"coordinates": [189.32456970215, 65.446327209473, 138.56227111816, 129.26852416992]}, "seconds": 167.0, "object": "room", "type": "relation", "subject": "the man"}, {"caption": "the man has a black hair", "predicate": "has", "target": {"coordinates": [47.825080871582, 224.15000915527, 50.224563598633, 46.770065307617]}, "name": 4008, "source": {"coordinates": [189.32456970215, 65.446327209473, 138.56227111816, 129.26852416992]}, "seconds": 167.0, "object": "a black hair", "type": "relation", "subject": "the man"}]