[{"caption": "the building has window", "predicate": "has", "target": {"coordinates": [23.040802001953, 226.35768127441, 699.61511230469, 180.61625671387]}, "name": 4266, "source": {"coordinates": [-10.497085571289, -13.018508911133, 376.67071533203, 420.17559814453]}, "seconds": 177.75, "object": "window", "type": "relation", "subject": "the building"}, {"caption": "the building has a white sign", "predicate": "has", "target": {"coordinates": [352.83782958984, 25.044174194336, 381.71142578125, 362.73504638672]}, "name": 4266, "source": {"coordinates": [-10.497085571289, -13.018508911133, 376.67071533203, 420.17559814453]}, "seconds": 177.75, "object": "a white sign", "type": "relation", "subject": "the building"}, {"caption": "the building has a window", "predicate": "has", "target": {"coordinates": [599.72161865234, 258.35168457031, 44.5341796875, 47.717834472656]}, "name": 4266, "source": {"coordinates": [-10.497085571289, -13.018508911133, 376.67071533203, 420.17559814453]}, "seconds": 177.75, "object": "a window", "type": "relation", "subject": "the building"}, {"caption": "the building has window", "predicate": "has", "target": {"coordinates": [0.80666542053223, 351.81976318359, 43.450645446777, 50.040466308594]}, "name": 4266, "source": {"coordinates": [-10.497085571289, -13.018508911133, 376.67071533203, 420.17559814453]}, "seconds": 177.75, "object": "window", "type": "relation", "subject": "the building"}, {"caption": "the building has window", "predicate": "has", "target": {"coordinates": [576.71118164062, 353.96310424805, 39.774169921875, 45.300231933594]}, "name": 4266, "source": {"coordinates": [-10.497085571289, -13.018508911133, 376.67071533203, 420.17559814453]}, "seconds": 177.75, "object": "window", "type": "relation", "subject": "the building"}, {"caption": "the building has window", "predicate": "has", "target": {"coordinates": [4.9514293670654, 4.3580150604248, 33.837493896484, 35.674163818359]}, "name": 4266, "source": {"coordinates": [-10.497085571289, -13.018508911133, 376.67071533203, 420.17559814453]}, "seconds": 177.75, "object": "window", "type": "relation", "subject": "the building"}, {"caption": "the building has window", "predicate": "has", "target": {"coordinates": [-10.497085571289, -13.018508911133, 376.67071533203, 420.17559814453]}, "name": 4266, "source": {"coordinates": [23.040802001953, 226.35768127441, 699.61511230469, 180.61625671387]}, "seconds": 177.75, "object": "window", "type": "relation", "subject": "the building"}, {"caption": "the building has window", "predicate": "has", "target": {"coordinates": [352.83782958984, 25.044174194336, 381.71142578125, 362.73504638672]}, "name": 4266, "source": {"coordinates": [23.040802001953, 226.35768127441, 699.61511230469, 180.61625671387]}, "seconds": 177.75, "object": "window", "type": "relation", "subject": "the building"}, {"caption": "the building has a window", "predicate": "has", "target": {"coordinates": [599.72161865234, 258.35168457031, 44.5341796875, 47.717834472656]}, "name": 4266, "source": {"coordinates": [23.040802001953, 226.35768127441, 699.61511230469, 180.61625671387]}, "seconds": 177.75, "object": "a window", "type": "relation", "subject": "the building"}, {"caption": "the building has window", "predicate": "has", "target": {"coordinates": [0.80666542053223, 351.81976318359, 43.450645446777, 50.040466308594]}, "name": 4266, "source": {"coordinates": [23.040802001953, 226.35768127441, 699.61511230469, 180.61625671387]}, "seconds": 177.75, "object": "window", "type": "relation", "subject": "the building"}, {"caption": "the building has window", "predicate": "has", "target": {"coordinates": [576.71118164062, 353.96310424805, 39.774169921875, 45.300231933594]}, "name": 4266, "source": {"coordinates": [23.040802001953, 226.35768127441, 699.61511230469, 180.61625671387]}, "seconds": 177.75, "object": "window", "type": "relation", "subject": "the building"}, {"caption": "the building has window", "predicate": "has", "target": {"coordinates": [4.9514293670654, 4.3580150604248, 33.837493896484, 35.674163818359]}, "name": 4266, "source": {"coordinates": [23.040802001953, 226.35768127441, 699.61511230469, 180.61625671387]}, "seconds": 177.75, "object": "window", "type": "relation", "subject": "the building"}, {"caption": "the building has window", "predicate": "has", "target": {"coordinates": [-10.497085571289, -13.018508911133, 376.67071533203, 420.17559814453]}, "name": 4266, "source": {"coordinates": [352.83782958984, 25.044174194336, 381.71142578125, 362.73504638672]}, "seconds": 177.75, "object": "window", "type": "relation", "subject": "the building"}, {"caption": "the building has window", "predicate": "has", "target": {"coordinates": [23.040802001953, 226.35768127441, 699.61511230469, 180.61625671387]}, "name": 4266, "source": {"coordinates": [352.83782958984, 25.044174194336, 381.71142578125, 362.73504638672]}, "seconds": 177.75, "object": "window", "type": "relation", "subject": "the building"}, {"caption": "the building has a window", "predicate": "has", "target": {"coordinates": [599.72161865234, 258.35168457031, 44.5341796875, 47.717834472656]}, "name": 4266, "source": {"coordinates": [352.83782958984, 25.044174194336, 381.71142578125, 362.73504638672]}, "seconds": 177.75, "object": "a window", "type": "relation", "subject": "the building"}, {"caption": "the building has window", "predicate": "has", "target": {"coordinates": [0.80666542053223, 351.81976318359, 43.450645446777, 50.040466308594]}, "name": 4266, "source": {"coordinates": [352.83782958984, 25.044174194336, 381.71142578125, 362.73504638672]}, "seconds": 177.75, "object": "window", "type": "relation", "subject": "the building"}, {"caption": "the building has window", "predicate": "has", "target": {"coordinates": [576.71118164062, 353.96310424805, 39.774169921875, 45.300231933594]}, "name": 4266, "source": {"coordinates": [352.83782958984, 25.044174194336, 381.71142578125, 362.73504638672]}, "seconds": 177.75, "object": "window", "type": "relation", "subject": "the building"}, {"caption": "the sign on building", "predicate": "on", "target": {"coordinates": [4.9514293670654, 4.3580150604248, 33.837493896484, 35.674163818359]}, "name": 4266, "source": {"coordinates": [352.83782958984, 25.044174194336, 381.71142578125, 362.73504638672]}, "seconds": 177.75, "object": "building", "type": "relation", "subject": "the sign"}, {"caption": "the sign on building", "predicate": "on", "target": {"coordinates": [-10.497085571289, -13.018508911133, 376.67071533203, 420.17559814453]}, "name": 4266, "source": {"coordinates": [599.72161865234, 258.35168457031, 44.5341796875, 47.717834472656]}, "seconds": 177.75, "object": "building", "type": "relation", "subject": "the sign"}, {"caption": "the sign on pole", "predicate": "on", "target": {"coordinates": [23.040802001953, 226.35768127441, 699.61511230469, 180.61625671387]}, "name": 4266, "source": {"coordinates": [599.72161865234, 258.35168457031, 44.5341796875, 47.717834472656]}, "seconds": 177.75, "object": "pole", "type": "relation", "subject": "the sign"}, {"caption": "the sign on building", "predicate": "on", "target": {"coordinates": [352.83782958984, 25.044174194336, 381.71142578125, 362.73504638672]}, "name": 4266, "source": {"coordinates": [599.72161865234, 258.35168457031, 44.5341796875, 47.717834472656]}, "seconds": 177.75, "object": "building", "type": "relation", "subject": "the sign"}, {"caption": "the sign on pole", "predicate": "on", "target": {"coordinates": [0.80666542053223, 351.81976318359, 43.450645446777, 50.040466308594]}, "name": 4266, "source": {"coordinates": [599.72161865234, 258.35168457031, 44.5341796875, 47.717834472656]}, "seconds": 177.75, "object": "pole", "type": "relation", "subject": "the sign"}, {"caption": "the sign on pole", "predicate": "on", "target": {"coordinates": [576.71118164062, 353.96310424805, 39.774169921875, 45.300231933594]}, "name": 4266, "source": {"coordinates": [599.72161865234, 258.35168457031, 44.5341796875, 47.717834472656]}, "seconds": 177.75, "object": "pole", "type": "relation", "subject": "the sign"}, {"caption": "the window on building", "predicate": "on", "target": {"coordinates": [4.9514293670654, 4.3580150604248, 33.837493896484, 35.674163818359]}, "name": 4266, "source": {"coordinates": [599.72161865234, 258.35168457031, 44.5341796875, 47.717834472656]}, "seconds": 177.75, "object": "building", "type": "relation", "subject": "the window"}, {"caption": "the window on building", "predicate": "on", "target": {"coordinates": [-10.497085571289, -13.018508911133, 376.67071533203, 420.17559814453]}, "name": 4266, "source": {"coordinates": [0.80666542053223, 351.81976318359, 43.450645446777, 50.040466308594]}, "seconds": 177.75, "object": "building", "type": "relation", "subject": "the window"}, {"caption": "the car has window", "predicate": "has", "target": {"coordinates": [23.040802001953, 226.35768127441, 699.61511230469, 180.61625671387]}, "name": 4266, "source": {"coordinates": [0.80666542053223, 351.81976318359, 43.450645446777, 50.040466308594]}, "seconds": 177.75, "object": "window", "type": "relation", "subject": "the car"}, {"caption": "the window on building", "predicate": "on", "target": {"coordinates": [352.83782958984, 25.044174194336, 381.71142578125, 362.73504638672]}, "name": 4266, "source": {"coordinates": [0.80666542053223, 351.81976318359, 43.450645446777, 50.040466308594]}, "seconds": 177.75, "object": "building", "type": "relation", "subject": "the window"}, {"caption": "the car has a white sign", "predicate": "has", "target": {"coordinates": [599.72161865234, 258.35168457031, 44.5341796875, 47.717834472656]}, "name": 4266, "source": {"coordinates": [0.80666542053223, 351.81976318359, 43.450645446777, 50.040466308594]}, "seconds": 177.75, "object": "a white sign", "type": "relation", "subject": "the car"}, {"caption": "the car has window", "predicate": "has", "target": {"coordinates": [576.71118164062, 353.96310424805, 39.774169921875, 45.300231933594]}, "name": 4266, "source": {"coordinates": [0.80666542053223, 351.81976318359, 43.450645446777, 50.040466308594]}, "seconds": 177.75, "object": "window", "type": "relation", "subject": "the car"}, {"caption": "the people in background", "predicate": "in", "target": {"coordinates": [4.9514293670654, 4.3580150604248, 33.837493896484, 35.674163818359]}, "name": 4266, "source": {"coordinates": [0.80666542053223, 351.81976318359, 43.450645446777, 50.040466308594]}, "seconds": 177.75, "object": "background", "type": "relation", "subject": "the people"}, {"caption": "the people in background", "predicate": "in", "target": {"coordinates": [-10.497085571289, -13.018508911133, 376.67071533203, 420.17559814453]}, "name": 4266, "source": {"coordinates": [576.71118164062, 353.96310424805, 39.774169921875, 45.300231933594]}, "seconds": 177.75, "object": "background", "type": "relation", "subject": "the people"}, {"caption": "the people on building", "predicate": "on", "target": {"coordinates": [23.040802001953, 226.35768127441, 699.61511230469, 180.61625671387]}, "name": 4266, "source": {"coordinates": [576.71118164062, 353.96310424805, 39.774169921875, 45.300231933594]}, "seconds": 177.75, "object": "building", "type": "relation", "subject": "the people"}, {"caption": "the people in background", "predicate": "in", "target": {"coordinates": [352.83782958984, 25.044174194336, 381.71142578125, 362.73504638672]}, "name": 4266, "source": {"coordinates": [576.71118164062, 353.96310424805, 39.774169921875, 45.300231933594]}, "seconds": 177.75, "object": "background", "type": "relation", "subject": "the people"}, {"caption": "the man has black sign", "predicate": "has", "target": {"coordinates": [599.72161865234, 258.35168457031, 44.5341796875, 47.717834472656]}, "name": 4266, "source": {"coordinates": [576.71118164062, 353.96310424805, 39.774169921875, 45.300231933594]}, "seconds": 177.75, "object": "black sign", "type": "relation", "subject": "the man"}, {"caption": "the man on motorcycle", "predicate": "on", "target": {"coordinates": [0.80666542053223, 351.81976318359, 43.450645446777, 50.040466308594]}, "name": 4266, "source": {"coordinates": [576.71118164062, 353.96310424805, 39.774169921875, 45.300231933594]}, "seconds": 177.75, "object": "motorcycle", "type": "relation", "subject": "the man"}, {"caption": "the window on building", "predicate": "on", "target": {"coordinates": [4.9514293670654, 4.3580150604248, 33.837493896484, 35.674163818359]}, "name": 4266, "source": {"coordinates": [576.71118164062, 353.96310424805, 39.774169921875, 45.300231933594]}, "seconds": 177.75, "object": "building", "type": "relation", "subject": "the window"}, {"caption": "the window on building", "predicate": "on", "target": {"coordinates": [-10.497085571289, -13.018508911133, 376.67071533203, 420.17559814453]}, "name": 4266, "source": {"coordinates": [4.9514293670654, 4.3580150604248, 33.837493896484, 35.674163818359]}, "seconds": 177.75, "object": "building", "type": "relation", "subject": "the window"}, {"caption": "the window on building", "predicate": "on", "target": {"coordinates": [23.040802001953, 226.35768127441, 699.61511230469, 180.61625671387]}, "name": 4266, "source": {"coordinates": [4.9514293670654, 4.3580150604248, 33.837493896484, 35.674163818359]}, "seconds": 177.75, "object": "building", "type": "relation", "subject": "the window"}, {"caption": "the window on building", "predicate": "on", "target": {"coordinates": [352.83782958984, 25.044174194336, 381.71142578125, 362.73504638672]}, "name": 4266, "source": {"coordinates": [4.9514293670654, 4.3580150604248, 33.837493896484, 35.674163818359]}, "seconds": 177.75, "object": "building", "type": "relation", "subject": "the window"}, {"caption": "the sign on pole", "predicate": "on", "target": {"coordinates": [599.72161865234, 258.35168457031, 44.5341796875, 47.717834472656]}, "name": 4266, "source": {"coordinates": [4.9514293670654, 4.3580150604248, 33.837493896484, 35.674163818359]}, "seconds": 177.75, "object": "pole", "type": "relation", "subject": "the sign"}, {"caption": "the window on building", "predicate": "on", "target": {"coordinates": [0.80666542053223, 351.81976318359, 43.450645446777, 50.040466308594]}, "name": 4266, "source": {"coordinates": [4.9514293670654, 4.3580150604248, 33.837493896484, 35.674163818359]}, "seconds": 177.75, "object": "building", "type": "relation", "subject": "the window"}, {"caption": "the window on building", "predicate": "on", "target": {"coordinates": [576.71118164062, 353.96310424805, 39.774169921875, 45.300231933594]}, "name": 4266, "source": {"coordinates": [4.9514293670654, 4.3580150604248, 33.837493896484, 35.674163818359]}, "seconds": 177.75, "object": "building", "type": "relation", "subject": "the window"}]