[{"caption": "the man in room", "predicate": "in", "target": {"coordinates": [439.28210449219, 21.3603515625, 290.55419921875, 382.94403076172]}, "name": 4554, "source": {"coordinates": [250.47303771973, 28.029113769531, 172.14445495605, 346.06536865234]}, "seconds": 189.75, "object": "room", "type": "relation", "subject": "the man"}, {"caption": "the man wearing white shirt", "predicate": "wearing", "target": {"coordinates": [-5.0253601074219, 48.879669189453, 509.80072021484, 362.14199829102]}, "name": 4554, "source": {"coordinates": [250.47303771973, 28.029113769531, 172.14445495605, 346.06536865234]}, "seconds": 189.75, "object": "white shirt", "type": "relation", "subject": "the man"}, {"caption": "the man wearing white shirt", "predicate": "wearing", "target": {"coordinates": [144.61697387695, 139.57427978516, 185.23614501953, 254.81219482422]}, "name": 4554, "source": {"coordinates": [250.47303771973, 28.029113769531, 172.14445495605, 346.06536865234]}, "seconds": 189.75, "object": "white shirt", "type": "relation", "subject": "the man"}, {"caption": "the man in room", "predicate": "in", "target": {"coordinates": [326.9248046875, 103.85046386719, 85.116638183594, 201.79281616211]}, "name": 4554, "source": {"coordinates": [250.47303771973, 28.029113769531, 172.14445495605, 346.06536865234]}, "seconds": 189.75, "object": "room", "type": "relation", "subject": "the man"}, {"caption": "the man has a white handle", "predicate": "has", "target": {"coordinates": [159.14904785156, 3.0847396850586, 557.25402832031, 186.59121704102]}, "name": 4554, "source": {"coordinates": [250.47303771973, 28.029113769531, 172.14445495605, 346.06536865234]}, "seconds": 189.75, "object": "a white handle", "type": "relation", "subject": "the man"}, {"caption": "the man has a white handle", "predicate": "has", "target": {"coordinates": [587.8671875, 93.955009460449, 55.093017578125, 64.255531311035]}, "name": 4554, "source": {"coordinates": [250.47303771973, 28.029113769531, 172.14445495605, 346.06536865234]}, "seconds": 189.75, "object": "a white handle", "type": "relation", "subject": "the man"}, {"caption": "the window in room", "predicate": "in", "target": {"coordinates": [6.165581703186, 172.36666870117, 31.953678131104, 54.069641113281]}, "name": 4554, "source": {"coordinates": [250.47303771973, 28.029113769531, 172.14445495605, 346.06536865234]}, "seconds": 189.75, "object": "room", "type": "relation", "subject": "the window"}, {"caption": "the window in room", "predicate": "in", "target": {"coordinates": [250.47303771973, 28.029113769531, 172.14445495605, 346.06536865234]}, "name": 4554, "source": {"coordinates": [439.28210449219, 21.3603515625, 290.55419921875, 382.94403076172]}, "seconds": 189.75, "object": "room", "type": "relation", "subject": "the window"}, {"caption": "the man wearing white shirt", "predicate": "wearing", "target": {"coordinates": [-5.0253601074219, 48.879669189453, 509.80072021484, 362.14199829102]}, "name": 4554, "source": {"coordinates": [439.28210449219, 21.3603515625, 290.55419921875, 382.94403076172]}, "seconds": 189.75, "object": "white shirt", "type": "relation", "subject": "the man"}, {"caption": "the man wearing white shirt", "predicate": "wearing", "target": {"coordinates": [144.61697387695, 139.57427978516, 185.23614501953, 254.81219482422]}, "name": 4554, "source": {"coordinates": [439.28210449219, 21.3603515625, 290.55419921875, 382.94403076172]}, "seconds": 189.75, "object": "white shirt", "type": "relation", "subject": "the man"}, {"caption": "the window in room", "predicate": "in", "target": {"coordinates": [326.9248046875, 103.85046386719, 85.116638183594, 201.79281616211]}, "name": 4554, "source": {"coordinates": [439.28210449219, 21.3603515625, 290.55419921875, 382.94403076172]}, "seconds": 189.75, "object": "room", "type": "relation", "subject": "the window"}, {"caption": "the man has a white handle", "predicate": "has", "target": {"coordinates": [159.14904785156, 3.0847396850586, 557.25402832031, 186.59121704102]}, "name": 4554, "source": {"coordinates": [439.28210449219, 21.3603515625, 290.55419921875, 382.94403076172]}, "seconds": 189.75, "object": "a white handle", "type": "relation", "subject": "the man"}, {"caption": "the man has a white handle", "predicate": "has", "target": {"coordinates": [587.8671875, 93.955009460449, 55.093017578125, 64.255531311035]}, "name": 4554, "source": {"coordinates": [439.28210449219, 21.3603515625, 290.55419921875, 382.94403076172]}, "seconds": 189.75, "object": "a white handle", "type": "relation", "subject": "the man"}, {"caption": "the man in room", "predicate": "in", "target": {"coordinates": [6.165581703186, 172.36666870117, 31.953678131104, 54.069641113281]}, "name": 4554, "source": {"coordinates": [439.28210449219, 21.3603515625, 290.55419921875, 382.94403076172]}, "seconds": 189.75, "object": "room", "type": "relation", "subject": "the man"}, {"caption": "the man in room", "predicate": "in", "target": {"coordinates": [250.47303771973, 28.029113769531, 172.14445495605, 346.06536865234]}, "name": 4554, "source": {"coordinates": [-5.0253601074219, 48.879669189453, 509.80072021484, 362.14199829102]}, "seconds": 189.75, "object": "room", "type": "relation", "subject": "the man"}, {"caption": "the man in room", "predicate": "in", "target": {"coordinates": [439.28210449219, 21.3603515625, 290.55419921875, 382.94403076172]}, "name": 4554, "source": {"coordinates": [-5.0253601074219, 48.879669189453, 509.80072021484, 362.14199829102]}, "seconds": 189.75, "object": "room", "type": "relation", "subject": "the man"}, {"caption": "the man wearing white shirt", "predicate": "wearing", "target": {"coordinates": [144.61697387695, 139.57427978516, 185.23614501953, 254.81219482422]}, "name": 4554, "source": {"coordinates": [-5.0253601074219, 48.879669189453, 509.80072021484, 362.14199829102]}, "seconds": 189.75, "object": "white shirt", "type": "relation", "subject": "the man"}, {"caption": "the man in room", "predicate": "in", "target": {"coordinates": [326.9248046875, 103.85046386719, 85.116638183594, 201.79281616211]}, "name": 4554, "source": {"coordinates": [-5.0253601074219, 48.879669189453, 509.80072021484, 362.14199829102]}, "seconds": 189.75, "object": "room", "type": "relation", "subject": "the man"}, {"caption": "the man has a white handle", "predicate": "has", "target": {"coordinates": [159.14904785156, 3.0847396850586, 557.25402832031, 186.59121704102]}, "name": 4554, "source": {"coordinates": [-5.0253601074219, 48.879669189453, 509.80072021484, 362.14199829102]}, "seconds": 189.75, "object": "a white handle", "type": "relation", "subject": "the man"}, {"caption": "the man has a white handle", "predicate": "has", "target": {"coordinates": [587.8671875, 93.955009460449, 55.093017578125, 64.255531311035]}, "name": 4554, "source": {"coordinates": [-5.0253601074219, 48.879669189453, 509.80072021484, 362.14199829102]}, "seconds": 189.75, "object": "a white handle", "type": "relation", "subject": "the man"}, {"caption": "the man wearing white shirt", "predicate": "wearing", "target": {"coordinates": [6.165581703186, 172.36666870117, 31.953678131104, 54.069641113281]}, "name": 4554, "source": {"coordinates": [-5.0253601074219, 48.879669189453, 509.80072021484, 362.14199829102]}, "seconds": 189.75, "object": "white shirt", "type": "relation", "subject": "the man"}, {"caption": "the man wearing white shirt", "predicate": "wearing", "target": {"coordinates": [250.47303771973, 28.029113769531, 172.14445495605, 346.06536865234]}, "name": 4554, "source": {"coordinates": [144.61697387695, 139.57427978516, 185.23614501953, 254.81219482422]}, "seconds": 189.75, "object": "white shirt", "type": "relation", "subject": "the man"}, {"caption": "the man in room", "predicate": "in", "target": {"coordinates": [439.28210449219, 21.3603515625, 290.55419921875, 382.94403076172]}, "name": 4554, "source": {"coordinates": [144.61697387695, 139.57427978516, 185.23614501953, 254.81219482422]}, "seconds": 189.75, "object": "room", "type": "relation", "subject": "the man"}, {"caption": "the man in room", "predicate": "in", "target": {"coordinates": [-5.0253601074219, 48.879669189453, 509.80072021484, 362.14199829102]}, "name": 4554, "source": {"coordinates": [144.61697387695, 139.57427978516, 185.23614501953, 254.81219482422]}, "seconds": 189.75, "object": "room", "type": "relation", "subject": "the man"}, {"caption": "the man in room", "predicate": "in", "target": {"coordinates": [326.9248046875, 103.85046386719, 85.116638183594, 201.79281616211]}, "name": 4554, "source": {"coordinates": [144.61697387695, 139.57427978516, 185.23614501953, 254.81219482422]}, "seconds": 189.75, "object": "room", "type": "relation", "subject": "the man"}, {"caption": "the man has a white handle", "predicate": "has", "target": {"coordinates": [159.14904785156, 3.0847396850586, 557.25402832031, 186.59121704102]}, "name": 4554, "source": {"coordinates": [144.61697387695, 139.57427978516, 185.23614501953, 254.81219482422]}, "seconds": 189.75, "object": "a white handle", "type": "relation", "subject": "the man"}, {"caption": "the man has a white handle", "predicate": "has", "target": {"coordinates": [587.8671875, 93.955009460449, 55.093017578125, 64.255531311035]}, "name": 4554, "source": {"coordinates": [144.61697387695, 139.57427978516, 185.23614501953, 254.81219482422]}, "seconds": 189.75, "object": "a white handle", "type": "relation", "subject": "the man"}, {"caption": "the man in a white shirt", "predicate": "in", "target": {"coordinates": [6.165581703186, 172.36666870117, 31.953678131104, 54.069641113281]}, "name": 4554, "source": {"coordinates": [144.61697387695, 139.57427978516, 185.23614501953, 254.81219482422]}, "seconds": 189.75, "object": "a white shirt", "type": "relation", "subject": "the man"}, {"caption": "the man in a white shirt", "predicate": "in", "target": {"coordinates": [250.47303771973, 28.029113769531, 172.14445495605, 346.06536865234]}, "name": 4554, "source": {"coordinates": [326.9248046875, 103.85046386719, 85.116638183594, 201.79281616211]}, "seconds": 189.75, "object": "a white shirt", "type": "relation", "subject": "the man"}, {"caption": "the man in room", "predicate": "in", "target": {"coordinates": [439.28210449219, 21.3603515625, 290.55419921875, 382.94403076172]}, "name": 4554, "source": {"coordinates": [326.9248046875, 103.85046386719, 85.116638183594, 201.79281616211]}, "seconds": 189.75, "object": "room", "type": "relation", "subject": "the man"}, {"caption": "the man in room", "predicate": "in", "target": {"coordinates": [-5.0253601074219, 48.879669189453, 509.80072021484, 362.14199829102]}, "name": 4554, "source": {"coordinates": [326.9248046875, 103.85046386719, 85.116638183594, 201.79281616211]}, "seconds": 189.75, "object": "room", "type": "relation", "subject": "the man"}, {"caption": "the man wearing black shirt", "predicate": "wearing", "target": {"coordinates": [144.61697387695, 139.57427978516, 185.23614501953, 254.81219482422]}, "name": 4554, "source": {"coordinates": [326.9248046875, 103.85046386719, 85.116638183594, 201.79281616211]}, "seconds": 189.75, "object": "black shirt", "type": "relation", "subject": "the man"}, {"caption": "the man wearing black shirt", "predicate": "wearing", "target": {"coordinates": [159.14904785156, 3.0847396850586, 557.25402832031, 186.59121704102]}, "name": 4554, "source": {"coordinates": [326.9248046875, 103.85046386719, 85.116638183594, 201.79281616211]}, "seconds": 189.75, "object": "black shirt", "type": "relation", "subject": "the man"}, {"caption": "the man wearing black shirt", "predicate": "wearing", "target": {"coordinates": [587.8671875, 93.955009460449, 55.093017578125, 64.255531311035]}, "name": 4554, "source": {"coordinates": [326.9248046875, 103.85046386719, 85.116638183594, 201.79281616211]}, "seconds": 189.75, "object": "black shirt", "type": "relation", "subject": "the man"}, {"caption": "the window on wall", "predicate": "on", "target": {"coordinates": [6.165581703186, 172.36666870117, 31.953678131104, 54.069641113281]}, "name": 4554, "source": {"coordinates": [326.9248046875, 103.85046386719, 85.116638183594, 201.79281616211]}, "seconds": 189.75, "object": "wall", "type": "relation", "subject": "the window"}, {"caption": "the window on wall", "predicate": "on", "target": {"coordinates": [250.47303771973, 28.029113769531, 172.14445495605, 346.06536865234]}, "name": 4554, "source": {"coordinates": [159.14904785156, 3.0847396850586, 557.25402832031, 186.59121704102]}, "seconds": 189.75, "object": "wall", "type": "relation", "subject": "the window"}, {"caption": "the window on wall", "predicate": "on", "target": {"coordinates": [439.28210449219, 21.3603515625, 290.55419921875, 382.94403076172]}, "name": 4554, "source": {"coordinates": [159.14904785156, 3.0847396850586, 557.25402832031, 186.59121704102]}, "seconds": 189.75, "object": "wall", "type": "relation", "subject": "the window"}, {"caption": "the window on wall", "predicate": "on", "target": {"coordinates": [-5.0253601074219, 48.879669189453, 509.80072021484, 362.14199829102]}, "name": 4554, "source": {"coordinates": [159.14904785156, 3.0847396850586, 557.25402832031, 186.59121704102]}, "seconds": 189.75, "object": "wall", "type": "relation", "subject": "the window"}, {"caption": "the window has a white window", "predicate": "has", "target": {"coordinates": [144.61697387695, 139.57427978516, 185.23614501953, 254.81219482422]}, "name": 4554, "source": {"coordinates": [159.14904785156, 3.0847396850586, 557.25402832031, 186.59121704102]}, "seconds": 189.75, "object": "a white window", "type": "relation", "subject": "the window"}, {"caption": "the window on building", "predicate": "on", "target": {"coordinates": [326.9248046875, 103.85046386719, 85.116638183594, 201.79281616211]}, "name": 4554, "source": {"coordinates": [159.14904785156, 3.0847396850586, 557.25402832031, 186.59121704102]}, "seconds": 189.75, "object": "building", "type": "relation", "subject": "the window"}, {"caption": "the window has a white window", "predicate": "has", "target": {"coordinates": [587.8671875, 93.955009460449, 55.093017578125, 64.255531311035]}, "name": 4554, "source": {"coordinates": [159.14904785156, 3.0847396850586, 557.25402832031, 186.59121704102]}, "seconds": 189.75, "object": "a white window", "type": "relation", "subject": "the window"}, {"caption": "the window on wall", "predicate": "on", "target": {"coordinates": [6.165581703186, 172.36666870117, 31.953678131104, 54.069641113281]}, "name": 4554, "source": {"coordinates": [159.14904785156, 3.0847396850586, 557.25402832031, 186.59121704102]}, "seconds": 189.75, "object": "wall", "type": "relation", "subject": "the window"}, {"caption": "the window on wall", "predicate": "on", "target": {"coordinates": [250.47303771973, 28.029113769531, 172.14445495605, 346.06536865234]}, "name": 4554, "source": {"coordinates": [587.8671875, 93.955009460449, 55.093017578125, 64.255531311035]}, "seconds": 189.75, "object": "wall", "type": "relation", "subject": "the window"}, {"caption": "the window on wall", "predicate": "on", "target": {"coordinates": [439.28210449219, 21.3603515625, 290.55419921875, 382.94403076172]}, "name": 4554, "source": {"coordinates": [587.8671875, 93.955009460449, 55.093017578125, 64.255531311035]}, "seconds": 189.75, "object": "wall", "type": "relation", "subject": "the window"}, {"caption": "the window on wall", "predicate": "on", "target": {"coordinates": [-5.0253601074219, 48.879669189453, 509.80072021484, 362.14199829102]}, "name": 4554, "source": {"coordinates": [587.8671875, 93.955009460449, 55.093017578125, 64.255531311035]}, "seconds": 189.75, "object": "wall", "type": "relation", "subject": "the window"}, {"caption": "the window on wall", "predicate": "on", "target": {"coordinates": [144.61697387695, 139.57427978516, 185.23614501953, 254.81219482422]}, "name": 4554, "source": {"coordinates": [587.8671875, 93.955009460449, 55.093017578125, 64.255531311035]}, "seconds": 189.75, "object": "wall", "type": "relation", "subject": "the window"}, {"caption": "the man in room", "predicate": "in", "target": {"coordinates": [326.9248046875, 103.85046386719, 85.116638183594, 201.79281616211]}, "name": 4554, "source": {"coordinates": [587.8671875, 93.955009460449, 55.093017578125, 64.255531311035]}, "seconds": 189.75, "object": "room", "type": "relation", "subject": "the man"}, {"caption": "the window on wall", "predicate": "on", "target": {"coordinates": [159.14904785156, 3.0847396850586, 557.25402832031, 186.59121704102]}, "name": 4554, "source": {"coordinates": [587.8671875, 93.955009460449, 55.093017578125, 64.255531311035]}, "seconds": 189.75, "object": "wall", "type": "relation", "subject": "the window"}, {"caption": "the window on wall", "predicate": "on", "target": {"coordinates": [6.165581703186, 172.36666870117, 31.953678131104, 54.069641113281]}, "name": 4554, "source": {"coordinates": [587.8671875, 93.955009460449, 55.093017578125, 64.255531311035]}, "seconds": 189.75, "object": "wall", "type": "relation", "subject": "the window"}, {"caption": "the window on wall", "predicate": "on", "target": {"coordinates": [250.47303771973, 28.029113769531, 172.14445495605, 346.06536865234]}, "name": 4554, "source": {"coordinates": [6.165581703186, 172.36666870117, 31.953678131104, 54.069641113281]}, "seconds": 189.75, "object": "wall", "type": "relation", "subject": "the window"}, {"caption": "the window on wall", "predicate": "on", "target": {"coordinates": [439.28210449219, 21.3603515625, 290.55419921875, 382.94403076172]}, "name": 4554, "source": {"coordinates": [6.165581703186, 172.36666870117, 31.953678131104, 54.069641113281]}, "seconds": 189.75, "object": "wall", "type": "relation", "subject": "the window"}, {"caption": "the window on wall", "predicate": "on", "target": {"coordinates": [-5.0253601074219, 48.879669189453, 509.80072021484, 362.14199829102]}, "name": 4554, "source": {"coordinates": [6.165581703186, 172.36666870117, 31.953678131104, 54.069641113281]}, "seconds": 189.75, "object": "wall", "type": "relation", "subject": "the window"}, {"caption": "the window on wall", "predicate": "on", "target": {"coordinates": [144.61697387695, 139.57427978516, 185.23614501953, 254.81219482422]}, "name": 4554, "source": {"coordinates": [6.165581703186, 172.36666870117, 31.953678131104, 54.069641113281]}, "seconds": 189.75, "object": "wall", "type": "relation", "subject": "the window"}, {"caption": "the man in room", "predicate": "in", "target": {"coordinates": [326.9248046875, 103.85046386719, 85.116638183594, 201.79281616211]}, "name": 4554, "source": {"coordinates": [6.165581703186, 172.36666870117, 31.953678131104, 54.069641113281]}, "seconds": 189.75, "object": "room", "type": "relation", "subject": "the man"}, {"caption": "the window on wall", "predicate": "on", "target": {"coordinates": [159.14904785156, 3.0847396850586, 557.25402832031, 186.59121704102]}, "name": 4554, "source": {"coordinates": [6.165581703186, 172.36666870117, 31.953678131104, 54.069641113281]}, "seconds": 189.75, "object": "wall", "type": "relation", "subject": "the window"}, {"caption": "the window on wall", "predicate": "on", "target": {"coordinates": [587.8671875, 93.955009460449, 55.093017578125, 64.255531311035]}, "name": 4554, "source": {"coordinates": [6.165581703186, 172.36666870117, 31.953678131104, 54.069641113281]}, "seconds": 189.75, "object": "wall", "type": "relation", "subject": "the window"}]