[{"caption": "the man wearing black shirt", "predicate": "wearing", "target": {"coordinates": [468.93051147461, 78.735382080078, 82.291900634766, 184.08395385742]}, "name": 4614, "source": {"coordinates": [288.31552124023, 62.643486022949, 80.2734375, 167.17196655273]}, "seconds": 192.25, "object": "black shirt", "type": "relation", "subject": "the man"}, {"caption": "the man on table", "predicate": "on", "target": {"coordinates": [371.92388916016, 51.833480834961, 180.00512695312, 347.24694824219]}, "name": 4614, "source": {"coordinates": [288.31552124023, 62.643486022949, 80.2734375, 167.17196655273]}, "seconds": 192.25, "object": "table", "type": "relation", "subject": "the man"}, {"caption": "the man in room", "predicate": "in", "target": {"coordinates": [-8.6010131835938, 18.189666748047, 322.06521606445, 365.95309448242]}, "name": 4614, "source": {"coordinates": [288.31552124023, 62.643486022949, 80.2734375, 167.17196655273]}, "seconds": 192.25, "object": "room", "type": "relation", "subject": "the man"}, {"caption": "the man in room", "predicate": "in", "target": {"coordinates": [6.9706115722656, 7.9485626220703, 734.7900390625, 210.84313964844]}, "name": 4614, "source": {"coordinates": [288.31552124023, 62.643486022949, 80.2734375, 167.17196655273]}, "seconds": 192.25, "object": "room", "type": "relation", "subject": "the man"}, {"caption": "the man in a white wall", "predicate": "in", "target": {"coordinates": [483.89837646484, 22.823333740234, 245.31372070312, 367.43423461914]}, "name": 4614, "source": {"coordinates": [288.31552124023, 62.643486022949, 80.2734375, 167.17196655273]}, "seconds": 192.25, "object": "a white wall", "type": "relation", "subject": "the man"}, {"caption": "the man on table", "predicate": "on", "target": {"coordinates": [-29.679779052734, 228.44412231445, 776.00805664062, 175.41583251953]}, "name": 4614, "source": {"coordinates": [288.31552124023, 62.643486022949, 80.2734375, 167.17196655273]}, "seconds": 192.25, "object": "table", "type": "relation", "subject": "the man"}, {"caption": "the man wearing white shirt", "predicate": "wearing", "target": {"coordinates": [135.71960449219, 163.46102905273, 128.86209106445, 123.5524597168]}, "name": 4614, "source": {"coordinates": [288.31552124023, 62.643486022949, 80.2734375, 167.17196655273]}, "seconds": 192.25, "object": "white shirt", "type": "relation", "subject": "the man"}, {"caption": "the man on table", "predicate": "on", "target": {"coordinates": [118.1082611084, 161.22518920898, 38.34716796875, 128.87930297852]}, "name": 4614, "source": {"coordinates": [288.31552124023, 62.643486022949, 80.2734375, 167.17196655273]}, "seconds": 192.25, "object": "table", "type": "relation", "subject": "the man"}, {"caption": "the man wearing black shirt", "predicate": "wearing", "target": {"coordinates": [97.94620513916, 97.428756713867, 86.083976745605, 217.32191467285]}, "name": 4614, "source": {"coordinates": [288.31552124023, 62.643486022949, 80.2734375, 167.17196655273]}, "seconds": 192.25, "object": "black shirt", "type": "relation", "subject": "the man"}, {"caption": "the man wearing black shirt", "predicate": "wearing", "target": {"coordinates": [288.31552124023, 62.643486022949, 80.2734375, 167.17196655273]}, "name": 4614, "source": {"coordinates": [468.93051147461, 78.735382080078, 82.291900634766, 184.08395385742]}, "seconds": 192.25, "object": "black shirt", "type": "relation", "subject": "the man"}, {"caption": "the man on table", "predicate": "on", "target": {"coordinates": [371.92388916016, 51.833480834961, 180.00512695312, 347.24694824219]}, "name": 4614, "source": {"coordinates": [468.93051147461, 78.735382080078, 82.291900634766, 184.08395385742]}, "seconds": 192.25, "object": "table", "type": "relation", "subject": "the man"}, {"caption": "the man on wall", "predicate": "on", "target": {"coordinates": [-8.6010131835938, 18.189666748047, 322.06521606445, 365.95309448242]}, "name": 4614, "source": {"coordinates": [468.93051147461, 78.735382080078, 82.291900634766, 184.08395385742]}, "seconds": 192.25, "object": "wall", "type": "relation", "subject": "the man"}, {"caption": "the man on wall", "predicate": "on", "target": {"coordinates": [6.9706115722656, 7.9485626220703, 734.7900390625, 210.84313964844]}, "name": 4614, "source": {"coordinates": [468.93051147461, 78.735382080078, 82.291900634766, 184.08395385742]}, "seconds": 192.25, "object": "wall", "type": "relation", "subject": "the man"}, {"caption": "the man on table", "predicate": "on", "target": {"coordinates": [483.89837646484, 22.823333740234, 245.31372070312, 367.43423461914]}, "name": 4614, "source": {"coordinates": [468.93051147461, 78.735382080078, 82.291900634766, 184.08395385742]}, "seconds": 192.25, "object": "table", "type": "relation", "subject": "the man"}, {"caption": "the man on table", "predicate": "on", "target": {"coordinates": [-29.679779052734, 228.44412231445, 776.00805664062, 175.41583251953]}, "name": 4614, "source": {"coordinates": [468.93051147461, 78.735382080078, 82.291900634766, 184.08395385742]}, "seconds": 192.25, "object": "table", "type": "relation", "subject": "the man"}, {"caption": "the man wearing white shirt", "predicate": "wearing", "target": {"coordinates": [135.71960449219, 163.46102905273, 128.86209106445, 123.5524597168]}, "name": 4614, "source": {"coordinates": [468.93051147461, 78.735382080078, 82.291900634766, 184.08395385742]}, "seconds": 192.25, "object": "white shirt", "type": "relation", "subject": "the man"}, {"caption": "the man on table", "predicate": "on", "target": {"coordinates": [118.1082611084, 161.22518920898, 38.34716796875, 128.87930297852]}, "name": 4614, "source": {"coordinates": [468.93051147461, 78.735382080078, 82.291900634766, 184.08395385742]}, "seconds": 192.25, "object": "table", "type": "relation", "subject": "the man"}, {"caption": "the man wearing black shirt", "predicate": "wearing", "target": {"coordinates": [97.94620513916, 97.428756713867, 86.083976745605, 217.32191467285]}, "name": 4614, "source": {"coordinates": [468.93051147461, 78.735382080078, 82.291900634766, 184.08395385742]}, "seconds": 192.25, "object": "black shirt", "type": "relation", "subject": "the man"}, {"caption": "the man wearing black shirt", "predicate": "wearing", "target": {"coordinates": [288.31552124023, 62.643486022949, 80.2734375, 167.17196655273]}, "name": 4614, "source": {"coordinates": [371.92388916016, 51.833480834961, 180.00512695312, 347.24694824219]}, "seconds": 192.25, "object": "black shirt", "type": "relation", "subject": "the man"}, {"caption": "the man wearing black shirt", "predicate": "wearing", "target": {"coordinates": [468.93051147461, 78.735382080078, 82.291900634766, 184.08395385742]}, "name": 4614, "source": {"coordinates": [371.92388916016, 51.833480834961, 180.00512695312, 347.24694824219]}, "seconds": 192.25, "object": "black shirt", "type": "relation", "subject": "the man"}, {"caption": "the man in room", "predicate": "in", "target": {"coordinates": [-8.6010131835938, 18.189666748047, 322.06521606445, 365.95309448242]}, "name": 4614, "source": {"coordinates": [371.92388916016, 51.833480834961, 180.00512695312, 347.24694824219]}, "seconds": 192.25, "object": "room", "type": "relation", "subject": "the man"}, {"caption": "the man in room", "predicate": "in", "target": {"coordinates": [6.9706115722656, 7.9485626220703, 734.7900390625, 210.84313964844]}, "name": 4614, "source": {"coordinates": [371.92388916016, 51.833480834961, 180.00512695312, 347.24694824219]}, "seconds": 192.25, "object": "room", "type": "relation", "subject": "the man"}, {"caption": "the man in room", "predicate": "in", "target": {"coordinates": [483.89837646484, 22.823333740234, 245.31372070312, 367.43423461914]}, "name": 4614, "source": {"coordinates": [371.92388916016, 51.833480834961, 180.00512695312, 347.24694824219]}, "seconds": 192.25, "object": "room", "type": "relation", "subject": "the man"}, {"caption": "the man on table", "predicate": "on", "target": {"coordinates": [-29.679779052734, 228.44412231445, 776.00805664062, 175.41583251953]}, "name": 4614, "source": {"coordinates": [371.92388916016, 51.833480834961, 180.00512695312, 347.24694824219]}, "seconds": 192.25, "object": "table", "type": "relation", "subject": "the man"}, {"caption": "the man wearing black shirt", "predicate": "wearing", "target": {"coordinates": [135.71960449219, 163.46102905273, 128.86209106445, 123.5524597168]}, "name": 4614, "source": {"coordinates": [371.92388916016, 51.833480834961, 180.00512695312, 347.24694824219]}, "seconds": 192.25, "object": "black shirt", "type": "relation", "subject": "the man"}, {"caption": "the man on table", "predicate": "on", "target": {"coordinates": [118.1082611084, 161.22518920898, 38.34716796875, 128.87930297852]}, "name": 4614, "source": {"coordinates": [371.92388916016, 51.833480834961, 180.00512695312, 347.24694824219]}, "seconds": 192.25, "object": "table", "type": "relation", "subject": "the man"}, {"caption": "the man wearing black shirt", "predicate": "wearing", "target": {"coordinates": [97.94620513916, 97.428756713867, 86.083976745605, 217.32191467285]}, "name": 4614, "source": {"coordinates": [371.92388916016, 51.833480834961, 180.00512695312, 347.24694824219]}, "seconds": 192.25, "object": "black shirt", "type": "relation", "subject": "the man"}, {"caption": "the man wearing black shirt", "predicate": "wearing", "target": {"coordinates": [288.31552124023, 62.643486022949, 80.2734375, 167.17196655273]}, "name": 4614, "source": {"coordinates": [-8.6010131835938, 18.189666748047, 322.06521606445, 365.95309448242]}, "seconds": 192.25, "object": "black shirt", "type": "relation", "subject": "the man"}, {"caption": "the man wearing black shirt", "predicate": "wearing", "target": {"coordinates": [468.93051147461, 78.735382080078, 82.291900634766, 184.08395385742]}, "name": 4614, "source": {"coordinates": [-8.6010131835938, 18.189666748047, 322.06521606445, 365.95309448242]}, "seconds": 192.25, "object": "black shirt", "type": "relation", "subject": "the man"}, {"caption": "the table in room", "predicate": "in", "target": {"coordinates": [371.92388916016, 51.833480834961, 180.00512695312, 347.24694824219]}, "name": 4614, "source": {"coordinates": [-8.6010131835938, 18.189666748047, 322.06521606445, 365.95309448242]}, "seconds": 192.25, "object": "room", "type": "relation", "subject": "the table"}, {"caption": "the window on wall", "predicate": "on", "target": {"coordinates": [6.9706115722656, 7.9485626220703, 734.7900390625, 210.84313964844]}, "name": 4614, "source": {"coordinates": [-8.6010131835938, 18.189666748047, 322.06521606445, 365.95309448242]}, "seconds": 192.25, "object": "wall", "type": "relation", "subject": "the window"}, {"caption": "the table in room", "predicate": "in", "target": {"coordinates": [483.89837646484, 22.823333740234, 245.31372070312, 367.43423461914]}, "name": 4614, "source": {"coordinates": [-8.6010131835938, 18.189666748047, 322.06521606445, 365.95309448242]}, "seconds": 192.25, "object": "room", "type": "relation", "subject": "the table"}, {"caption": "the window on wall", "predicate": "on", "target": {"coordinates": [-29.679779052734, 228.44412231445, 776.00805664062, 175.41583251953]}, "name": 4614, "source": {"coordinates": [-8.6010131835938, 18.189666748047, 322.06521606445, 365.95309448242]}, "seconds": 192.25, "object": "wall", "type": "relation", "subject": "the window"}, {"caption": "the man has a white handle", "predicate": "has", "target": {"coordinates": [135.71960449219, 163.46102905273, 128.86209106445, 123.5524597168]}, "name": 4614, "source": {"coordinates": [-8.6010131835938, 18.189666748047, 322.06521606445, 365.95309448242]}, "seconds": 192.25, "object": "a white handle", "type": "relation", "subject": "the man"}, {"caption": "the man in room", "predicate": "in", "target": {"coordinates": [118.1082611084, 161.22518920898, 38.34716796875, 128.87930297852]}, "name": 4614, "source": {"coordinates": [-8.6010131835938, 18.189666748047, 322.06521606445, 365.95309448242]}, "seconds": 192.25, "object": "room", "type": "relation", "subject": "the man"}, {"caption": "the window on wall", "predicate": "on", "target": {"coordinates": [97.94620513916, 97.428756713867, 86.083976745605, 217.32191467285]}, "name": 4614, "source": {"coordinates": [-8.6010131835938, 18.189666748047, 322.06521606445, 365.95309448242]}, "seconds": 192.25, "object": "wall", "type": "relation", "subject": "the window"}, {"caption": "the window on wall", "predicate": "on", "target": {"coordinates": [288.31552124023, 62.643486022949, 80.2734375, 167.17196655273]}, "name": 4614, "source": {"coordinates": [6.9706115722656, 7.9485626220703, 734.7900390625, 210.84313964844]}, "seconds": 192.25, "object": "wall", "type": "relation", "subject": "the window"}, {"caption": "the man wearing black shirt", "predicate": "wearing", "target": {"coordinates": [468.93051147461, 78.735382080078, 82.291900634766, 184.08395385742]}, "name": 4614, "source": {"coordinates": [6.9706115722656, 7.9485626220703, 734.7900390625, 210.84313964844]}, "seconds": 192.25, "object": "black shirt", "type": "relation", "subject": "the man"}, {"caption": "the window on wall", "predicate": "on", "target": {"coordinates": [371.92388916016, 51.833480834961, 180.00512695312, 347.24694824219]}, "name": 4614, "source": {"coordinates": [6.9706115722656, 7.9485626220703, 734.7900390625, 210.84313964844]}, "seconds": 192.25, "object": "wall", "type": "relation", "subject": "the window"}, {"caption": "the window on wall", "predicate": "on", "target": {"coordinates": [-8.6010131835938, 18.189666748047, 322.06521606445, 365.95309448242]}, "name": 4614, "source": {"coordinates": [6.9706115722656, 7.9485626220703, 734.7900390625, 210.84313964844]}, "seconds": 192.25, "object": "wall", "type": "relation", "subject": "the window"}, {"caption": "the window on wall", "predicate": "on", "target": {"coordinates": [483.89837646484, 22.823333740234, 245.31372070312, 367.43423461914]}, "name": 4614, "source": {"coordinates": [6.9706115722656, 7.9485626220703, 734.7900390625, 210.84313964844]}, "seconds": 192.25, "object": "wall", "type": "relation", "subject": "the window"}, {"caption": "the window on wall", "predicate": "on", "target": {"coordinates": [-29.679779052734, 228.44412231445, 776.00805664062, 175.41583251953]}, "name": 4614, "source": {"coordinates": [6.9706115722656, 7.9485626220703, 734.7900390625, 210.84313964844]}, "seconds": 192.25, "object": "wall", "type": "relation", "subject": "the window"}, {"caption": "the man has a white toilet", "predicate": "has", "target": {"coordinates": [135.71960449219, 163.46102905273, 128.86209106445, 123.5524597168]}, "name": 4614, "source": {"coordinates": [6.9706115722656, 7.9485626220703, 734.7900390625, 210.84313964844]}, "seconds": 192.25, "object": "a white toilet", "type": "relation", "subject": "the man"}, {"caption": "the window on wall", "predicate": "on", "target": {"coordinates": [118.1082611084, 161.22518920898, 38.34716796875, 128.87930297852]}, "name": 4614, "source": {"coordinates": [6.9706115722656, 7.9485626220703, 734.7900390625, 210.84313964844]}, "seconds": 192.25, "object": "wall", "type": "relation", "subject": "the window"}, {"caption": "the man wearing white shirt", "predicate": "wearing", "target": {"coordinates": [97.94620513916, 97.428756713867, 86.083976745605, 217.32191467285]}, "name": 4614, "source": {"coordinates": [6.9706115722656, 7.9485626220703, 734.7900390625, 210.84313964844]}, "seconds": 192.25, "object": "white shirt", "type": "relation", "subject": "the man"}, {"caption": "the man wearing white shirt", "predicate": "wearing", "target": {"coordinates": [288.31552124023, 62.643486022949, 80.2734375, 167.17196655273]}, "name": 4614, "source": {"coordinates": [483.89837646484, 22.823333740234, 245.31372070312, 367.43423461914]}, "seconds": 192.25, "object": "white shirt", "type": "relation", "subject": "the man"}, {"caption": "the man wearing black shirt", "predicate": "wearing", "target": {"coordinates": [468.93051147461, 78.735382080078, 82.291900634766, 184.08395385742]}, "name": 4614, "source": {"coordinates": [483.89837646484, 22.823333740234, 245.31372070312, 367.43423461914]}, "seconds": 192.25, "object": "black shirt", "type": "relation", "subject": "the man"}, {"caption": "the window on wall", "predicate": "on", "target": {"coordinates": [371.92388916016, 51.833480834961, 180.00512695312, 347.24694824219]}, "name": 4614, "source": {"coordinates": [483.89837646484, 22.823333740234, 245.31372070312, 367.43423461914]}, "seconds": 192.25, "object": "wall", "type": "relation", "subject": "the window"}, {"caption": "the window on wall", "predicate": "on", "target": {"coordinates": [-8.6010131835938, 18.189666748047, 322.06521606445, 365.95309448242]}, "name": 4614, "source": {"coordinates": [483.89837646484, 22.823333740234, 245.31372070312, 367.43423461914]}, "seconds": 192.25, "object": "wall", "type": "relation", "subject": "the window"}, {"caption": "the window on wall", "predicate": "on", "target": {"coordinates": [6.9706115722656, 7.9485626220703, 734.7900390625, 210.84313964844]}, "name": 4614, "source": {"coordinates": [483.89837646484, 22.823333740234, 245.31372070312, 367.43423461914]}, "seconds": 192.25, "object": "wall", "type": "relation", "subject": "the window"}, {"caption": "the man on table", "predicate": "on", "target": {"coordinates": [-29.679779052734, 228.44412231445, 776.00805664062, 175.41583251953]}, "name": 4614, "source": {"coordinates": [483.89837646484, 22.823333740234, 245.31372070312, 367.43423461914]}, "seconds": 192.25, "object": "table", "type": "relation", "subject": "the man"}, {"caption": "the man has a white handle", "predicate": "has", "target": {"coordinates": [135.71960449219, 163.46102905273, 128.86209106445, 123.5524597168]}, "name": 4614, "source": {"coordinates": [483.89837646484, 22.823333740234, 245.31372070312, 367.43423461914]}, "seconds": 192.25, "object": "a white handle", "type": "relation", "subject": "the man"}, {"caption": "the man in a white sink", "predicate": "in", "target": {"coordinates": [118.1082611084, 161.22518920898, 38.34716796875, 128.87930297852]}, "name": 4614, "source": {"coordinates": [483.89837646484, 22.823333740234, 245.31372070312, 367.43423461914]}, "seconds": 192.25, "object": "a white sink", "type": "relation", "subject": "the man"}, {"caption": "the table in room", "predicate": "in", "target": {"coordinates": [97.94620513916, 97.428756713867, 86.083976745605, 217.32191467285]}, "name": 4614, "source": {"coordinates": [483.89837646484, 22.823333740234, 245.31372070312, 367.43423461914]}, "seconds": 192.25, "object": "room", "type": "relation", "subject": "the table"}, {"caption": "the table in room", "predicate": "in", "target": {"coordinates": [288.31552124023, 62.643486022949, 80.2734375, 167.17196655273]}, "name": 4614, "source": {"coordinates": [-29.679779052734, 228.44412231445, 776.00805664062, 175.41583251953]}, "seconds": 192.25, "object": "room", "type": "relation", "subject": "the table"}, {"caption": "the table has a white shirt", "predicate": "has", "target": {"coordinates": [468.93051147461, 78.735382080078, 82.291900634766, 184.08395385742]}, "name": 4614, "source": {"coordinates": [-29.679779052734, 228.44412231445, 776.00805664062, 175.41583251953]}, "seconds": 192.25, "object": "a white shirt", "type": "relation", "subject": "the table"}, {"caption": "the table in room", "predicate": "in", "target": {"coordinates": [371.92388916016, 51.833480834961, 180.00512695312, 347.24694824219]}, "name": 4614, "source": {"coordinates": [-29.679779052734, 228.44412231445, 776.00805664062, 175.41583251953]}, "seconds": 192.25, "object": "room", "type": "relation", "subject": "the table"}, {"caption": "the table in room", "predicate": "in", "target": {"coordinates": [-8.6010131835938, 18.189666748047, 322.06521606445, 365.95309448242]}, "name": 4614, "source": {"coordinates": [-29.679779052734, 228.44412231445, 776.00805664062, 175.41583251953]}, "seconds": 192.25, "object": "room", "type": "relation", "subject": "the table"}, {"caption": "the table in room", "predicate": "in", "target": {"coordinates": [6.9706115722656, 7.9485626220703, 734.7900390625, 210.84313964844]}, "name": 4614, "source": {"coordinates": [-29.679779052734, 228.44412231445, 776.00805664062, 175.41583251953]}, "seconds": 192.25, "object": "room", "type": "relation", "subject": "the table"}, {"caption": "the table in room", "predicate": "in", "target": {"coordinates": [483.89837646484, 22.823333740234, 245.31372070312, 367.43423461914]}, "name": 4614, "source": {"coordinates": [-29.679779052734, 228.44412231445, 776.00805664062, 175.41583251953]}, "seconds": 192.25, "object": "room", "type": "relation", "subject": "the table"}, {"caption": "the table has a white handle", "predicate": "has", "target": {"coordinates": [135.71960449219, 163.46102905273, 128.86209106445, 123.5524597168]}, "name": 4614, "source": {"coordinates": [-29.679779052734, 228.44412231445, 776.00805664062, 175.41583251953]}, "seconds": 192.25, "object": "a white handle", "type": "relation", "subject": "the table"}, {"caption": "the table has a white sink", "predicate": "has", "target": {"coordinates": [118.1082611084, 161.22518920898, 38.34716796875, 128.87930297852]}, "name": 4614, "source": {"coordinates": [-29.679779052734, 228.44412231445, 776.00805664062, 175.41583251953]}, "seconds": 192.25, "object": "a white sink", "type": "relation", "subject": "the table"}, {"caption": "the table has a white shirt", "predicate": "has", "target": {"coordinates": [97.94620513916, 97.428756713867, 86.083976745605, 217.32191467285]}, "name": 4614, "source": {"coordinates": [-29.679779052734, 228.44412231445, 776.00805664062, 175.41583251953]}, "seconds": 192.25, "object": "a white shirt", "type": "relation", "subject": "the table"}, {"caption": "the table has a white shirt", "predicate": "has", "target": {"coordinates": [288.31552124023, 62.643486022949, 80.2734375, 167.17196655273]}, "name": 4614, "source": {"coordinates": [135.71960449219, 163.46102905273, 128.86209106445, 123.5524597168]}, "seconds": 192.25, "object": "a white shirt", "type": "relation", "subject": "the table"}, {"caption": "the table has a white shirt", "predicate": "has", "target": {"coordinates": [468.93051147461, 78.735382080078, 82.291900634766, 184.08395385742]}, "name": 4614, "source": {"coordinates": [135.71960449219, 163.46102905273, 128.86209106445, 123.5524597168]}, "seconds": 192.25, "object": "a white shirt", "type": "relation", "subject": "the table"}, {"caption": "the table in room", "predicate": "in", "target": {"coordinates": [371.92388916016, 51.833480834961, 180.00512695312, 347.24694824219]}, "name": 4614, "source": {"coordinates": [135.71960449219, 163.46102905273, 128.86209106445, 123.5524597168]}, "seconds": 192.25, "object": "room", "type": "relation", "subject": "the table"}, {"caption": "the table in room", "predicate": "in", "target": {"coordinates": [-8.6010131835938, 18.189666748047, 322.06521606445, 365.95309448242]}, "name": 4614, "source": {"coordinates": [135.71960449219, 163.46102905273, 128.86209106445, 123.5524597168]}, "seconds": 192.25, "object": "room", "type": "relation", "subject": "the table"}, {"caption": "the table in room", "predicate": "in", "target": {"coordinates": [6.9706115722656, 7.9485626220703, 734.7900390625, 210.84313964844]}, "name": 4614, "source": {"coordinates": [135.71960449219, 163.46102905273, 128.86209106445, 123.5524597168]}, "seconds": 192.25, "object": "room", "type": "relation", "subject": "the table"}, {"caption": "the table in room", "predicate": "in", "target": {"coordinates": [483.89837646484, 22.823333740234, 245.31372070312, 367.43423461914]}, "name": 4614, "source": {"coordinates": [135.71960449219, 163.46102905273, 128.86209106445, 123.5524597168]}, "seconds": 192.25, "object": "room", "type": "relation", "subject": "the table"}, {"caption": "the table in room", "predicate": "in", "target": {"coordinates": [-29.679779052734, 228.44412231445, 776.00805664062, 175.41583251953]}, "name": 4614, "source": {"coordinates": [135.71960449219, 163.46102905273, 128.86209106445, 123.5524597168]}, "seconds": 192.25, "object": "room", "type": "relation", "subject": "the table"}, {"caption": "the table in room", "predicate": "in", "target": {"coordinates": [118.1082611084, 161.22518920898, 38.34716796875, 128.87930297852]}, "name": 4614, "source": {"coordinates": [135.71960449219, 163.46102905273, 128.86209106445, 123.5524597168]}, "seconds": 192.25, "object": "room", "type": "relation", "subject": "the table"}, {"caption": "the picture on wall", "predicate": "on", "target": {"coordinates": [97.94620513916, 97.428756713867, 86.083976745605, 217.32191467285]}, "name": 4614, "source": {"coordinates": [135.71960449219, 163.46102905273, 128.86209106445, 123.5524597168]}, "seconds": 192.25, "object": "wall", "type": "relation", "subject": "the picture"}, {"caption": "the picture on wall", "predicate": "on", "target": {"coordinates": [288.31552124023, 62.643486022949, 80.2734375, 167.17196655273]}, "name": 4614, "source": {"coordinates": [118.1082611084, 161.22518920898, 38.34716796875, 128.87930297852]}, "seconds": 192.25, "object": "wall", "type": "relation", "subject": "the picture"}, {"caption": "the picture on wall", "predicate": "on", "target": {"coordinates": [468.93051147461, 78.735382080078, 82.291900634766, 184.08395385742]}, "name": 4614, "source": {"coordinates": [118.1082611084, 161.22518920898, 38.34716796875, 128.87930297852]}, "seconds": 192.25, "object": "wall", "type": "relation", "subject": "the picture"}, {"caption": "the light on wall", "predicate": "on", "target": {"coordinates": [371.92388916016, 51.833480834961, 180.00512695312, 347.24694824219]}, "name": 4614, "source": {"coordinates": [118.1082611084, 161.22518920898, 38.34716796875, 128.87930297852]}, "seconds": 192.25, "object": "wall", "type": "relation", "subject": "the light"}, {"caption": "the light on wall", "predicate": "on", "target": {"coordinates": [-8.6010131835938, 18.189666748047, 322.06521606445, 365.95309448242]}, "name": 4614, "source": {"coordinates": [118.1082611084, 161.22518920898, 38.34716796875, 128.87930297852]}, "seconds": 192.25, "object": "wall", "type": "relation", "subject": "the light"}, {"caption": "the picture on wall", "predicate": "on", "target": {"coordinates": [6.9706115722656, 7.9485626220703, 734.7900390625, 210.84313964844]}, "name": 4614, "source": {"coordinates": [118.1082611084, 161.22518920898, 38.34716796875, 128.87930297852]}, "seconds": 192.25, "object": "wall", "type": "relation", "subject": "the picture"}, {"caption": "the picture on wall", "predicate": "on", "target": {"coordinates": [483.89837646484, 22.823333740234, 245.31372070312, 367.43423461914]}, "name": 4614, "source": {"coordinates": [118.1082611084, 161.22518920898, 38.34716796875, 128.87930297852]}, "seconds": 192.25, "object": "wall", "type": "relation", "subject": "the picture"}, {"caption": "the light on table", "predicate": "on", "target": {"coordinates": [-29.679779052734, 228.44412231445, 776.00805664062, 175.41583251953]}, "name": 4614, "source": {"coordinates": [118.1082611084, 161.22518920898, 38.34716796875, 128.87930297852]}, "seconds": 192.25, "object": "table", "type": "relation", "subject": "the light"}, {"caption": "the picture on wall", "predicate": "on", "target": {"coordinates": [135.71960449219, 163.46102905273, 128.86209106445, 123.5524597168]}, "name": 4614, "source": {"coordinates": [118.1082611084, 161.22518920898, 38.34716796875, 128.87930297852]}, "seconds": 192.25, "object": "wall", "type": "relation", "subject": "the picture"}, {"caption": "the picture on wall", "predicate": "on", "target": {"coordinates": [97.94620513916, 97.428756713867, 86.083976745605, 217.32191467285]}, "name": 4614, "source": {"coordinates": [118.1082611084, 161.22518920898, 38.34716796875, 128.87930297852]}, "seconds": 192.25, "object": "wall", "type": "relation", "subject": "the picture"}, {"caption": "the picture on wall", "predicate": "on", "target": {"coordinates": [288.31552124023, 62.643486022949, 80.2734375, 167.17196655273]}, "name": 4614, "source": {"coordinates": [97.94620513916, 97.428756713867, 86.083976745605, 217.32191467285]}, "seconds": 192.25, "object": "wall", "type": "relation", "subject": "the picture"}, {"caption": "the chair in a a white shirt", "predicate": "in", "target": {"coordinates": [468.93051147461, 78.735382080078, 82.291900634766, 184.08395385742]}, "name": 4614, "source": {"coordinates": [97.94620513916, 97.428756713867, 86.083976745605, 217.32191467285]}, "seconds": 192.25, "object": "a a white shirt", "type": "relation", "subject": "the chair"}, {"caption": "the table in room", "predicate": "in", "target": {"coordinates": [371.92388916016, 51.833480834961, 180.00512695312, 347.24694824219]}, "name": 4614, "source": {"coordinates": [97.94620513916, 97.428756713867, 86.083976745605, 217.32191467285]}, "seconds": 192.25, "object": "room", "type": "relation", "subject": "the table"}, {"caption": "the window on wall", "predicate": "on", "target": {"coordinates": [-8.6010131835938, 18.189666748047, 322.06521606445, 365.95309448242]}, "name": 4614, "source": {"coordinates": [97.94620513916, 97.428756713867, 86.083976745605, 217.32191467285]}, "seconds": 192.25, "object": "wall", "type": "relation", "subject": "the window"}, {"caption": "the window on wall", "predicate": "on", "target": {"coordinates": [6.9706115722656, 7.9485626220703, 734.7900390625, 210.84313964844]}, "name": 4614, "source": {"coordinates": [97.94620513916, 97.428756713867, 86.083976745605, 217.32191467285]}, "seconds": 192.25, "object": "wall", "type": "relation", "subject": "the window"}, {"caption": "the picture on wall", "predicate": "on", "target": {"coordinates": [483.89837646484, 22.823333740234, 245.31372070312, 367.43423461914]}, "name": 4614, "source": {"coordinates": [97.94620513916, 97.428756713867, 86.083976745605, 217.32191467285]}, "seconds": 192.25, "object": "wall", "type": "relation", "subject": "the picture"}, {"caption": "the table in room", "predicate": "in", "target": {"coordinates": [-29.679779052734, 228.44412231445, 776.00805664062, 175.41583251953]}, "name": 4614, "source": {"coordinates": [97.94620513916, 97.428756713867, 86.083976745605, 217.32191467285]}, "seconds": 192.25, "object": "room", "type": "relation", "subject": "the table"}, {"caption": "the window on wall", "predicate": "on", "target": {"coordinates": [135.71960449219, 163.46102905273, 128.86209106445, 123.5524597168]}, "name": 4614, "source": {"coordinates": [97.94620513916, 97.428756713867, 86.083976745605, 217.32191467285]}, "seconds": 192.25, "object": "wall", "type": "relation", "subject": "the window"}, {"caption": "the glass on table", "predicate": "on", "target": {"coordinates": [118.1082611084, 161.22518920898, 38.34716796875, 128.87930297852]}, "name": 4614, "source": {"coordinates": [97.94620513916, 97.428756713867, 86.083976745605, 217.32191467285]}, "seconds": 192.25, "object": "table", "type": "relation", "subject": "the glass"}]