[{"caption": "the man wearing black shirt", "predicate": "wearing", "target": {"coordinates": [355.40588378906, 58.622695922852, 276.55609130859, 324.791015625]}, "name": 4878, "source": {"coordinates": [67.980583190918, 39.14835357666, 246.12875366211, 245.89990234375]}, "seconds": 203.25, "object": "black shirt", "type": "relation", "subject": "the man"}, {"caption": "the man in a white shirt", "predicate": "in", "target": {"coordinates": [43.944732666016, 204.27426147461, 232.20169067383, 196.79455566406]}, "name": 4878, "source": {"coordinates": [67.980583190918, 39.14835357666, 246.12875366211, 245.89990234375]}, "seconds": 203.25, "object": "a white shirt", "type": "relation", "subject": "the man"}, {"caption": "the man wearing black shirt", "predicate": "wearing", "target": {"coordinates": [13.306213378906, -2.5491180419922, 741.90179443359, 327.69189453125]}, "name": 4878, "source": {"coordinates": [67.980583190918, 39.14835357666, 246.12875366211, 245.89990234375]}, "seconds": 203.25, "object": "black shirt", "type": "relation", "subject": "the man"}, {"caption": "the man wearing white shirt", "predicate": "wearing", "target": {"coordinates": [440.56341552734, 154.2283782959, 90.496643066406, 234.41065979004]}, "name": 4878, "source": {"coordinates": [67.980583190918, 39.14835357666, 246.12875366211, 245.89990234375]}, "seconds": 203.25, "object": "white shirt", "type": "relation", "subject": "the man"}, {"caption": "the man in a white shirt", "predicate": "in", "target": {"coordinates": [362.22384643555, 353.23587036133, 61.408203125, 50.979187011719]}, "name": 4878, "source": {"coordinates": [67.980583190918, 39.14835357666, 246.12875366211, 245.89990234375]}, "seconds": 203.25, "object": "a white shirt", "type": "relation", "subject": "the man"}, {"caption": "the man in room", "predicate": "in", "target": {"coordinates": [148.56579589844, 226.11129760742, 587.43292236328, 176.30731201172]}, "name": 4878, "source": {"coordinates": [67.980583190918, 39.14835357666, 246.12875366211, 245.89990234375]}, "seconds": 203.25, "object": "room", "type": "relation", "subject": "the man"}, {"caption": "the man in white wall", "predicate": "in", "target": {"coordinates": [526.67559814453, 7.4477386474609, 200.75085449219, 361.27648925781]}, "name": 4878, "source": {"coordinates": [67.980583190918, 39.14835357666, 246.12875366211, 245.89990234375]}, "seconds": 203.25, "object": "white wall", "type": "relation", "subject": "the man"}, {"caption": "the man wearing white shirt", "predicate": "wearing", "target": {"coordinates": [660.52087402344, 7.4864130020142, 56.23828125, 24.424770355225]}, "name": 4878, "source": {"coordinates": [67.980583190918, 39.14835357666, 246.12875366211, 245.89990234375]}, "seconds": 203.25, "object": "white shirt", "type": "relation", "subject": "the man"}, {"caption": "the man wearing white shirt", "predicate": "wearing", "target": {"coordinates": [67.980583190918, 39.14835357666, 246.12875366211, 245.89990234375]}, "name": 4878, "source": {"coordinates": [355.40588378906, 58.622695922852, 276.55609130859, 324.791015625]}, "seconds": 203.25, "object": "white shirt", "type": "relation", "subject": "the man"}, {"caption": "the man in a white shirt", "predicate": "in", "target": {"coordinates": [43.944732666016, 204.27426147461, 232.20169067383, 196.79455566406]}, "name": 4878, "source": {"coordinates": [355.40588378906, 58.622695922852, 276.55609130859, 324.791015625]}, "seconds": 203.25, "object": "a white shirt", "type": "relation", "subject": "the man"}, {"caption": "the man wearing white shirt", "predicate": "wearing", "target": {"coordinates": [13.306213378906, -2.5491180419922, 741.90179443359, 327.69189453125]}, "name": 4878, "source": {"coordinates": [355.40588378906, 58.622695922852, 276.55609130859, 324.791015625]}, "seconds": 203.25, "object": "white shirt", "type": "relation", "subject": "the man"}, {"caption": "the man wearing white shirt", "predicate": "wearing", "target": {"coordinates": [440.56341552734, 154.2283782959, 90.496643066406, 234.41065979004]}, "name": 4878, "source": {"coordinates": [355.40588378906, 58.622695922852, 276.55609130859, 324.791015625]}, "seconds": 203.25, "object": "white shirt", "type": "relation", "subject": "the man"}, {"caption": "the woman in a room", "predicate": "in", "target": {"coordinates": [362.22384643555, 353.23587036133, 61.408203125, 50.979187011719]}, "name": 4878, "source": {"coordinates": [355.40588378906, 58.622695922852, 276.55609130859, 324.791015625]}, "seconds": 203.25, "object": "a room", "type": "relation", "subject": "the woman"}, {"caption": "the man in room", "predicate": "in", "target": {"coordinates": [148.56579589844, 226.11129760742, 587.43292236328, 176.30731201172]}, "name": 4878, "source": {"coordinates": [355.40588378906, 58.622695922852, 276.55609130859, 324.791015625]}, "seconds": 203.25, "object": "room", "type": "relation", "subject": "the man"}, {"caption": "the man in white wall", "predicate": "in", "target": {"coordinates": [526.67559814453, 7.4477386474609, 200.75085449219, 361.27648925781]}, "name": 4878, "source": {"coordinates": [355.40588378906, 58.622695922852, 276.55609130859, 324.791015625]}, "seconds": 203.25, "object": "white wall", "type": "relation", "subject": "the man"}, {"caption": "the man wearing black shirt", "predicate": "wearing", "target": {"coordinates": [660.52087402344, 7.4864130020142, 56.23828125, 24.424770355225]}, "name": 4878, "source": {"coordinates": [355.40588378906, 58.622695922852, 276.55609130859, 324.791015625]}, "seconds": 203.25, "object": "black shirt", "type": "relation", "subject": "the man"}, {"caption": "the man wearing black shirt", "predicate": "wearing", "target": {"coordinates": [67.980583190918, 39.14835357666, 246.12875366211, 245.89990234375]}, "name": 4878, "source": {"coordinates": [43.944732666016, 204.27426147461, 232.20169067383, 196.79455566406]}, "seconds": 203.25, "object": "black shirt", "type": "relation", "subject": "the man"}, {"caption": "the man wearing black shirt", "predicate": "wearing", "target": {"coordinates": [355.40588378906, 58.622695922852, 276.55609130859, 324.791015625]}, "name": 4878, "source": {"coordinates": [43.944732666016, 204.27426147461, 232.20169067383, 196.79455566406]}, "seconds": 203.25, "object": "black shirt", "type": "relation", "subject": "the man"}, {"caption": "the man wearing black shirt", "predicate": "wearing", "target": {"coordinates": [13.306213378906, -2.5491180419922, 741.90179443359, 327.69189453125]}, "name": 4878, "source": {"coordinates": [43.944732666016, 204.27426147461, 232.20169067383, 196.79455566406]}, "seconds": 203.25, "object": "black shirt", "type": "relation", "subject": "the man"}, {"caption": "the man has white", "predicate": "has", "target": {"coordinates": [440.56341552734, 154.2283782959, 90.496643066406, 234.41065979004]}, "name": 4878, "source": {"coordinates": [43.944732666016, 204.27426147461, 232.20169067383, 196.79455566406]}, "seconds": 203.25, "object": "white", "type": "relation", "subject": "the man"}, {"caption": "the man in a white shirt", "predicate": "in", "target": {"coordinates": [362.22384643555, 353.23587036133, 61.408203125, 50.979187011719]}, "name": 4878, "source": {"coordinates": [43.944732666016, 204.27426147461, 232.20169067383, 196.79455566406]}, "seconds": 203.25, "object": "a white shirt", "type": "relation", "subject": "the man"}, {"caption": "the man in room", "predicate": "in", "target": {"coordinates": [148.56579589844, 226.11129760742, 587.43292236328, 176.30731201172]}, "name": 4878, "source": {"coordinates": [43.944732666016, 204.27426147461, 232.20169067383, 196.79455566406]}, "seconds": 203.25, "object": "room", "type": "relation", "subject": "the man"}, {"caption": "the man wearing white shirt", "predicate": "wearing", "target": {"coordinates": [526.67559814453, 7.4477386474609, 200.75085449219, 361.27648925781]}, "name": 4878, "source": {"coordinates": [43.944732666016, 204.27426147461, 232.20169067383, 196.79455566406]}, "seconds": 203.25, "object": "white shirt", "type": "relation", "subject": "the man"}, {"caption": "the man wearing white shirt", "predicate": "wearing", "target": {"coordinates": [660.52087402344, 7.4864130020142, 56.23828125, 24.424770355225]}, "name": 4878, "source": {"coordinates": [43.944732666016, 204.27426147461, 232.20169067383, 196.79455566406]}, "seconds": 203.25, "object": "white shirt", "type": "relation", "subject": "the man"}, {"caption": "the man wearing white shirt", "predicate": "wearing", "target": {"coordinates": [67.980583190918, 39.14835357666, 246.12875366211, 245.89990234375]}, "name": 4878, "source": {"coordinates": [13.306213378906, -2.5491180419922, 741.90179443359, 327.69189453125]}, "seconds": 203.25, "object": "white shirt", "type": "relation", "subject": "the man"}, {"caption": "the man wearing black shirt", "predicate": "wearing", "target": {"coordinates": [355.40588378906, 58.622695922852, 276.55609130859, 324.791015625]}, "name": 4878, "source": {"coordinates": [13.306213378906, -2.5491180419922, 741.90179443359, 327.69189453125]}, "seconds": 203.25, "object": "black shirt", "type": "relation", "subject": "the man"}, {"caption": "the man wearing black shirt", "predicate": "wearing", "target": {"coordinates": [43.944732666016, 204.27426147461, 232.20169067383, 196.79455566406]}, "name": 4878, "source": {"coordinates": [13.306213378906, -2.5491180419922, 741.90179443359, 327.69189453125]}, "seconds": 203.25, "object": "black shirt", "type": "relation", "subject": "the man"}, {"caption": "the man has white", "predicate": "has", "target": {"coordinates": [440.56341552734, 154.2283782959, 90.496643066406, 234.41065979004]}, "name": 4878, "source": {"coordinates": [13.306213378906, -2.5491180419922, 741.90179443359, 327.69189453125]}, "seconds": 203.25, "object": "white", "type": "relation", "subject": "the man"}, {"caption": "the man wearing black shirt", "predicate": "wearing", "target": {"coordinates": [362.22384643555, 353.23587036133, 61.408203125, 50.979187011719]}, "name": 4878, "source": {"coordinates": [13.306213378906, -2.5491180419922, 741.90179443359, 327.69189453125]}, "seconds": 203.25, "object": "black shirt", "type": "relation", "subject": "the man"}, {"caption": "the man in room", "predicate": "in", "target": {"coordinates": [148.56579589844, 226.11129760742, 587.43292236328, 176.30731201172]}, "name": 4878, "source": {"coordinates": [13.306213378906, -2.5491180419922, 741.90179443359, 327.69189453125]}, "seconds": 203.25, "object": "room", "type": "relation", "subject": "the man"}, {"caption": "the man has a white toilet", "predicate": "has", "target": {"coordinates": [526.67559814453, 7.4477386474609, 200.75085449219, 361.27648925781]}, "name": 4878, "source": {"coordinates": [13.306213378906, -2.5491180419922, 741.90179443359, 327.69189453125]}, "seconds": 203.25, "object": "a white toilet", "type": "relation", "subject": "the man"}, {"caption": "the man wearing black shirt", "predicate": "wearing", "target": {"coordinates": [660.52087402344, 7.4864130020142, 56.23828125, 24.424770355225]}, "name": 4878, "source": {"coordinates": [13.306213378906, -2.5491180419922, 741.90179443359, 327.69189453125]}, "seconds": 203.25, "object": "black shirt", "type": "relation", "subject": "the man"}, {"caption": "the man wearing black shirt", "predicate": "wearing", "target": {"coordinates": [67.980583190918, 39.14835357666, 246.12875366211, 245.89990234375]}, "name": 4878, "source": {"coordinates": [440.56341552734, 154.2283782959, 90.496643066406, 234.41065979004]}, "seconds": 203.25, "object": "black shirt", "type": "relation", "subject": "the man"}, {"caption": "the woman wearing white shirt", "predicate": "wearing", "target": {"coordinates": [355.40588378906, 58.622695922852, 276.55609130859, 324.791015625]}, "name": 4878, "source": {"coordinates": [440.56341552734, 154.2283782959, 90.496643066406, 234.41065979004]}, "seconds": 203.25, "object": "white shirt", "type": "relation", "subject": "the woman"}, {"caption": "the man wearing black shirt", "predicate": "wearing", "target": {"coordinates": [43.944732666016, 204.27426147461, 232.20169067383, 196.79455566406]}, "name": 4878, "source": {"coordinates": [440.56341552734, 154.2283782959, 90.496643066406, 234.41065979004]}, "seconds": 203.25, "object": "black shirt", "type": "relation", "subject": "the man"}, {"caption": "the man in a room", "predicate": "in", "target": {"coordinates": [13.306213378906, -2.5491180419922, 741.90179443359, 327.69189453125]}, "name": 4878, "source": {"coordinates": [440.56341552734, 154.2283782959, 90.496643066406, 234.41065979004]}, "seconds": 203.25, "object": "a room", "type": "relation", "subject": "the man"}, {"caption": "the woman in a white shirt", "predicate": "in", "target": {"coordinates": [362.22384643555, 353.23587036133, 61.408203125, 50.979187011719]}, "name": 4878, "source": {"coordinates": [440.56341552734, 154.2283782959, 90.496643066406, 234.41065979004]}, "seconds": 203.25, "object": "a white shirt", "type": "relation", "subject": "the woman"}, {"caption": "the man wearing white shirt", "predicate": "wearing", "target": {"coordinates": [148.56579589844, 226.11129760742, 587.43292236328, 176.30731201172]}, "name": 4878, "source": {"coordinates": [440.56341552734, 154.2283782959, 90.496643066406, 234.41065979004]}, "seconds": 203.25, "object": "white shirt", "type": "relation", "subject": "the man"}, {"caption": "the man in white bowl", "predicate": "in", "target": {"coordinates": [526.67559814453, 7.4477386474609, 200.75085449219, 361.27648925781]}, "name": 4878, "source": {"coordinates": [440.56341552734, 154.2283782959, 90.496643066406, 234.41065979004]}, "seconds": 203.25, "object": "white bowl", "type": "relation", "subject": "the man"}, {"caption": "the light on white shirt", "predicate": "on", "target": {"coordinates": [660.52087402344, 7.4864130020142, 56.23828125, 24.424770355225]}, "name": 4878, "source": {"coordinates": [440.56341552734, 154.2283782959, 90.496643066406, 234.41065979004]}, "seconds": 203.25, "object": "white shirt", "type": "relation", "subject": "the light"}, {"caption": "the light on white shirt", "predicate": "on", "target": {"coordinates": [67.980583190918, 39.14835357666, 246.12875366211, 245.89990234375]}, "name": 4878, "source": {"coordinates": [362.22384643555, 353.23587036133, 61.408203125, 50.979187011719]}, "seconds": 203.25, "object": "white shirt", "type": "relation", "subject": "the light"}, {"caption": "the glass on table", "predicate": "on", "target": {"coordinates": [355.40588378906, 58.622695922852, 276.55609130859, 324.791015625]}, "name": 4878, "source": {"coordinates": [362.22384643555, 353.23587036133, 61.408203125, 50.979187011719]}, "seconds": 203.25, "object": "table", "type": "relation", "subject": "the glass"}, {"caption": "the glass on table", "predicate": "on", "target": {"coordinates": [43.944732666016, 204.27426147461, 232.20169067383, 196.79455566406]}, "name": 4878, "source": {"coordinates": [362.22384643555, 353.23587036133, 61.408203125, 50.979187011719]}, "seconds": 203.25, "object": "table", "type": "relation", "subject": "the glass"}, {"caption": "the light on wall", "predicate": "on", "target": {"coordinates": [13.306213378906, -2.5491180419922, 741.90179443359, 327.69189453125]}, "name": 4878, "source": {"coordinates": [362.22384643555, 353.23587036133, 61.408203125, 50.979187011719]}, "seconds": 203.25, "object": "wall", "type": "relation", "subject": "the light"}, {"caption": "the glass on table", "predicate": "on", "target": {"coordinates": [440.56341552734, 154.2283782959, 90.496643066406, 234.41065979004]}, "name": 4878, "source": {"coordinates": [362.22384643555, 353.23587036133, 61.408203125, 50.979187011719]}, "seconds": 203.25, "object": "table", "type": "relation", "subject": "the glass"}, {"caption": "the glass on table", "predicate": "on", "target": {"coordinates": [148.56579589844, 226.11129760742, 587.43292236328, 176.30731201172]}, "name": 4878, "source": {"coordinates": [362.22384643555, 353.23587036133, 61.408203125, 50.979187011719]}, "seconds": 203.25, "object": "table", "type": "relation", "subject": "the glass"}, {"caption": "the glass on table", "predicate": "on", "target": {"coordinates": [526.67559814453, 7.4477386474609, 200.75085449219, 361.27648925781]}, "name": 4878, "source": {"coordinates": [362.22384643555, 353.23587036133, 61.408203125, 50.979187011719]}, "seconds": 203.25, "object": "table", "type": "relation", "subject": "the glass"}, {"caption": "the man wearing white shirt", "predicate": "wearing", "target": {"coordinates": [660.52087402344, 7.4864130020142, 56.23828125, 24.424770355225]}, "name": 4878, "source": {"coordinates": [362.22384643555, 353.23587036133, 61.408203125, 50.979187011719]}, "seconds": 203.25, "object": "white shirt", "type": "relation", "subject": "the man"}, {"caption": "the man wearing white shirt", "predicate": "wearing", "target": {"coordinates": [67.980583190918, 39.14835357666, 246.12875366211, 245.89990234375]}, "name": 4878, "source": {"coordinates": [148.56579589844, 226.11129760742, 587.43292236328, 176.30731201172]}, "seconds": 203.25, "object": "white shirt", "type": "relation", "subject": "the man"}, {"caption": "the man wearing black shirt", "predicate": "wearing", "target": {"coordinates": [355.40588378906, 58.622695922852, 276.55609130859, 324.791015625]}, "name": 4878, "source": {"coordinates": [148.56579589844, 226.11129760742, 587.43292236328, 176.30731201172]}, "seconds": 203.25, "object": "black shirt", "type": "relation", "subject": "the man"}, {"caption": "the man wearing black shirt", "predicate": "wearing", "target": {"coordinates": [43.944732666016, 204.27426147461, 232.20169067383, 196.79455566406]}, "name": 4878, "source": {"coordinates": [148.56579589844, 226.11129760742, 587.43292236328, 176.30731201172]}, "seconds": 203.25, "object": "black shirt", "type": "relation", "subject": "the man"}, {"caption": "the man in room", "predicate": "in", "target": {"coordinates": [13.306213378906, -2.5491180419922, 741.90179443359, 327.69189453125]}, "name": 4878, "source": {"coordinates": [148.56579589844, 226.11129760742, 587.43292236328, 176.30731201172]}, "seconds": 203.25, "object": "room", "type": "relation", "subject": "the man"}, {"caption": "the man wearing white shirt", "predicate": "wearing", "target": {"coordinates": [440.56341552734, 154.2283782959, 90.496643066406, 234.41065979004]}, "name": 4878, "source": {"coordinates": [148.56579589844, 226.11129760742, 587.43292236328, 176.30731201172]}, "seconds": 203.25, "object": "white shirt", "type": "relation", "subject": "the man"}, {"caption": "the man wearing white shirt", "predicate": "wearing", "target": {"coordinates": [362.22384643555, 353.23587036133, 61.408203125, 50.979187011719]}, "name": 4878, "source": {"coordinates": [148.56579589844, 226.11129760742, 587.43292236328, 176.30731201172]}, "seconds": 203.25, "object": "white shirt", "type": "relation", "subject": "the man"}, {"caption": "the man has a white plate", "predicate": "has", "target": {"coordinates": [526.67559814453, 7.4477386474609, 200.75085449219, 361.27648925781]}, "name": 4878, "source": {"coordinates": [148.56579589844, 226.11129760742, 587.43292236328, 176.30731201172]}, "seconds": 203.25, "object": "a white plate", "type": "relation", "subject": "the man"}, {"caption": "the man wearing black shirt", "predicate": "wearing", "target": {"coordinates": [660.52087402344, 7.4864130020142, 56.23828125, 24.424770355225]}, "name": 4878, "source": {"coordinates": [148.56579589844, 226.11129760742, 587.43292236328, 176.30731201172]}, "seconds": 203.25, "object": "black shirt", "type": "relation", "subject": "the man"}, {"caption": "the man wearing black shirt", "predicate": "wearing", "target": {"coordinates": [67.980583190918, 39.14835357666, 246.12875366211, 245.89990234375]}, "name": 4878, "source": {"coordinates": [526.67559814453, 7.4477386474609, 200.75085449219, 361.27648925781]}, "seconds": 203.25, "object": "black shirt", "type": "relation", "subject": "the man"}, {"caption": "the woman wearing white shirt", "predicate": "wearing", "target": {"coordinates": [355.40588378906, 58.622695922852, 276.55609130859, 324.791015625]}, "name": 4878, "source": {"coordinates": [526.67559814453, 7.4477386474609, 200.75085449219, 361.27648925781]}, "seconds": 203.25, "object": "white shirt", "type": "relation", "subject": "the woman"}, {"caption": "the man wearing black shirt", "predicate": "wearing", "target": {"coordinates": [43.944732666016, 204.27426147461, 232.20169067383, 196.79455566406]}, "name": 4878, "source": {"coordinates": [526.67559814453, 7.4477386474609, 200.75085449219, 361.27648925781]}, "seconds": 203.25, "object": "black shirt", "type": "relation", "subject": "the man"}, {"caption": "the man in room", "predicate": "in", "target": {"coordinates": [13.306213378906, -2.5491180419922, 741.90179443359, 327.69189453125]}, "name": 4878, "source": {"coordinates": [526.67559814453, 7.4477386474609, 200.75085449219, 361.27648925781]}, "seconds": 203.25, "object": "room", "type": "relation", "subject": "the man"}, {"caption": "the woman wearing white shirt", "predicate": "wearing", "target": {"coordinates": [440.56341552734, 154.2283782959, 90.496643066406, 234.41065979004]}, "name": 4878, "source": {"coordinates": [526.67559814453, 7.4477386474609, 200.75085449219, 361.27648925781]}, "seconds": 203.25, "object": "white shirt", "type": "relation", "subject": "the woman"}, {"caption": "the man wearing white shirt", "predicate": "wearing", "target": {"coordinates": [362.22384643555, 353.23587036133, 61.408203125, 50.979187011719]}, "name": 4878, "source": {"coordinates": [526.67559814453, 7.4477386474609, 200.75085449219, 361.27648925781]}, "seconds": 203.25, "object": "white shirt", "type": "relation", "subject": "the man"}, {"caption": "the man wearing black shirt", "predicate": "wearing", "target": {"coordinates": [148.56579589844, 226.11129760742, 587.43292236328, 176.30731201172]}, "name": 4878, "source": {"coordinates": [526.67559814453, 7.4477386474609, 200.75085449219, 361.27648925781]}, "seconds": 203.25, "object": "black shirt", "type": "relation", "subject": "the man"}, {"caption": "the window on building", "predicate": "on", "target": {"coordinates": [660.52087402344, 7.4864130020142, 56.23828125, 24.424770355225]}, "name": 4878, "source": {"coordinates": [526.67559814453, 7.4477386474609, 200.75085449219, 361.27648925781]}, "seconds": 203.25, "object": "building", "type": "relation", "subject": "the window"}, {"caption": "the window on building", "predicate": "on", "target": {"coordinates": [67.980583190918, 39.14835357666, 246.12875366211, 245.89990234375]}, "name": 4878, "source": {"coordinates": [660.52087402344, 7.4864130020142, 56.23828125, 24.424770355225]}, "seconds": 203.25, "object": "building", "type": "relation", "subject": "the window"}, {"caption": "the window on wall", "predicate": "on", "target": {"coordinates": [355.40588378906, 58.622695922852, 276.55609130859, 324.791015625]}, "name": 4878, "source": {"coordinates": [660.52087402344, 7.4864130020142, 56.23828125, 24.424770355225]}, "seconds": 203.25, "object": "wall", "type": "relation", "subject": "the window"}, {"caption": "the window on wall", "predicate": "on", "target": {"coordinates": [43.944732666016, 204.27426147461, 232.20169067383, 196.79455566406]}, "name": 4878, "source": {"coordinates": [660.52087402344, 7.4864130020142, 56.23828125, 24.424770355225]}, "seconds": 203.25, "object": "wall", "type": "relation", "subject": "the window"}, {"caption": "the window on wall", "predicate": "on", "target": {"coordinates": [13.306213378906, -2.5491180419922, 741.90179443359, 327.69189453125]}, "name": 4878, "source": {"coordinates": [660.52087402344, 7.4864130020142, 56.23828125, 24.424770355225]}, "seconds": 203.25, "object": "wall", "type": "relation", "subject": "the window"}, {"caption": "the window on wall", "predicate": "on", "target": {"coordinates": [440.56341552734, 154.2283782959, 90.496643066406, 234.41065979004]}, "name": 4878, "source": {"coordinates": [660.52087402344, 7.4864130020142, 56.23828125, 24.424770355225]}, "seconds": 203.25, "object": "wall", "type": "relation", "subject": "the window"}, {"caption": "the glass on table", "predicate": "on", "target": {"coordinates": [362.22384643555, 353.23587036133, 61.408203125, 50.979187011719]}, "name": 4878, "source": {"coordinates": [660.52087402344, 7.4864130020142, 56.23828125, 24.424770355225]}, "seconds": 203.25, "object": "table", "type": "relation", "subject": "the glass"}, {"caption": "the window on wall", "predicate": "on", "target": {"coordinates": [148.56579589844, 226.11129760742, 587.43292236328, 176.30731201172]}, "name": 4878, "source": {"coordinates": [660.52087402344, 7.4864130020142, 56.23828125, 24.424770355225]}, "seconds": 203.25, "object": "wall", "type": "relation", "subject": "the window"}, {"caption": "the window on wall", "predicate": "on", "target": {"coordinates": [526.67559814453, 7.4477386474609, 200.75085449219, 361.27648925781]}, "name": 4878, "source": {"coordinates": [660.52087402344, 7.4864130020142, 56.23828125, 24.424770355225]}, "seconds": 203.25, "object": "wall", "type": "relation", "subject": "the window"}]