[{"caption": "the man wearing white shirt", "predicate": "wearing", "target": {"coordinates": [209.52252197266, 2.1394348144531, 364.38909912109, 414.00091552734]}, "name": 5211, "source": {"coordinates": [535.39270019531, 17.896865844727, 187.43579101562, 385.57360839844]}, "seconds": 217.125, "object": "white shirt", "type": "relation", "subject": "the man"}, {"caption": "the window on wall", "predicate": "on", "target": {"coordinates": [295.51391601562, 24.984405517578, 171.22424316406, 138.58154296875]}, "name": 5211, "source": {"coordinates": [535.39270019531, 17.896865844727, 187.43579101562, 385.57360839844]}, "seconds": 217.125, "object": "wall", "type": "relation", "subject": "the window"}, {"caption": "the man wearing white shirt", "predicate": "wearing", "target": {"coordinates": [-13.551963806152, -0.0703125, 215.48733520508, 405.01834106445]}, "name": 5211, "source": {"coordinates": [535.39270019531, 17.896865844727, 187.43579101562, 385.57360839844]}, "seconds": 217.125, "object": "white shirt", "type": "relation", "subject": "the man"}, {"caption": "the window on wall", "predicate": "on", "target": {"coordinates": [-0.029855728149414, 85.530517578125, 44.144065856934, 67.014465332031]}, "name": 5211, "source": {"coordinates": [535.39270019531, 17.896865844727, 187.43579101562, 385.57360839844]}, "seconds": 217.125, "object": "wall", "type": "relation", "subject": "the window"}, {"caption": "the man wearing white shirt", "predicate": "wearing", "target": {"coordinates": [-20.089294433594, 11.738487243652, 469.77633666992, 178.60214233398]}, "name": 5211, "source": {"coordinates": [535.39270019531, 17.896865844727, 187.43579101562, 385.57360839844]}, "seconds": 217.125, "object": "white shirt", "type": "relation", "subject": "the man"}, {"caption": "the man wearing white shirt", "predicate": "wearing", "target": {"coordinates": [535.39270019531, 17.896865844727, 187.43579101562, 385.57360839844]}, "name": 5211, "source": {"coordinates": [209.52252197266, 2.1394348144531, 364.38909912109, 414.00091552734]}, "seconds": 217.125, "object": "white shirt", "type": "relation", "subject": "the man"}, {"caption": "the man in room", "predicate": "in", "target": {"coordinates": [295.51391601562, 24.984405517578, 171.22424316406, 138.58154296875]}, "name": 5211, "source": {"coordinates": [209.52252197266, 2.1394348144531, 364.38909912109, 414.00091552734]}, "seconds": 217.125, "object": "room", "type": "relation", "subject": "the man"}, {"caption": "the man wearing white shirt", "predicate": "wearing", "target": {"coordinates": [-13.551963806152, -0.0703125, 215.48733520508, 405.01834106445]}, "name": 5211, "source": {"coordinates": [209.52252197266, 2.1394348144531, 364.38909912109, 414.00091552734]}, "seconds": 217.125, "object": "white shirt", "type": "relation", "subject": "the man"}, {"caption": "the man wearing white shirt", "predicate": "wearing", "target": {"coordinates": [-0.029855728149414, 85.530517578125, 44.144065856934, 67.014465332031]}, "name": 5211, "source": {"coordinates": [209.52252197266, 2.1394348144531, 364.38909912109, 414.00091552734]}, "seconds": 217.125, "object": "white shirt", "type": "relation", "subject": "the man"}, {"caption": "the hand on man", "predicate": "on", "target": {"coordinates": [-20.089294433594, 11.738487243652, 469.77633666992, 178.60214233398]}, "name": 5211, "source": {"coordinates": [209.52252197266, 2.1394348144531, 364.38909912109, 414.00091552734]}, "seconds": 217.125, "object": "man", "type": "relation", "subject": "the hand"}, {"caption": "the hand on man", "predicate": "on", "target": {"coordinates": [535.39270019531, 17.896865844727, 187.43579101562, 385.57360839844]}, "name": 5211, "source": {"coordinates": [295.51391601562, 24.984405517578, 171.22424316406, 138.58154296875]}, "seconds": 217.125, "object": "man", "type": "relation", "subject": "the hand"}, {"caption": "the hand on man", "predicate": "on", "target": {"coordinates": [209.52252197266, 2.1394348144531, 364.38909912109, 414.00091552734]}, "name": 5211, "source": {"coordinates": [295.51391601562, 24.984405517578, 171.22424316406, 138.58154296875]}, "seconds": 217.125, "object": "man", "type": "relation", "subject": "the hand"}, {"caption": "the hand on head", "predicate": "on", "target": {"coordinates": [-13.551963806152, -0.0703125, 215.48733520508, 405.01834106445]}, "name": 5211, "source": {"coordinates": [295.51391601562, 24.984405517578, 171.22424316406, 138.58154296875]}, "seconds": 217.125, "object": "head", "type": "relation", "subject": "the hand"}, {"caption": "the hand on wall", "predicate": "on", "target": {"coordinates": [-0.029855728149414, 85.530517578125, 44.144065856934, 67.014465332031]}, "name": 5211, "source": {"coordinates": [295.51391601562, 24.984405517578, 171.22424316406, 138.58154296875]}, "seconds": 217.125, "object": "wall", "type": "relation", "subject": "the hand"}, {"caption": "the man wearing white shirt", "predicate": "wearing", "target": {"coordinates": [-20.089294433594, 11.738487243652, 469.77633666992, 178.60214233398]}, "name": 5211, "source": {"coordinates": [295.51391601562, 24.984405517578, 171.22424316406, 138.58154296875]}, "seconds": 217.125, "object": "white shirt", "type": "relation", "subject": "the man"}, {"caption": "the man wearing white shirt", "predicate": "wearing", "target": {"coordinates": [535.39270019531, 17.896865844727, 187.43579101562, 385.57360839844]}, "name": 5211, "source": {"coordinates": [-13.551963806152, -0.0703125, 215.48733520508, 405.01834106445]}, "seconds": 217.125, "object": "white shirt", "type": "relation", "subject": "the man"}, {"caption": "the man wearing white shirt", "predicate": "wearing", "target": {"coordinates": [209.52252197266, 2.1394348144531, 364.38909912109, 414.00091552734]}, "name": 5211, "source": {"coordinates": [-13.551963806152, -0.0703125, 215.48733520508, 405.01834106445]}, "seconds": 217.125, "object": "white shirt", "type": "relation", "subject": "the man"}, {"caption": "the man in white wall", "predicate": "in", "target": {"coordinates": [295.51391601562, 24.984405517578, 171.22424316406, 138.58154296875]}, "name": 5211, "source": {"coordinates": [-13.551963806152, -0.0703125, 215.48733520508, 405.01834106445]}, "seconds": 217.125, "object": "white wall", "type": "relation", "subject": "the man"}, {"caption": "the man wearing white shirt", "predicate": "wearing", "target": {"coordinates": [-0.029855728149414, 85.530517578125, 44.144065856934, 67.014465332031]}, "name": 5211, "source": {"coordinates": [-13.551963806152, -0.0703125, 215.48733520508, 405.01834106445]}, "seconds": 217.125, "object": "white shirt", "type": "relation", "subject": "the man"}, {"caption": "the hand on white wall", "predicate": "on", "target": {"coordinates": [-20.089294433594, 11.738487243652, 469.77633666992, 178.60214233398]}, "name": 5211, "source": {"coordinates": [-13.551963806152, -0.0703125, 215.48733520508, 405.01834106445]}, "seconds": 217.125, "object": "white wall", "type": "relation", "subject": "the hand"}, {"caption": "the hand on white wall", "predicate": "on", "target": {"coordinates": [535.39270019531, 17.896865844727, 187.43579101562, 385.57360839844]}, "name": 5211, "source": {"coordinates": [-0.029855728149414, 85.530517578125, 44.144065856934, 67.014465332031]}, "seconds": 217.125, "object": "white wall", "type": "relation", "subject": "the hand"}, {"caption": "the hand on white shirt", "predicate": "on", "target": {"coordinates": [209.52252197266, 2.1394348144531, 364.38909912109, 414.00091552734]}, "name": 5211, "source": {"coordinates": [-0.029855728149414, 85.530517578125, 44.144065856934, 67.014465332031]}, "seconds": 217.125, "object": "white shirt", "type": "relation", "subject": "the hand"}, {"caption": "the hand on head", "predicate": "on", "target": {"coordinates": [295.51391601562, 24.984405517578, 171.22424316406, 138.58154296875]}, "name": 5211, "source": {"coordinates": [-0.029855728149414, 85.530517578125, 44.144065856934, 67.014465332031]}, "seconds": 217.125, "object": "head", "type": "relation", "subject": "the hand"}, {"caption": "the light on wall", "predicate": "on", "target": {"coordinates": [-13.551963806152, -0.0703125, 215.48733520508, 405.01834106445]}, "name": 5211, "source": {"coordinates": [-0.029855728149414, 85.530517578125, 44.144065856934, 67.014465332031]}, "seconds": 217.125, "object": "wall", "type": "relation", "subject": "the light"}, {"caption": "the man wearing white shirt", "predicate": "wearing", "target": {"coordinates": [-20.089294433594, 11.738487243652, 469.77633666992, 178.60214233398]}, "name": 5211, "source": {"coordinates": [-0.029855728149414, 85.530517578125, 44.144065856934, 67.014465332031]}, "seconds": 217.125, "object": "white shirt", "type": "relation", "subject": "the man"}, {"caption": "the man wearing white shirt", "predicate": "wearing", "target": {"coordinates": [535.39270019531, 17.896865844727, 187.43579101562, 385.57360839844]}, "name": 5211, "source": {"coordinates": [-20.089294433594, 11.738487243652, 469.77633666992, 178.60214233398]}, "seconds": 217.125, "object": "white shirt", "type": "relation", "subject": "the man"}, {"caption": "the man wearing white shirt", "predicate": "wearing", "target": {"coordinates": [209.52252197266, 2.1394348144531, 364.38909912109, 414.00091552734]}, "name": 5211, "source": {"coordinates": [-20.089294433594, 11.738487243652, 469.77633666992, 178.60214233398]}, "seconds": 217.125, "object": "white shirt", "type": "relation", "subject": "the man"}, {"caption": "the man in white wall", "predicate": "in", "target": {"coordinates": [295.51391601562, 24.984405517578, 171.22424316406, 138.58154296875]}, "name": 5211, "source": {"coordinates": [-20.089294433594, 11.738487243652, 469.77633666992, 178.60214233398]}, "seconds": 217.125, "object": "white wall", "type": "relation", "subject": "the man"}, {"caption": "the man in room", "predicate": "in", "target": {"coordinates": [-13.551963806152, -0.0703125, 215.48733520508, 405.01834106445]}, "name": 5211, "source": {"coordinates": [-20.089294433594, 11.738487243652, 469.77633666992, 178.60214233398]}, "seconds": 217.125, "object": "room", "type": "relation", "subject": "the man"}, {"caption": "the man wearing white shirt", "predicate": "wearing", "target": {"coordinates": [-0.029855728149414, 85.530517578125, 44.144065856934, 67.014465332031]}, "name": 5211, "source": {"coordinates": [-20.089294433594, 11.738487243652, 469.77633666992, 178.60214233398]}, "seconds": 217.125, "object": "white shirt", "type": "relation", "subject": "the man"}]