[{"caption": "the man in room", "predicate": "in", "target": {"coordinates": [98.026702880859, 1.8957214355469, 591.57873535156, 290.71011352539]}, "name": 5673, "source": {"coordinates": [58.307556152344, 177.08807373047, 628.33996582031, 225.22827148438]}, "seconds": 236.375, "object": "room", "type": "relation", "subject": "the man"}, {"caption": "the man wearing black shirt", "predicate": "wearing", "target": {"coordinates": [-6.0891952514648, 11.714279174805, 203.08276367188, 385.98236083984]}, "name": 5673, "source": {"coordinates": [58.307556152344, 177.08807373047, 628.33996582031, 225.22827148438]}, "seconds": 236.375, "object": "black shirt", "type": "relation", "subject": "the man"}, {"caption": "the man wearing white shirt", "predicate": "wearing", "target": {"coordinates": [454.25143432617, 5.8802490234375, 169.26724243164, 356.69680786133]}, "name": 5673, "source": {"coordinates": [58.307556152344, 177.08807373047, 628.33996582031, 225.22827148438]}, "seconds": 236.375, "object": "white shirt", "type": "relation", "subject": "the man"}, {"caption": "the man in room", "predicate": "in", "target": {"coordinates": [6.2303905487061, 5.6787643432617, 39.139495849609, 96.359893798828]}, "name": 5673, "source": {"coordinates": [58.307556152344, 177.08807373047, 628.33996582031, 225.22827148438]}, "seconds": 236.375, "object": "room", "type": "relation", "subject": "the man"}, {"caption": "the man wearing black shirt", "predicate": "wearing", "target": {"coordinates": [-11.256958007812, 0.65882873535156, 408.92431640625, 184.65414428711]}, "name": 5673, "source": {"coordinates": [58.307556152344, 177.08807373047, 628.33996582031, 225.22827148438]}, "seconds": 236.375, "object": "black shirt", "type": "relation", "subject": "the man"}, {"caption": "the man wearing black shirt", "predicate": "wearing", "target": {"coordinates": [456.95693969727, 165.36151123047, 119.35494995117, 134.79592895508]}, "name": 5673, "source": {"coordinates": [58.307556152344, 177.08807373047, 628.33996582031, 225.22827148438]}, "seconds": 236.375, "object": "black shirt", "type": "relation", "subject": "the man"}, {"caption": "the man wearing white shirt", "predicate": "wearing", "target": {"coordinates": [258.18902587891, 79.834121704102, 120.69738769531, 137.57577514648]}, "name": 5673, "source": {"coordinates": [58.307556152344, 177.08807373047, 628.33996582031, 225.22827148438]}, "seconds": 236.375, "object": "white shirt", "type": "relation", "subject": "the man"}, {"caption": "the man wearing black shirt", "predicate": "wearing", "target": {"coordinates": [2.7789058685303, 193.55981445312, 43.281532287598, 64.824554443359]}, "name": 5673, "source": {"coordinates": [58.307556152344, 177.08807373047, 628.33996582031, 225.22827148438]}, "seconds": 236.375, "object": "black shirt", "type": "relation", "subject": "the man"}, {"caption": "the man in room", "predicate": "in", "target": {"coordinates": [475.69085693359, 45.75715637207, 85.105834960938, 205.12274169922]}, "name": 5673, "source": {"coordinates": [58.307556152344, 177.08807373047, 628.33996582031, 225.22827148438]}, "seconds": 236.375, "object": "room", "type": "relation", "subject": "the man"}, {"caption": "the man in room", "predicate": "in", "target": {"coordinates": [58.307556152344, 177.08807373047, 628.33996582031, 225.22827148438]}, "name": 5673, "source": {"coordinates": [98.026702880859, 1.8957214355469, 591.57873535156, 290.71011352539]}, "seconds": 236.375, "object": "room", "type": "relation", "subject": "the man"}, {"caption": "the man wearing black shirt", "predicate": "wearing", "target": {"coordinates": [-6.0891952514648, 11.714279174805, 203.08276367188, 385.98236083984]}, "name": 5673, "source": {"coordinates": [98.026702880859, 1.8957214355469, 591.57873535156, 290.71011352539]}, "seconds": 236.375, "object": "black shirt", "type": "relation", "subject": "the man"}, {"caption": "the man wearing white shirt", "predicate": "wearing", "target": {"coordinates": [454.25143432617, 5.8802490234375, 169.26724243164, 356.69680786133]}, "name": 5673, "source": {"coordinates": [98.026702880859, 1.8957214355469, 591.57873535156, 290.71011352539]}, "seconds": 236.375, "object": "white shirt", "type": "relation", "subject": "the man"}, {"caption": "the man in room", "predicate": "in", "target": {"coordinates": [6.2303905487061, 5.6787643432617, 39.139495849609, 96.359893798828]}, "name": 5673, "source": {"coordinates": [98.026702880859, 1.8957214355469, 591.57873535156, 290.71011352539]}, "seconds": 236.375, "object": "room", "type": "relation", "subject": "the man"}, {"caption": "the man wearing black shirt", "predicate": "wearing", "target": {"coordinates": [-11.256958007812, 0.65882873535156, 408.92431640625, 184.65414428711]}, "name": 5673, "source": {"coordinates": [98.026702880859, 1.8957214355469, 591.57873535156, 290.71011352539]}, "seconds": 236.375, "object": "black shirt", "type": "relation", "subject": "the man"}, {"caption": "the man wearing black shirt", "predicate": "wearing", "target": {"coordinates": [456.95693969727, 165.36151123047, 119.35494995117, 134.79592895508]}, "name": 5673, "source": {"coordinates": [98.026702880859, 1.8957214355469, 591.57873535156, 290.71011352539]}, "seconds": 236.375, "object": "black shirt", "type": "relation", "subject": "the man"}, {"caption": "the man holding white table", "predicate": "holding", "target": {"coordinates": [258.18902587891, 79.834121704102, 120.69738769531, 137.57577514648]}, "name": 5673, "source": {"coordinates": [98.026702880859, 1.8957214355469, 591.57873535156, 290.71011352539]}, "seconds": 236.375, "object": "white table", "type": "relation", "subject": "the man"}, {"caption": "the man wearing black shirt", "predicate": "wearing", "target": {"coordinates": [2.7789058685303, 193.55981445312, 43.281532287598, 64.824554443359]}, "name": 5673, "source": {"coordinates": [98.026702880859, 1.8957214355469, 591.57873535156, 290.71011352539]}, "seconds": 236.375, "object": "black shirt", "type": "relation", "subject": "the man"}, {"caption": "the man on table", "predicate": "on", "target": {"coordinates": [475.69085693359, 45.75715637207, 85.105834960938, 205.12274169922]}, "name": 5673, "source": {"coordinates": [98.026702880859, 1.8957214355469, 591.57873535156, 290.71011352539]}, "seconds": 236.375, "object": "table", "type": "relation", "subject": "the man"}, {"caption": "the man on table", "predicate": "on", "target": {"coordinates": [58.307556152344, 177.08807373047, 628.33996582031, 225.22827148438]}, "name": 5673, "source": {"coordinates": [-6.0891952514648, 11.714279174805, 203.08276367188, 385.98236083984]}, "seconds": 236.375, "object": "table", "type": "relation", "subject": "the man"}, {"caption": "the man in room", "predicate": "in", "target": {"coordinates": [98.026702880859, 1.8957214355469, 591.57873535156, 290.71011352539]}, "name": 5673, "source": {"coordinates": [-6.0891952514648, 11.714279174805, 203.08276367188, 385.98236083984]}, "seconds": 236.375, "object": "room", "type": "relation", "subject": "the man"}, {"caption": "the man wearing white shirt", "predicate": "wearing", "target": {"coordinates": [454.25143432617, 5.8802490234375, 169.26724243164, 356.69680786133]}, "name": 5673, "source": {"coordinates": [-6.0891952514648, 11.714279174805, 203.08276367188, 385.98236083984]}, "seconds": 236.375, "object": "white shirt", "type": "relation", "subject": "the man"}, {"caption": "the man in room", "predicate": "in", "target": {"coordinates": [6.2303905487061, 5.6787643432617, 39.139495849609, 96.359893798828]}, "name": 5673, "source": {"coordinates": [-6.0891952514648, 11.714279174805, 203.08276367188, 385.98236083984]}, "seconds": 236.375, "object": "room", "type": "relation", "subject": "the man"}, {"caption": "the man wearing black shirt", "predicate": "wearing", "target": {"coordinates": [-11.256958007812, 0.65882873535156, 408.92431640625, 184.65414428711]}, "name": 5673, "source": {"coordinates": [-6.0891952514648, 11.714279174805, 203.08276367188, 385.98236083984]}, "seconds": 236.375, "object": "black shirt", "type": "relation", "subject": "the man"}, {"caption": "the man wearing black shirt", "predicate": "wearing", "target": {"coordinates": [456.95693969727, 165.36151123047, 119.35494995117, 134.79592895508]}, "name": 5673, "source": {"coordinates": [-6.0891952514648, 11.714279174805, 203.08276367188, 385.98236083984]}, "seconds": 236.375, "object": "black shirt", "type": "relation", "subject": "the man"}, {"caption": "the man wearing white shirt", "predicate": "wearing", "target": {"coordinates": [258.18902587891, 79.834121704102, 120.69738769531, 137.57577514648]}, "name": 5673, "source": {"coordinates": [-6.0891952514648, 11.714279174805, 203.08276367188, 385.98236083984]}, "seconds": 236.375, "object": "white shirt", "type": "relation", "subject": "the man"}, {"caption": "the man wearing black shirt", "predicate": "wearing", "target": {"coordinates": [2.7789058685303, 193.55981445312, 43.281532287598, 64.824554443359]}, "name": 5673, "source": {"coordinates": [-6.0891952514648, 11.714279174805, 203.08276367188, 385.98236083984]}, "seconds": 236.375, "object": "black shirt", "type": "relation", "subject": "the man"}, {"caption": "the man on table", "predicate": "on", "target": {"coordinates": [475.69085693359, 45.75715637207, 85.105834960938, 205.12274169922]}, "name": 5673, "source": {"coordinates": [-6.0891952514648, 11.714279174805, 203.08276367188, 385.98236083984]}, "seconds": 236.375, "object": "table", "type": "relation", "subject": "the man"}, {"caption": "the man on table", "predicate": "on", "target": {"coordinates": [58.307556152344, 177.08807373047, 628.33996582031, 225.22827148438]}, "name": 5673, "source": {"coordinates": [454.25143432617, 5.8802490234375, 169.26724243164, 356.69680786133]}, "seconds": 236.375, "object": "table", "type": "relation", "subject": "the man"}, {"caption": "the man in room", "predicate": "in", "target": {"coordinates": [98.026702880859, 1.8957214355469, 591.57873535156, 290.71011352539]}, "name": 5673, "source": {"coordinates": [454.25143432617, 5.8802490234375, 169.26724243164, 356.69680786133]}, "seconds": 236.375, "object": "room", "type": "relation", "subject": "the man"}, {"caption": "the man on table", "predicate": "on", "target": {"coordinates": [-6.0891952514648, 11.714279174805, 203.08276367188, 385.98236083984]}, "name": 5673, "source": {"coordinates": [454.25143432617, 5.8802490234375, 169.26724243164, 356.69680786133]}, "seconds": 236.375, "object": "table", "type": "relation", "subject": "the man"}, {"caption": "the man in room", "predicate": "in", "target": {"coordinates": [6.2303905487061, 5.6787643432617, 39.139495849609, 96.359893798828]}, "name": 5673, "source": {"coordinates": [454.25143432617, 5.8802490234375, 169.26724243164, 356.69680786133]}, "seconds": 236.375, "object": "room", "type": "relation", "subject": "the man"}, {"caption": "the man wearing black shirt", "predicate": "wearing", "target": {"coordinates": [-11.256958007812, 0.65882873535156, 408.92431640625, 184.65414428711]}, "name": 5673, "source": {"coordinates": [454.25143432617, 5.8802490234375, 169.26724243164, 356.69680786133]}, "seconds": 236.375, "object": "black shirt", "type": "relation", "subject": "the man"}, {"caption": "the man wearing black shirt", "predicate": "wearing", "target": {"coordinates": [456.95693969727, 165.36151123047, 119.35494995117, 134.79592895508]}, "name": 5673, "source": {"coordinates": [454.25143432617, 5.8802490234375, 169.26724243164, 356.69680786133]}, "seconds": 236.375, "object": "black shirt", "type": "relation", "subject": "the man"}, {"caption": "the man holding white table", "predicate": "holding", "target": {"coordinates": [258.18902587891, 79.834121704102, 120.69738769531, 137.57577514648]}, "name": 5673, "source": {"coordinates": [454.25143432617, 5.8802490234375, 169.26724243164, 356.69680786133]}, "seconds": 236.375, "object": "white table", "type": "relation", "subject": "the man"}, {"caption": "the man wearing black shirt", "predicate": "wearing", "target": {"coordinates": [2.7789058685303, 193.55981445312, 43.281532287598, 64.824554443359]}, "name": 5673, "source": {"coordinates": [454.25143432617, 5.8802490234375, 169.26724243164, 356.69680786133]}, "seconds": 236.375, "object": "black shirt", "type": "relation", "subject": "the man"}, {"caption": "the man on table", "predicate": "on", "target": {"coordinates": [475.69085693359, 45.75715637207, 85.105834960938, 205.12274169922]}, "name": 5673, "source": {"coordinates": [454.25143432617, 5.8802490234375, 169.26724243164, 356.69680786133]}, "seconds": 236.375, "object": "table", "type": "relation", "subject": "the man"}, {"caption": "the man on table", "predicate": "on", "target": {"coordinates": [58.307556152344, 177.08807373047, 628.33996582031, 225.22827148438]}, "name": 5673, "source": {"coordinates": [6.2303905487061, 5.6787643432617, 39.139495849609, 96.359893798828]}, "seconds": 236.375, "object": "table", "type": "relation", "subject": "the man"}, {"caption": "the man in room", "predicate": "in", "target": {"coordinates": [98.026702880859, 1.8957214355469, 591.57873535156, 290.71011352539]}, "name": 5673, "source": {"coordinates": [6.2303905487061, 5.6787643432617, 39.139495849609, 96.359893798828]}, "seconds": 236.375, "object": "room", "type": "relation", "subject": "the man"}, {"caption": "the man on table", "predicate": "on", "target": {"coordinates": [-6.0891952514648, 11.714279174805, 203.08276367188, 385.98236083984]}, "name": 5673, "source": {"coordinates": [6.2303905487061, 5.6787643432617, 39.139495849609, 96.359893798828]}, "seconds": 236.375, "object": "table", "type": "relation", "subject": "the man"}, {"caption": "the man in a room", "predicate": "in", "target": {"coordinates": [454.25143432617, 5.8802490234375, 169.26724243164, 356.69680786133]}, "name": 5673, "source": {"coordinates": [6.2303905487061, 5.6787643432617, 39.139495849609, 96.359893798828]}, "seconds": 236.375, "object": "a room", "type": "relation", "subject": "the man"}, {"caption": "the man wearing black shirt", "predicate": "wearing", "target": {"coordinates": [-11.256958007812, 0.65882873535156, 408.92431640625, 184.65414428711]}, "name": 5673, "source": {"coordinates": [6.2303905487061, 5.6787643432617, 39.139495849609, 96.359893798828]}, "seconds": 236.375, "object": "black shirt", "type": "relation", "subject": "the man"}, {"caption": "the man wearing black shirt", "predicate": "wearing", "target": {"coordinates": [456.95693969727, 165.36151123047, 119.35494995117, 134.79592895508]}, "name": 5673, "source": {"coordinates": [6.2303905487061, 5.6787643432617, 39.139495849609, 96.359893798828]}, "seconds": 236.375, "object": "black shirt", "type": "relation", "subject": "the man"}, {"caption": "the man in room", "predicate": "in", "target": {"coordinates": [258.18902587891, 79.834121704102, 120.69738769531, 137.57577514648]}, "name": 5673, "source": {"coordinates": [6.2303905487061, 5.6787643432617, 39.139495849609, 96.359893798828]}, "seconds": 236.375, "object": "room", "type": "relation", "subject": "the man"}, {"caption": "the man wearing black shirt", "predicate": "wearing", "target": {"coordinates": [2.7789058685303, 193.55981445312, 43.281532287598, 64.824554443359]}, "name": 5673, "source": {"coordinates": [6.2303905487061, 5.6787643432617, 39.139495849609, 96.359893798828]}, "seconds": 236.375, "object": "black shirt", "type": "relation", "subject": "the man"}, {"caption": "the man on table", "predicate": "on", "target": {"coordinates": [475.69085693359, 45.75715637207, 85.105834960938, 205.12274169922]}, "name": 5673, "source": {"coordinates": [6.2303905487061, 5.6787643432617, 39.139495849609, 96.359893798828]}, "seconds": 236.375, "object": "table", "type": "relation", "subject": "the man"}, {"caption": "the man on table", "predicate": "on", "target": {"coordinates": [58.307556152344, 177.08807373047, 628.33996582031, 225.22827148438]}, "name": 5673, "source": {"coordinates": [-11.256958007812, 0.65882873535156, 408.92431640625, 184.65414428711]}, "seconds": 236.375, "object": "table", "type": "relation", "subject": "the man"}, {"caption": "the man in room", "predicate": "in", "target": {"coordinates": [98.026702880859, 1.8957214355469, 591.57873535156, 290.71011352539]}, "name": 5673, "source": {"coordinates": [-11.256958007812, 0.65882873535156, 408.92431640625, 184.65414428711]}, "seconds": 236.375, "object": "room", "type": "relation", "subject": "the man"}, {"caption": "the man in room", "predicate": "in", "target": {"coordinates": [-6.0891952514648, 11.714279174805, 203.08276367188, 385.98236083984]}, "name": 5673, "source": {"coordinates": [-11.256958007812, 0.65882873535156, 408.92431640625, 184.65414428711]}, "seconds": 236.375, "object": "room", "type": "relation", "subject": "the man"}, {"caption": "the man wearing black shirt", "predicate": "wearing", "target": {"coordinates": [454.25143432617, 5.8802490234375, 169.26724243164, 356.69680786133]}, "name": 5673, "source": {"coordinates": [-11.256958007812, 0.65882873535156, 408.92431640625, 184.65414428711]}, "seconds": 236.375, "object": "black shirt", "type": "relation", "subject": "the man"}, {"caption": "the man wearing white shirt", "predicate": "wearing", "target": {"coordinates": [6.2303905487061, 5.6787643432617, 39.139495849609, 96.359893798828]}, "name": 5673, "source": {"coordinates": [-11.256958007812, 0.65882873535156, 408.92431640625, 184.65414428711]}, "seconds": 236.375, "object": "white shirt", "type": "relation", "subject": "the man"}, {"caption": "the man wearing black shirt", "predicate": "wearing", "target": {"coordinates": [456.95693969727, 165.36151123047, 119.35494995117, 134.79592895508]}, "name": 5673, "source": {"coordinates": [-11.256958007812, 0.65882873535156, 408.92431640625, 184.65414428711]}, "seconds": 236.375, "object": "black shirt", "type": "relation", "subject": "the man"}, {"caption": "the man in room", "predicate": "in", "target": {"coordinates": [258.18902587891, 79.834121704102, 120.69738769531, 137.57577514648]}, "name": 5673, "source": {"coordinates": [-11.256958007812, 0.65882873535156, 408.92431640625, 184.65414428711]}, "seconds": 236.375, "object": "room", "type": "relation", "subject": "the man"}, {"caption": "the man wearing black shirt", "predicate": "wearing", "target": {"coordinates": [2.7789058685303, 193.55981445312, 43.281532287598, 64.824554443359]}, "name": 5673, "source": {"coordinates": [-11.256958007812, 0.65882873535156, 408.92431640625, 184.65414428711]}, "seconds": 236.375, "object": "black shirt", "type": "relation", "subject": "the man"}, {"caption": "the man on table", "predicate": "on", "target": {"coordinates": [475.69085693359, 45.75715637207, 85.105834960938, 205.12274169922]}, "name": 5673, "source": {"coordinates": [-11.256958007812, 0.65882873535156, 408.92431640625, 184.65414428711]}, "seconds": 236.375, "object": "table", "type": "relation", "subject": "the man"}, {"caption": "the man on table", "predicate": "on", "target": {"coordinates": [58.307556152344, 177.08807373047, 628.33996582031, 225.22827148438]}, "name": 5673, "source": {"coordinates": [456.95693969727, 165.36151123047, 119.35494995117, 134.79592895508]}, "seconds": 236.375, "object": "table", "type": "relation", "subject": "the man"}, {"caption": "the man in room", "predicate": "in", "target": {"coordinates": [98.026702880859, 1.8957214355469, 591.57873535156, 290.71011352539]}, "name": 5673, "source": {"coordinates": [456.95693969727, 165.36151123047, 119.35494995117, 134.79592895508]}, "seconds": 236.375, "object": "room", "type": "relation", "subject": "the man"}, {"caption": "the man on table", "predicate": "on", "target": {"coordinates": [-6.0891952514648, 11.714279174805, 203.08276367188, 385.98236083984]}, "name": 5673, "source": {"coordinates": [456.95693969727, 165.36151123047, 119.35494995117, 134.79592895508]}, "seconds": 236.375, "object": "table", "type": "relation", "subject": "the man"}, {"caption": "the man wearing black shirt", "predicate": "wearing", "target": {"coordinates": [454.25143432617, 5.8802490234375, 169.26724243164, 356.69680786133]}, "name": 5673, "source": {"coordinates": [456.95693969727, 165.36151123047, 119.35494995117, 134.79592895508]}, "seconds": 236.375, "object": "black shirt", "type": "relation", "subject": "the man"}, {"caption": "the man wearing black shirt", "predicate": "wearing", "target": {"coordinates": [6.2303905487061, 5.6787643432617, 39.139495849609, 96.359893798828]}, "name": 5673, "source": {"coordinates": [456.95693969727, 165.36151123047, 119.35494995117, 134.79592895508]}, "seconds": 236.375, "object": "black shirt", "type": "relation", "subject": "the man"}, {"caption": "the man in room", "predicate": "in", "target": {"coordinates": [-11.256958007812, 0.65882873535156, 408.92431640625, 184.65414428711]}, "name": 5673, "source": {"coordinates": [456.95693969727, 165.36151123047, 119.35494995117, 134.79592895508]}, "seconds": 236.375, "object": "room", "type": "relation", "subject": "the man"}, {"caption": "the man in room", "predicate": "in", "target": {"coordinates": [258.18902587891, 79.834121704102, 120.69738769531, 137.57577514648]}, "name": 5673, "source": {"coordinates": [456.95693969727, 165.36151123047, 119.35494995117, 134.79592895508]}, "seconds": 236.375, "object": "room", "type": "relation", "subject": "the man"}, {"caption": "the man wearing black shirt", "predicate": "wearing", "target": {"coordinates": [2.7789058685303, 193.55981445312, 43.281532287598, 64.824554443359]}, "name": 5673, "source": {"coordinates": [456.95693969727, 165.36151123047, 119.35494995117, 134.79592895508]}, "seconds": 236.375, "object": "black shirt", "type": "relation", "subject": "the man"}, {"caption": "the man on table", "predicate": "on", "target": {"coordinates": [475.69085693359, 45.75715637207, 85.105834960938, 205.12274169922]}, "name": 5673, "source": {"coordinates": [456.95693969727, 165.36151123047, 119.35494995117, 134.79592895508]}, "seconds": 236.375, "object": "table", "type": "relation", "subject": "the man"}, {"caption": "the man on table", "predicate": "on", "target": {"coordinates": [58.307556152344, 177.08807373047, 628.33996582031, 225.22827148438]}, "name": 5673, "source": {"coordinates": [258.18902587891, 79.834121704102, 120.69738769531, 137.57577514648]}, "seconds": 236.375, "object": "table", "type": "relation", "subject": "the man"}, {"caption": "the man in room", "predicate": "in", "target": {"coordinates": [98.026702880859, 1.8957214355469, 591.57873535156, 290.71011352539]}, "name": 5673, "source": {"coordinates": [258.18902587891, 79.834121704102, 120.69738769531, 137.57577514648]}, "seconds": 236.375, "object": "room", "type": "relation", "subject": "the man"}, {"caption": "the man on table", "predicate": "on", "target": {"coordinates": [-6.0891952514648, 11.714279174805, 203.08276367188, 385.98236083984]}, "name": 5673, "source": {"coordinates": [258.18902587891, 79.834121704102, 120.69738769531, 137.57577514648]}, "seconds": 236.375, "object": "table", "type": "relation", "subject": "the man"}, {"caption": "the man wearing black shirt", "predicate": "wearing", "target": {"coordinates": [454.25143432617, 5.8802490234375, 169.26724243164, 356.69680786133]}, "name": 5673, "source": {"coordinates": [258.18902587891, 79.834121704102, 120.69738769531, 137.57577514648]}, "seconds": 236.375, "object": "black shirt", "type": "relation", "subject": "the man"}, {"caption": "the man wearing black shirt", "predicate": "wearing", "target": {"coordinates": [6.2303905487061, 5.6787643432617, 39.139495849609, 96.359893798828]}, "name": 5673, "source": {"coordinates": [258.18902587891, 79.834121704102, 120.69738769531, 137.57577514648]}, "seconds": 236.375, "object": "black shirt", "type": "relation", "subject": "the man"}, {"caption": "the man in room", "predicate": "in", "target": {"coordinates": [-11.256958007812, 0.65882873535156, 408.92431640625, 184.65414428711]}, "name": 5673, "source": {"coordinates": [258.18902587891, 79.834121704102, 120.69738769531, 137.57577514648]}, "seconds": 236.375, "object": "room", "type": "relation", "subject": "the man"}, {"caption": "the man wearing black shirt", "predicate": "wearing", "target": {"coordinates": [456.95693969727, 165.36151123047, 119.35494995117, 134.79592895508]}, "name": 5673, "source": {"coordinates": [258.18902587891, 79.834121704102, 120.69738769531, 137.57577514648]}, "seconds": 236.375, "object": "black shirt", "type": "relation", "subject": "the man"}, {"caption": "the man wearing black shirt", "predicate": "wearing", "target": {"coordinates": [2.7789058685303, 193.55981445312, 43.281532287598, 64.824554443359]}, "name": 5673, "source": {"coordinates": [258.18902587891, 79.834121704102, 120.69738769531, 137.57577514648]}, "seconds": 236.375, "object": "black shirt", "type": "relation", "subject": "the man"}, {"caption": "the window on table", "predicate": "on", "target": {"coordinates": [475.69085693359, 45.75715637207, 85.105834960938, 205.12274169922]}, "name": 5673, "source": {"coordinates": [258.18902587891, 79.834121704102, 120.69738769531, 137.57577514648]}, "seconds": 236.375, "object": "table", "type": "relation", "subject": "the window"}, {"caption": "the window on table", "predicate": "on", "target": {"coordinates": [58.307556152344, 177.08807373047, 628.33996582031, 225.22827148438]}, "name": 5673, "source": {"coordinates": [2.7789058685303, 193.55981445312, 43.281532287598, 64.824554443359]}, "seconds": 236.375, "object": "table", "type": "relation", "subject": "the window"}, {"caption": "the window on wall", "predicate": "on", "target": {"coordinates": [98.026702880859, 1.8957214355469, 591.57873535156, 290.71011352539]}, "name": 5673, "source": {"coordinates": [2.7789058685303, 193.55981445312, 43.281532287598, 64.824554443359]}, "seconds": 236.375, "object": "wall", "type": "relation", "subject": "the window"}, {"caption": "the window on wall", "predicate": "on", "target": {"coordinates": [-6.0891952514648, 11.714279174805, 203.08276367188, 385.98236083984]}, "name": 5673, "source": {"coordinates": [2.7789058685303, 193.55981445312, 43.281532287598, 64.824554443359]}, "seconds": 236.375, "object": "wall", "type": "relation", "subject": "the window"}, {"caption": "the window on wall", "predicate": "on", "target": {"coordinates": [454.25143432617, 5.8802490234375, 169.26724243164, 356.69680786133]}, "name": 5673, "source": {"coordinates": [2.7789058685303, 193.55981445312, 43.281532287598, 64.824554443359]}, "seconds": 236.375, "object": "wall", "type": "relation", "subject": "the window"}, {"caption": "the window on wall", "predicate": "on", "target": {"coordinates": [6.2303905487061, 5.6787643432617, 39.139495849609, 96.359893798828]}, "name": 5673, "source": {"coordinates": [2.7789058685303, 193.55981445312, 43.281532287598, 64.824554443359]}, "seconds": 236.375, "object": "wall", "type": "relation", "subject": "the window"}, {"caption": "the window on a man", "predicate": "on", "target": {"coordinates": [-11.256958007812, 0.65882873535156, 408.92431640625, 184.65414428711]}, "name": 5673, "source": {"coordinates": [2.7789058685303, 193.55981445312, 43.281532287598, 64.824554443359]}, "seconds": 236.375, "object": "a man", "type": "relation", "subject": "the window"}, {"caption": "the window on wall", "predicate": "on", "target": {"coordinates": [456.95693969727, 165.36151123047, 119.35494995117, 134.79592895508]}, "name": 5673, "source": {"coordinates": [2.7789058685303, 193.55981445312, 43.281532287598, 64.824554443359]}, "seconds": 236.375, "object": "wall", "type": "relation", "subject": "the window"}, {"caption": "the window on wall", "predicate": "on", "target": {"coordinates": [258.18902587891, 79.834121704102, 120.69738769531, 137.57577514648]}, "name": 5673, "source": {"coordinates": [2.7789058685303, 193.55981445312, 43.281532287598, 64.824554443359]}, "seconds": 236.375, "object": "wall", "type": "relation", "subject": "the window"}, {"caption": "the man on table", "predicate": "on", "target": {"coordinates": [475.69085693359, 45.75715637207, 85.105834960938, 205.12274169922]}, "name": 5673, "source": {"coordinates": [2.7789058685303, 193.55981445312, 43.281532287598, 64.824554443359]}, "seconds": 236.375, "object": "table", "type": "relation", "subject": "the man"}, {"caption": "the man on table", "predicate": "on", "target": {"coordinates": [58.307556152344, 177.08807373047, 628.33996582031, 225.22827148438]}, "name": 5673, "source": {"coordinates": [475.69085693359, 45.75715637207, 85.105834960938, 205.12274169922]}, "seconds": 236.375, "object": "table", "type": "relation", "subject": "the man"}, {"caption": "the man in room", "predicate": "in", "target": {"coordinates": [98.026702880859, 1.8957214355469, 591.57873535156, 290.71011352539]}, "name": 5673, "source": {"coordinates": [475.69085693359, 45.75715637207, 85.105834960938, 205.12274169922]}, "seconds": 236.375, "object": "room", "type": "relation", "subject": "the man"}, {"caption": "the man on table", "predicate": "on", "target": {"coordinates": [-6.0891952514648, 11.714279174805, 203.08276367188, 385.98236083984]}, "name": 5673, "source": {"coordinates": [475.69085693359, 45.75715637207, 85.105834960938, 205.12274169922]}, "seconds": 236.375, "object": "table", "type": "relation", "subject": "the man"}, {"caption": "the man wearing black shirt", "predicate": "wearing", "target": {"coordinates": [454.25143432617, 5.8802490234375, 169.26724243164, 356.69680786133]}, "name": 5673, "source": {"coordinates": [475.69085693359, 45.75715637207, 85.105834960938, 205.12274169922]}, "seconds": 236.375, "object": "black shirt", "type": "relation", "subject": "the man"}, {"caption": "the man in room", "predicate": "in", "target": {"coordinates": [6.2303905487061, 5.6787643432617, 39.139495849609, 96.359893798828]}, "name": 5673, "source": {"coordinates": [475.69085693359, 45.75715637207, 85.105834960938, 205.12274169922]}, "seconds": 236.375, "object": "room", "type": "relation", "subject": "the man"}, {"caption": "the man wearing black shirt", "predicate": "wearing", "target": {"coordinates": [-11.256958007812, 0.65882873535156, 408.92431640625, 184.65414428711]}, "name": 5673, "source": {"coordinates": [475.69085693359, 45.75715637207, 85.105834960938, 205.12274169922]}, "seconds": 236.375, "object": "black shirt", "type": "relation", "subject": "the man"}, {"caption": "the man wearing black shirt", "predicate": "wearing", "target": {"coordinates": [456.95693969727, 165.36151123047, 119.35494995117, 134.79592895508]}, "name": 5673, "source": {"coordinates": [475.69085693359, 45.75715637207, 85.105834960938, 205.12274169922]}, "seconds": 236.375, "object": "black shirt", "type": "relation", "subject": "the man"}, {"caption": "the man on a table", "predicate": "on", "target": {"coordinates": [258.18902587891, 79.834121704102, 120.69738769531, 137.57577514648]}, "name": 5673, "source": {"coordinates": [475.69085693359, 45.75715637207, 85.105834960938, 205.12274169922]}, "seconds": 236.375, "object": "a table", "type": "relation", "subject": "the man"}, {"caption": "the man on white table", "predicate": "on", "target": {"coordinates": [2.7789058685303, 193.55981445312, 43.281532287598, 64.824554443359]}, "name": 5673, "source": {"coordinates": [475.69085693359, 45.75715637207, 85.105834960938, 205.12274169922]}, "seconds": 236.375, "object": "white table", "type": "relation", "subject": "the man"}]