[{"caption": "the man wearing black shirt", "predicate": "wearing", "target": {"coordinates": [1.0998001098633, -7.9148712158203, 241.43786621094, 423.2294921875]}, "name": 5767, "source": {"coordinates": [265.23428344727, 57.206115722656, 197.58941650391, 357.54180908203]}, "seconds": 240.29166666666666, "object": "black shirt", "type": "relation", "subject": "the man"}, {"caption": "the man wearing black shirt", "predicate": "wearing", "target": {"coordinates": [512.17047119141, -5.0291900634766, 211.95593261719, 396.13671875]}, "name": 5767, "source": {"coordinates": [265.23428344727, 57.206115722656, 197.58941650391, 357.54180908203]}, "seconds": 240.29166666666666, "object": "black shirt", "type": "relation", "subject": "the man"}, {"caption": "the man wearing black shirt", "predicate": "wearing", "target": {"coordinates": [31.801239013672, 167.13482666016, 693.24536132812, 247.34393310547]}, "name": 5767, "source": {"coordinates": [265.23428344727, 57.206115722656, 197.58941650391, 357.54180908203]}, "seconds": 240.29166666666666, "object": "black shirt", "type": "relation", "subject": "the man"}, {"caption": "the man wearing black shirt", "predicate": "wearing", "target": {"coordinates": [49.768341064453, 4.903450012207, 679.73693847656, 201.48318481445]}, "name": 5767, "source": {"coordinates": [265.23428344727, 57.206115722656, 197.58941650391, 357.54180908203]}, "seconds": 240.29166666666666, "object": "black shirt", "type": "relation", "subject": "the man"}, {"caption": "the man wearing black shirt", "predicate": "wearing", "target": {"coordinates": [254.43756103516, 183.31181335449, 98.760864257812, 203.45149230957]}, "name": 5767, "source": {"coordinates": [265.23428344727, 57.206115722656, 197.58941650391, 357.54180908203]}, "seconds": 240.29166666666666, "object": "black shirt", "type": "relation", "subject": "the man"}, {"caption": "the man wearing black shirt", "predicate": "wearing", "target": {"coordinates": [5.4632415771484, 5.6134185791016, 80.677917480469, 134.84408569336]}, "name": 5767, "source": {"coordinates": [265.23428344727, 57.206115722656, 197.58941650391, 357.54180908203]}, "seconds": 240.29166666666666, "object": "black shirt", "type": "relation", "subject": "the man"}, {"caption": "the man wearing black shirt", "predicate": "wearing", "target": {"coordinates": [265.23428344727, 57.206115722656, 197.58941650391, 357.54180908203]}, "name": 5767, "source": {"coordinates": [1.0998001098633, -7.9148712158203, 241.43786621094, 423.2294921875]}, "seconds": 240.29166666666666, "object": "black shirt", "type": "relation", "subject": "the man"}, {"caption": "the man wearing black shirt", "predicate": "wearing", "target": {"coordinates": [512.17047119141, -5.0291900634766, 211.95593261719, 396.13671875]}, "name": 5767, "source": {"coordinates": [1.0998001098633, -7.9148712158203, 241.43786621094, 423.2294921875]}, "seconds": 240.29166666666666, "object": "black shirt", "type": "relation", "subject": "the man"}, {"caption": "the man wearing black shirt", "predicate": "wearing", "target": {"coordinates": [31.801239013672, 167.13482666016, 693.24536132812, 247.34393310547]}, "name": 5767, "source": {"coordinates": [1.0998001098633, -7.9148712158203, 241.43786621094, 423.2294921875]}, "seconds": 240.29166666666666, "object": "black shirt", "type": "relation", "subject": "the man"}, {"caption": "the man wearing black shirt", "predicate": "wearing", "target": {"coordinates": [49.768341064453, 4.903450012207, 679.73693847656, 201.48318481445]}, "name": 5767, "source": {"coordinates": [1.0998001098633, -7.9148712158203, 241.43786621094, 423.2294921875]}, "seconds": 240.29166666666666, "object": "black shirt", "type": "relation", "subject": "the man"}, {"caption": "the man has a white shirt", "predicate": "has", "target": {"coordinates": [254.43756103516, 183.31181335449, 98.760864257812, 203.45149230957]}, "name": 5767, "source": {"coordinates": [1.0998001098633, -7.9148712158203, 241.43786621094, 423.2294921875]}, "seconds": 240.29166666666666, "object": "a white shirt", "type": "relation", "subject": "the man"}, {"caption": "the man wearing black shirt", "predicate": "wearing", "target": {"coordinates": [5.4632415771484, 5.6134185791016, 80.677917480469, 134.84408569336]}, "name": 5767, "source": {"coordinates": [1.0998001098633, -7.9148712158203, 241.43786621094, 423.2294921875]}, "seconds": 240.29166666666666, "object": "black shirt", "type": "relation", "subject": "the man"}, {"caption": "the man wearing black shirt", "predicate": "wearing", "target": {"coordinates": [265.23428344727, 57.206115722656, 197.58941650391, 357.54180908203]}, "name": 5767, "source": {"coordinates": [512.17047119141, -5.0291900634766, 211.95593261719, 396.13671875]}, "seconds": 240.29166666666666, "object": "black shirt", "type": "relation", "subject": "the man"}, {"caption": "the man wearing black shirt", "predicate": "wearing", "target": {"coordinates": [1.0998001098633, -7.9148712158203, 241.43786621094, 423.2294921875]}, "name": 5767, "source": {"coordinates": [512.17047119141, -5.0291900634766, 211.95593261719, 396.13671875]}, "seconds": 240.29166666666666, "object": "black shirt", "type": "relation", "subject": "the man"}, {"caption": "the man wearing black shirt", "predicate": "wearing", "target": {"coordinates": [31.801239013672, 167.13482666016, 693.24536132812, 247.34393310547]}, "name": 5767, "source": {"coordinates": [512.17047119141, -5.0291900634766, 211.95593261719, 396.13671875]}, "seconds": 240.29166666666666, "object": "black shirt", "type": "relation", "subject": "the man"}, {"caption": "the man wearing black shirt", "predicate": "wearing", "target": {"coordinates": [49.768341064453, 4.903450012207, 679.73693847656, 201.48318481445]}, "name": 5767, "source": {"coordinates": [512.17047119141, -5.0291900634766, 211.95593261719, 396.13671875]}, "seconds": 240.29166666666666, "object": "black shirt", "type": "relation", "subject": "the man"}, {"caption": "the man wearing black shirt", "predicate": "wearing", "target": {"coordinates": [254.43756103516, 183.31181335449, 98.760864257812, 203.45149230957]}, "name": 5767, "source": {"coordinates": [512.17047119141, -5.0291900634766, 211.95593261719, 396.13671875]}, "seconds": 240.29166666666666, "object": "black shirt", "type": "relation", "subject": "the man"}, {"caption": "the man wearing white shirt", "predicate": "wearing", "target": {"coordinates": [5.4632415771484, 5.6134185791016, 80.677917480469, 134.84408569336]}, "name": 5767, "source": {"coordinates": [512.17047119141, -5.0291900634766, 211.95593261719, 396.13671875]}, "seconds": 240.29166666666666, "object": "white shirt", "type": "relation", "subject": "the man"}, {"caption": "the man wearing white shirt", "predicate": "wearing", "target": {"coordinates": [265.23428344727, 57.206115722656, 197.58941650391, 357.54180908203]}, "name": 5767, "source": {"coordinates": [31.801239013672, 167.13482666016, 693.24536132812, 247.34393310547]}, "seconds": 240.29166666666666, "object": "white shirt", "type": "relation", "subject": "the man"}, {"caption": "the man wearing white shirt", "predicate": "wearing", "target": {"coordinates": [1.0998001098633, -7.9148712158203, 241.43786621094, 423.2294921875]}, "name": 5767, "source": {"coordinates": [31.801239013672, 167.13482666016, 693.24536132812, 247.34393310547]}, "seconds": 240.29166666666666, "object": "white shirt", "type": "relation", "subject": "the man"}, {"caption": "the man wearing black shirt", "predicate": "wearing", "target": {"coordinates": [512.17047119141, -5.0291900634766, 211.95593261719, 396.13671875]}, "name": 5767, "source": {"coordinates": [31.801239013672, 167.13482666016, 693.24536132812, 247.34393310547]}, "seconds": 240.29166666666666, "object": "black shirt", "type": "relation", "subject": "the man"}, {"caption": "the man wearing black shirt", "predicate": "wearing", "target": {"coordinates": [49.768341064453, 4.903450012207, 679.73693847656, 201.48318481445]}, "name": 5767, "source": {"coordinates": [31.801239013672, 167.13482666016, 693.24536132812, 247.34393310547]}, "seconds": 240.29166666666666, "object": "black shirt", "type": "relation", "subject": "the man"}, {"caption": "the man has a white shirt", "predicate": "has", "target": {"coordinates": [254.43756103516, 183.31181335449, 98.760864257812, 203.45149230957]}, "name": 5767, "source": {"coordinates": [31.801239013672, 167.13482666016, 693.24536132812, 247.34393310547]}, "seconds": 240.29166666666666, "object": "a white shirt", "type": "relation", "subject": "the man"}, {"caption": "the man wearing black shirt", "predicate": "wearing", "target": {"coordinates": [5.4632415771484, 5.6134185791016, 80.677917480469, 134.84408569336]}, "name": 5767, "source": {"coordinates": [31.801239013672, 167.13482666016, 693.24536132812, 247.34393310547]}, "seconds": 240.29166666666666, "object": "black shirt", "type": "relation", "subject": "the man"}, {"caption": "the man wearing black shirt", "predicate": "wearing", "target": {"coordinates": [265.23428344727, 57.206115722656, 197.58941650391, 357.54180908203]}, "name": 5767, "source": {"coordinates": [49.768341064453, 4.903450012207, 679.73693847656, 201.48318481445]}, "seconds": 240.29166666666666, "object": "black shirt", "type": "relation", "subject": "the man"}, {"caption": "the man wearing black shirt", "predicate": "wearing", "target": {"coordinates": [1.0998001098633, -7.9148712158203, 241.43786621094, 423.2294921875]}, "name": 5767, "source": {"coordinates": [49.768341064453, 4.903450012207, 679.73693847656, 201.48318481445]}, "seconds": 240.29166666666666, "object": "black shirt", "type": "relation", "subject": "the man"}, {"caption": "the man wearing black shirt", "predicate": "wearing", "target": {"coordinates": [512.17047119141, -5.0291900634766, 211.95593261719, 396.13671875]}, "name": 5767, "source": {"coordinates": [49.768341064453, 4.903450012207, 679.73693847656, 201.48318481445]}, "seconds": 240.29166666666666, "object": "black shirt", "type": "relation", "subject": "the man"}, {"caption": "the man wearing black shirt", "predicate": "wearing", "target": {"coordinates": [31.801239013672, 167.13482666016, 693.24536132812, 247.34393310547]}, "name": 5767, "source": {"coordinates": [49.768341064453, 4.903450012207, 679.73693847656, 201.48318481445]}, "seconds": 240.29166666666666, "object": "black shirt", "type": "relation", "subject": "the man"}, {"caption": "the man wearing black shirt", "predicate": "wearing", "target": {"coordinates": [254.43756103516, 183.31181335449, 98.760864257812, 203.45149230957]}, "name": 5767, "source": {"coordinates": [49.768341064453, 4.903450012207, 679.73693847656, 201.48318481445]}, "seconds": 240.29166666666666, "object": "black shirt", "type": "relation", "subject": "the man"}, {"caption": "the man wearing black shirt", "predicate": "wearing", "target": {"coordinates": [5.4632415771484, 5.6134185791016, 80.677917480469, 134.84408569336]}, "name": 5767, "source": {"coordinates": [49.768341064453, 4.903450012207, 679.73693847656, 201.48318481445]}, "seconds": 240.29166666666666, "object": "black shirt", "type": "relation", "subject": "the man"}, {"caption": "the man wearing black shirt", "predicate": "wearing", "target": {"coordinates": [265.23428344727, 57.206115722656, 197.58941650391, 357.54180908203]}, "name": 5767, "source": {"coordinates": [254.43756103516, 183.31181335449, 98.760864257812, 203.45149230957]}, "seconds": 240.29166666666666, "object": "black shirt", "type": "relation", "subject": "the man"}, {"caption": "the man in a white shirt", "predicate": "in", "target": {"coordinates": [1.0998001098633, -7.9148712158203, 241.43786621094, 423.2294921875]}, "name": 5767, "source": {"coordinates": [254.43756103516, 183.31181335449, 98.760864257812, 203.45149230957]}, "seconds": 240.29166666666666, "object": "a white shirt", "type": "relation", "subject": "the man"}, {"caption": "the man in a white shirt", "predicate": "in", "target": {"coordinates": [512.17047119141, -5.0291900634766, 211.95593261719, 396.13671875]}, "name": 5767, "source": {"coordinates": [254.43756103516, 183.31181335449, 98.760864257812, 203.45149230957]}, "seconds": 240.29166666666666, "object": "a white shirt", "type": "relation", "subject": "the man"}, {"caption": "the man in a white shirt", "predicate": "in", "target": {"coordinates": [31.801239013672, 167.13482666016, 693.24536132812, 247.34393310547]}, "name": 5767, "source": {"coordinates": [254.43756103516, 183.31181335449, 98.760864257812, 203.45149230957]}, "seconds": 240.29166666666666, "object": "a white shirt", "type": "relation", "subject": "the man"}, {"caption": "the man in a white shirt", "predicate": "in", "target": {"coordinates": [49.768341064453, 4.903450012207, 679.73693847656, 201.48318481445]}, "name": 5767, "source": {"coordinates": [254.43756103516, 183.31181335449, 98.760864257812, 203.45149230957]}, "seconds": 240.29166666666666, "object": "a white shirt", "type": "relation", "subject": "the man"}, {"caption": "the window on building", "predicate": "on", "target": {"coordinates": [5.4632415771484, 5.6134185791016, 80.677917480469, 134.84408569336]}, "name": 5767, "source": {"coordinates": [254.43756103516, 183.31181335449, 98.760864257812, 203.45149230957]}, "seconds": 240.29166666666666, "object": "building", "type": "relation", "subject": "the window"}, {"caption": "the window on building", "predicate": "on", "target": {"coordinates": [265.23428344727, 57.206115722656, 197.58941650391, 357.54180908203]}, "name": 5767, "source": {"coordinates": [5.4632415771484, 5.6134185791016, 80.677917480469, 134.84408569336]}, "seconds": 240.29166666666666, "object": "building", "type": "relation", "subject": "the window"}, {"caption": "the man in a white shirt", "predicate": "in", "target": {"coordinates": [1.0998001098633, -7.9148712158203, 241.43786621094, 423.2294921875]}, "name": 5767, "source": {"coordinates": [5.4632415771484, 5.6134185791016, 80.677917480469, 134.84408569336]}, "seconds": 240.29166666666666, "object": "a white shirt", "type": "relation", "subject": "the man"}, {"caption": "the window on wall", "predicate": "on", "target": {"coordinates": [512.17047119141, -5.0291900634766, 211.95593261719, 396.13671875]}, "name": 5767, "source": {"coordinates": [5.4632415771484, 5.6134185791016, 80.677917480469, 134.84408569336]}, "seconds": 240.29166666666666, "object": "wall", "type": "relation", "subject": "the window"}, {"caption": "the window on building", "predicate": "on", "target": {"coordinates": [31.801239013672, 167.13482666016, 693.24536132812, 247.34393310547]}, "name": 5767, "source": {"coordinates": [5.4632415771484, 5.6134185791016, 80.677917480469, 134.84408569336]}, "seconds": 240.29166666666666, "object": "building", "type": "relation", "subject": "the window"}, {"caption": "the window on building", "predicate": "on", "target": {"coordinates": [49.768341064453, 4.903450012207, 679.73693847656, 201.48318481445]}, "name": 5767, "source": {"coordinates": [5.4632415771484, 5.6134185791016, 80.677917480469, 134.84408569336]}, "seconds": 240.29166666666666, "object": "building", "type": "relation", "subject": "the window"}, {"caption": "the man wearing black shirt", "predicate": "wearing", "target": {"coordinates": [254.43756103516, 183.31181335449, 98.760864257812, 203.45149230957]}, "name": 5767, "source": {"coordinates": [5.4632415771484, 5.6134185791016, 80.677917480469, 134.84408569336]}, "seconds": 240.29166666666666, "object": "black shirt", "type": "relation", "subject": "the man"}]