[{"caption": "the man wearing black shirt", "predicate": "wearing", "target": {"coordinates": [493.22232055664, 5.4864349365234, 238.80136108398, 387.24365234375]}, "name": 5829, "source": {"coordinates": [146.89208984375, 49.596252441406, 372.54357910156, 357.11401367188]}, "seconds": 242.875, "object": "black shirt", "type": "relation", "subject": "the man"}, {"caption": "the man in room", "predicate": "in", "target": {"coordinates": [289.87261962891, 197.77648925781, 93.546630859375, 205.30548095703]}, "name": 5829, "source": {"coordinates": [146.89208984375, 49.596252441406, 372.54357910156, 357.11401367188]}, "seconds": 242.875, "object": "room", "type": "relation", "subject": "the man"}, {"caption": "the man has head", "predicate": "has", "target": {"coordinates": [-2.1364059448242, 1.5048217773438, 213.89581298828, 397.60107421875]}, "name": 5829, "source": {"coordinates": [146.89208984375, 49.596252441406, 372.54357910156, 357.11401367188]}, "seconds": 242.875, "object": "head", "type": "relation", "subject": "the man"}, {"caption": "the man in room", "predicate": "in", "target": {"coordinates": [300.79067993164, 37.794227600098, 132.05096435547, 124.19612884521]}, "name": 5829, "source": {"coordinates": [146.89208984375, 49.596252441406, 372.54357910156, 357.11401367188]}, "seconds": 242.875, "object": "room", "type": "relation", "subject": "the man"}, {"caption": "the man has a white handle", "predicate": "has", "target": {"coordinates": [16.671569824219, -0.54134368896484, 730.35052490234, 240.89688110352]}, "name": 5829, "source": {"coordinates": [146.89208984375, 49.596252441406, 372.54357910156, 357.11401367188]}, "seconds": 242.875, "object": "a white handle", "type": "relation", "subject": "the man"}, {"caption": "the man wearing white shirt", "predicate": "wearing", "target": {"coordinates": [508.88708496094, 171.72358703613, 59.944702148438, 55.192901611328]}, "name": 5829, "source": {"coordinates": [146.89208984375, 49.596252441406, 372.54357910156, 357.11401367188]}, "seconds": 242.875, "object": "white shirt", "type": "relation", "subject": "the man"}, {"caption": "the window on wall", "predicate": "on", "target": {"coordinates": [667.38464355469, 4.7837238311768, 52.398681640625, 38.768455505371]}, "name": 5829, "source": {"coordinates": [146.89208984375, 49.596252441406, 372.54357910156, 357.11401367188]}, "seconds": 242.875, "object": "wall", "type": "relation", "subject": "the window"}, {"caption": "the window on wall", "predicate": "on", "target": {"coordinates": [146.89208984375, 49.596252441406, 372.54357910156, 357.11401367188]}, "name": 5829, "source": {"coordinates": [493.22232055664, 5.4864349365234, 238.80136108398, 387.24365234375]}, "seconds": 242.875, "object": "wall", "type": "relation", "subject": "the window"}, {"caption": "the window on wall", "predicate": "on", "target": {"coordinates": [289.87261962891, 197.77648925781, 93.546630859375, 205.30548095703]}, "name": 5829, "source": {"coordinates": [493.22232055664, 5.4864349365234, 238.80136108398, 387.24365234375]}, "seconds": 242.875, "object": "wall", "type": "relation", "subject": "the window"}, {"caption": "the man has head", "predicate": "has", "target": {"coordinates": [-2.1364059448242, 1.5048217773438, 213.89581298828, 397.60107421875]}, "name": 5829, "source": {"coordinates": [493.22232055664, 5.4864349365234, 238.80136108398, 387.24365234375]}, "seconds": 242.875, "object": "head", "type": "relation", "subject": "the man"}, {"caption": "the window on wall", "predicate": "on", "target": {"coordinates": [300.79067993164, 37.794227600098, 132.05096435547, 124.19612884521]}, "name": 5829, "source": {"coordinates": [493.22232055664, 5.4864349365234, 238.80136108398, 387.24365234375]}, "seconds": 242.875, "object": "wall", "type": "relation", "subject": "the window"}, {"caption": "the window has white", "predicate": "has", "target": {"coordinates": [16.671569824219, -0.54134368896484, 730.35052490234, 240.89688110352]}, "name": 5829, "source": {"coordinates": [493.22232055664, 5.4864349365234, 238.80136108398, 387.24365234375]}, "seconds": 242.875, "object": "white", "type": "relation", "subject": "the window"}, {"caption": "the window has white", "predicate": "has", "target": {"coordinates": [508.88708496094, 171.72358703613, 59.944702148438, 55.192901611328]}, "name": 5829, "source": {"coordinates": [493.22232055664, 5.4864349365234, 238.80136108398, 387.24365234375]}, "seconds": 242.875, "object": "white", "type": "relation", "subject": "the window"}, {"caption": "the man in a white shirt", "predicate": "in", "target": {"coordinates": [667.38464355469, 4.7837238311768, 52.398681640625, 38.768455505371]}, "name": 5829, "source": {"coordinates": [493.22232055664, 5.4864349365234, 238.80136108398, 387.24365234375]}, "seconds": 242.875, "object": "a white shirt", "type": "relation", "subject": "the man"}, {"caption": "the man in a white shirt", "predicate": "in", "target": {"coordinates": [146.89208984375, 49.596252441406, 372.54357910156, 357.11401367188]}, "name": 5829, "source": {"coordinates": [289.87261962891, 197.77648925781, 93.546630859375, 205.30548095703]}, "seconds": 242.875, "object": "a white shirt", "type": "relation", "subject": "the man"}, {"caption": "the man in room", "predicate": "in", "target": {"coordinates": [493.22232055664, 5.4864349365234, 238.80136108398, 387.24365234375]}, "name": 5829, "source": {"coordinates": [289.87261962891, 197.77648925781, 93.546630859375, 205.30548095703]}, "seconds": 242.875, "object": "room", "type": "relation", "subject": "the man"}, {"caption": "the man has head", "predicate": "has", "target": {"coordinates": [-2.1364059448242, 1.5048217773438, 213.89581298828, 397.60107421875]}, "name": 5829, "source": {"coordinates": [289.87261962891, 197.77648925781, 93.546630859375, 205.30548095703]}, "seconds": 242.875, "object": "head", "type": "relation", "subject": "the man"}, {"caption": "the man in room", "predicate": "in", "target": {"coordinates": [300.79067993164, 37.794227600098, 132.05096435547, 124.19612884521]}, "name": 5829, "source": {"coordinates": [289.87261962891, 197.77648925781, 93.546630859375, 205.30548095703]}, "seconds": 242.875, "object": "room", "type": "relation", "subject": "the man"}, {"caption": "the man in room", "predicate": "in", "target": {"coordinates": [16.671569824219, -0.54134368896484, 730.35052490234, 240.89688110352]}, "name": 5829, "source": {"coordinates": [289.87261962891, 197.77648925781, 93.546630859375, 205.30548095703]}, "seconds": 242.875, "object": "room", "type": "relation", "subject": "the man"}, {"caption": "the man in front of building", "predicate": "in", "target": {"coordinates": [508.88708496094, 171.72358703613, 59.944702148438, 55.192901611328]}, "name": 5829, "source": {"coordinates": [289.87261962891, 197.77648925781, 93.546630859375, 205.30548095703]}, "seconds": 242.875, "object": "front of building", "type": "relation", "subject": "the man"}, {"caption": "the window on wall", "predicate": "on", "target": {"coordinates": [667.38464355469, 4.7837238311768, 52.398681640625, 38.768455505371]}, "name": 5829, "source": {"coordinates": [289.87261962891, 197.77648925781, 93.546630859375, 205.30548095703]}, "seconds": 242.875, "object": "wall", "type": "relation", "subject": "the window"}, {"caption": "the window on wall", "predicate": "on", "target": {"coordinates": [146.89208984375, 49.596252441406, 372.54357910156, 357.11401367188]}, "name": 5829, "source": {"coordinates": [-2.1364059448242, 1.5048217773438, 213.89581298828, 397.60107421875]}, "seconds": 242.875, "object": "wall", "type": "relation", "subject": "the window"}, {"caption": "the window on wall", "predicate": "on", "target": {"coordinates": [493.22232055664, 5.4864349365234, 238.80136108398, 387.24365234375]}, "name": 5829, "source": {"coordinates": [-2.1364059448242, 1.5048217773438, 213.89581298828, 397.60107421875]}, "seconds": 242.875, "object": "wall", "type": "relation", "subject": "the window"}, {"caption": "the man has head", "predicate": "has", "target": {"coordinates": [289.87261962891, 197.77648925781, 93.546630859375, 205.30548095703]}, "name": 5829, "source": {"coordinates": [-2.1364059448242, 1.5048217773438, 213.89581298828, 397.60107421875]}, "seconds": 242.875, "object": "head", "type": "relation", "subject": "the man"}, {"caption": "the window on wall", "predicate": "on", "target": {"coordinates": [300.79067993164, 37.794227600098, 132.05096435547, 124.19612884521]}, "name": 5829, "source": {"coordinates": [-2.1364059448242, 1.5048217773438, 213.89581298828, 397.60107421875]}, "seconds": 242.875, "object": "wall", "type": "relation", "subject": "the window"}, {"caption": "the window has a window", "predicate": "has", "target": {"coordinates": [16.671569824219, -0.54134368896484, 730.35052490234, 240.89688110352]}, "name": 5829, "source": {"coordinates": [-2.1364059448242, 1.5048217773438, 213.89581298828, 397.60107421875]}, "seconds": 242.875, "object": "a window", "type": "relation", "subject": "the window"}, {"caption": "the window has white door", "predicate": "has", "target": {"coordinates": [508.88708496094, 171.72358703613, 59.944702148438, 55.192901611328]}, "name": 5829, "source": {"coordinates": [-2.1364059448242, 1.5048217773438, 213.89581298828, 397.60107421875]}, "seconds": 242.875, "object": "white door", "type": "relation", "subject": "the window"}, {"caption": "the head of man", "predicate": "of", "target": {"coordinates": [667.38464355469, 4.7837238311768, 52.398681640625, 38.768455505371]}, "name": 5829, "source": {"coordinates": [-2.1364059448242, 1.5048217773438, 213.89581298828, 397.60107421875]}, "seconds": 242.875, "object": "man", "type": "relation", "subject": "the head"}, {"caption": "the head of man", "predicate": "of", "target": {"coordinates": [146.89208984375, 49.596252441406, 372.54357910156, 357.11401367188]}, "name": 5829, "source": {"coordinates": [300.79067993164, 37.794227600098, 132.05096435547, 124.19612884521]}, "seconds": 242.875, "object": "man", "type": "relation", "subject": "the head"}, {"caption": "the man on wall", "predicate": "on", "target": {"coordinates": [493.22232055664, 5.4864349365234, 238.80136108398, 387.24365234375]}, "name": 5829, "source": {"coordinates": [300.79067993164, 37.794227600098, 132.05096435547, 124.19612884521]}, "seconds": 242.875, "object": "wall", "type": "relation", "subject": "the man"}, {"caption": "the head of man", "predicate": "of", "target": {"coordinates": [289.87261962891, 197.77648925781, 93.546630859375, 205.30548095703]}, "name": 5829, "source": {"coordinates": [300.79067993164, 37.794227600098, 132.05096435547, 124.19612884521]}, "seconds": 242.875, "object": "man", "type": "relation", "subject": "the head"}, {"caption": "the head of a man", "predicate": "of", "target": {"coordinates": [-2.1364059448242, 1.5048217773438, 213.89581298828, 397.60107421875]}, "name": 5829, "source": {"coordinates": [300.79067993164, 37.794227600098, 132.05096435547, 124.19612884521]}, "seconds": 242.875, "object": "a man", "type": "relation", "subject": "the head"}, {"caption": "the head of man", "predicate": "of", "target": {"coordinates": [16.671569824219, -0.54134368896484, 730.35052490234, 240.89688110352]}, "name": 5829, "source": {"coordinates": [300.79067993164, 37.794227600098, 132.05096435547, 124.19612884521]}, "seconds": 242.875, "object": "man", "type": "relation", "subject": "the head"}, {"caption": "the head of a man", "predicate": "of", "target": {"coordinates": [508.88708496094, 171.72358703613, 59.944702148438, 55.192901611328]}, "name": 5829, "source": {"coordinates": [300.79067993164, 37.794227600098, 132.05096435547, 124.19612884521]}, "seconds": 242.875, "object": "a man", "type": "relation", "subject": "the head"}, {"caption": "the window on wall", "predicate": "on", "target": {"coordinates": [667.38464355469, 4.7837238311768, 52.398681640625, 38.768455505371]}, "name": 5829, "source": {"coordinates": [300.79067993164, 37.794227600098, 132.05096435547, 124.19612884521]}, "seconds": 242.875, "object": "wall", "type": "relation", "subject": "the window"}, {"caption": "the window on wall", "predicate": "on", "target": {"coordinates": [146.89208984375, 49.596252441406, 372.54357910156, 357.11401367188]}, "name": 5829, "source": {"coordinates": [16.671569824219, -0.54134368896484, 730.35052490234, 240.89688110352]}, "seconds": 242.875, "object": "wall", "type": "relation", "subject": "the window"}, {"caption": "the window on wall", "predicate": "on", "target": {"coordinates": [493.22232055664, 5.4864349365234, 238.80136108398, 387.24365234375]}, "name": 5829, "source": {"coordinates": [16.671569824219, -0.54134368896484, 730.35052490234, 240.89688110352]}, "seconds": 242.875, "object": "wall", "type": "relation", "subject": "the window"}, {"caption": "the man has head", "predicate": "has", "target": {"coordinates": [289.87261962891, 197.77648925781, 93.546630859375, 205.30548095703]}, "name": 5829, "source": {"coordinates": [16.671569824219, -0.54134368896484, 730.35052490234, 240.89688110352]}, "seconds": 242.875, "object": "head", "type": "relation", "subject": "the man"}, {"caption": "the window on wall", "predicate": "on", "target": {"coordinates": [-2.1364059448242, 1.5048217773438, 213.89581298828, 397.60107421875]}, "name": 5829, "source": {"coordinates": [16.671569824219, -0.54134368896484, 730.35052490234, 240.89688110352]}, "seconds": 242.875, "object": "wall", "type": "relation", "subject": "the window"}, {"caption": "the window on building", "predicate": "on", "target": {"coordinates": [300.79067993164, 37.794227600098, 132.05096435547, 124.19612884521]}, "name": 5829, "source": {"coordinates": [16.671569824219, -0.54134368896484, 730.35052490234, 240.89688110352]}, "seconds": 242.875, "object": "building", "type": "relation", "subject": "the window"}, {"caption": "the window has white door", "predicate": "has", "target": {"coordinates": [508.88708496094, 171.72358703613, 59.944702148438, 55.192901611328]}, "name": 5829, "source": {"coordinates": [16.671569824219, -0.54134368896484, 730.35052490234, 240.89688110352]}, "seconds": 242.875, "object": "white door", "type": "relation", "subject": "the window"}, {"caption": "the light on wall", "predicate": "on", "target": {"coordinates": [667.38464355469, 4.7837238311768, 52.398681640625, 38.768455505371]}, "name": 5829, "source": {"coordinates": [16.671569824219, -0.54134368896484, 730.35052490234, 240.89688110352]}, "seconds": 242.875, "object": "wall", "type": "relation", "subject": "the light"}, {"caption": "the light on wall", "predicate": "on", "target": {"coordinates": [146.89208984375, 49.596252441406, 372.54357910156, 357.11401367188]}, "name": 5829, "source": {"coordinates": [508.88708496094, 171.72358703613, 59.944702148438, 55.192901611328]}, "seconds": 242.875, "object": "wall", "type": "relation", "subject": "the light"}, {"caption": "the light on wall", "predicate": "on", "target": {"coordinates": [493.22232055664, 5.4864349365234, 238.80136108398, 387.24365234375]}, "name": 5829, "source": {"coordinates": [508.88708496094, 171.72358703613, 59.944702148438, 55.192901611328]}, "seconds": 242.875, "object": "wall", "type": "relation", "subject": "the light"}, {"caption": "the window has a head", "predicate": "has", "target": {"coordinates": [289.87261962891, 197.77648925781, 93.546630859375, 205.30548095703]}, "name": 5829, "source": {"coordinates": [508.88708496094, 171.72358703613, 59.944702148438, 55.192901611328]}, "seconds": 242.875, "object": "a head", "type": "relation", "subject": "the window"}, {"caption": "the window on wall", "predicate": "on", "target": {"coordinates": [-2.1364059448242, 1.5048217773438, 213.89581298828, 397.60107421875]}, "name": 5829, "source": {"coordinates": [508.88708496094, 171.72358703613, 59.944702148438, 55.192901611328]}, "seconds": 242.875, "object": "wall", "type": "relation", "subject": "the window"}, {"caption": "the light on wall", "predicate": "on", "target": {"coordinates": [300.79067993164, 37.794227600098, 132.05096435547, 124.19612884521]}, "name": 5829, "source": {"coordinates": [508.88708496094, 171.72358703613, 59.944702148438, 55.192901611328]}, "seconds": 242.875, "object": "wall", "type": "relation", "subject": "the light"}, {"caption": "the window on wall", "predicate": "on", "target": {"coordinates": [16.671569824219, -0.54134368896484, 730.35052490234, 240.89688110352]}, "name": 5829, "source": {"coordinates": [508.88708496094, 171.72358703613, 59.944702148438, 55.192901611328]}, "seconds": 242.875, "object": "wall", "type": "relation", "subject": "the window"}, {"caption": "the light on wall", "predicate": "on", "target": {"coordinates": [667.38464355469, 4.7837238311768, 52.398681640625, 38.768455505371]}, "name": 5829, "source": {"coordinates": [508.88708496094, 171.72358703613, 59.944702148438, 55.192901611328]}, "seconds": 242.875, "object": "wall", "type": "relation", "subject": "the light"}, {"caption": "the light on wall", "predicate": "on", "target": {"coordinates": [146.89208984375, 49.596252441406, 372.54357910156, 357.11401367188]}, "name": 5829, "source": {"coordinates": [667.38464355469, 4.7837238311768, 52.398681640625, 38.768455505371]}, "seconds": 242.875, "object": "wall", "type": "relation", "subject": "the light"}, {"caption": "the light on wall", "predicate": "on", "target": {"coordinates": [493.22232055664, 5.4864349365234, 238.80136108398, 387.24365234375]}, "name": 5829, "source": {"coordinates": [667.38464355469, 4.7837238311768, 52.398681640625, 38.768455505371]}, "seconds": 242.875, "object": "wall", "type": "relation", "subject": "the light"}, {"caption": "the sign on top of head", "predicate": "on", "target": {"coordinates": [289.87261962891, 197.77648925781, 93.546630859375, 205.30548095703]}, "name": 5829, "source": {"coordinates": [667.38464355469, 4.7837238311768, 52.398681640625, 38.768455505371]}, "seconds": 242.875, "object": "top of head", "type": "relation", "subject": "the sign"}, {"caption": "the window on wall", "predicate": "on", "target": {"coordinates": [-2.1364059448242, 1.5048217773438, 213.89581298828, 397.60107421875]}, "name": 5829, "source": {"coordinates": [667.38464355469, 4.7837238311768, 52.398681640625, 38.768455505371]}, "seconds": 242.875, "object": "wall", "type": "relation", "subject": "the window"}, {"caption": "the light on wall", "predicate": "on", "target": {"coordinates": [300.79067993164, 37.794227600098, 132.05096435547, 124.19612884521]}, "name": 5829, "source": {"coordinates": [667.38464355469, 4.7837238311768, 52.398681640625, 38.768455505371]}, "seconds": 242.875, "object": "wall", "type": "relation", "subject": "the light"}, {"caption": "the window on wall", "predicate": "on", "target": {"coordinates": [16.671569824219, -0.54134368896484, 730.35052490234, 240.89688110352]}, "name": 5829, "source": {"coordinates": [667.38464355469, 4.7837238311768, 52.398681640625, 38.768455505371]}, "seconds": 242.875, "object": "wall", "type": "relation", "subject": "the window"}, {"caption": "the light on wall", "predicate": "on", "target": {"coordinates": [508.88708496094, 171.72358703613, 59.944702148438, 55.192901611328]}, "name": 5829, "source": {"coordinates": [667.38464355469, 4.7837238311768, 52.398681640625, 38.768455505371]}, "seconds": 242.875, "object": "wall", "type": "relation", "subject": "the light"}]