[{"caption": "the building has window", "predicate": "has", "target": {"coordinates": [617.26538085938, 234.2293548584, 39.631591796875, 38.782669067383]}, "name": 5982, "source": {"coordinates": [6.7586975097656, 34.609268188477, 522.4580078125, 378.96063232422]}, "seconds": 249.25, "object": "window", "type": "relation", "subject": "the building"}, {"caption": "the building has window", "predicate": "has", "target": {"coordinates": [383.85913085938, 30.602626800537, 33.380737304688, 39.082996368408]}, "name": 5982, "source": {"coordinates": [6.7586975097656, 34.609268188477, 522.4580078125, 378.96063232422]}, "seconds": 249.25, "object": "window", "type": "relation", "subject": "the building"}, {"caption": "the window on building", "predicate": "on", "target": {"coordinates": [372.32650756836, 181.75329589844, 55.545654296875, 61.732482910156]}, "name": 5982, "source": {"coordinates": [6.7586975097656, 34.609268188477, 522.4580078125, 378.96063232422]}, "seconds": 249.25, "object": "building", "type": "relation", "subject": "the window"}, {"caption": "the building has window", "predicate": "has", "target": {"coordinates": [13.504470825195, 294.90887451172, 437.46575927734, 103.12487792969]}, "name": 5982, "source": {"coordinates": [6.7586975097656, 34.609268188477, 522.4580078125, 378.96063232422]}, "seconds": 249.25, "object": "window", "type": "relation", "subject": "the building"}, {"caption": "the window on building", "predicate": "on", "target": {"coordinates": [167.69654846191, 203.36640930176, 46.882720947266, 58.884201049805]}, "name": 5982, "source": {"coordinates": [6.7586975097656, 34.609268188477, 522.4580078125, 378.96063232422]}, "seconds": 249.25, "object": "building", "type": "relation", "subject": "the window"}, {"caption": "the window on building", "predicate": "on", "target": {"coordinates": [525.62902832031, 21.474884033203, 199.52844238281, 385.92538452148]}, "name": 5982, "source": {"coordinates": [6.7586975097656, 34.609268188477, 522.4580078125, 378.96063232422]}, "seconds": 249.25, "object": "building", "type": "relation", "subject": "the window"}, {"caption": "the window on building", "predicate": "on", "target": {"coordinates": [68.943656921387, 50.336395263672, 173.52716064453, 340.12298583984]}, "name": 5982, "source": {"coordinates": [6.7586975097656, 34.609268188477, 522.4580078125, 378.96063232422]}, "seconds": 249.25, "object": "building", "type": "relation", "subject": "the window"}, {"caption": "the window on building", "predicate": "on", "target": {"coordinates": [226.93891906738, -2.6010589599609, 480.29486083984, 288.14202880859]}, "name": 5982, "source": {"coordinates": [6.7586975097656, 34.609268188477, 522.4580078125, 378.96063232422]}, "seconds": 249.25, "object": "building", "type": "relation", "subject": "the window"}, {"caption": "the window on building", "predicate": "on", "target": {"coordinates": [6.7586975097656, 34.609268188477, 522.4580078125, 378.96063232422]}, "name": 5982, "source": {"coordinates": [617.26538085938, 234.2293548584, 39.631591796875, 38.782669067383]}, "seconds": 249.25, "object": "building", "type": "relation", "subject": "the window"}, {"caption": "the window on building", "predicate": "on", "target": {"coordinates": [383.85913085938, 30.602626800537, 33.380737304688, 39.082996368408]}, "name": 5982, "source": {"coordinates": [617.26538085938, 234.2293548584, 39.631591796875, 38.782669067383]}, "seconds": 249.25, "object": "building", "type": "relation", "subject": "the window"}, {"caption": "the window on building", "predicate": "on", "target": {"coordinates": [372.32650756836, 181.75329589844, 55.545654296875, 61.732482910156]}, "name": 5982, "source": {"coordinates": [617.26538085938, 234.2293548584, 39.631591796875, 38.782669067383]}, "seconds": 249.25, "object": "building", "type": "relation", "subject": "the window"}, {"caption": "the window on building", "predicate": "on", "target": {"coordinates": [13.504470825195, 294.90887451172, 437.46575927734, 103.12487792969]}, "name": 5982, "source": {"coordinates": [617.26538085938, 234.2293548584, 39.631591796875, 38.782669067383]}, "seconds": 249.25, "object": "building", "type": "relation", "subject": "the window"}, {"caption": "the window on building", "predicate": "on", "target": {"coordinates": [167.69654846191, 203.36640930176, 46.882720947266, 58.884201049805]}, "name": 5982, "source": {"coordinates": [617.26538085938, 234.2293548584, 39.631591796875, 38.782669067383]}, "seconds": 249.25, "object": "building", "type": "relation", "subject": "the window"}, {"caption": "the window on building", "predicate": "on", "target": {"coordinates": [525.62902832031, 21.474884033203, 199.52844238281, 385.92538452148]}, "name": 5982, "source": {"coordinates": [617.26538085938, 234.2293548584, 39.631591796875, 38.782669067383]}, "seconds": 249.25, "object": "building", "type": "relation", "subject": "the window"}, {"caption": "the light on wall", "predicate": "on", "target": {"coordinates": [68.943656921387, 50.336395263672, 173.52716064453, 340.12298583984]}, "name": 5982, "source": {"coordinates": [617.26538085938, 234.2293548584, 39.631591796875, 38.782669067383]}, "seconds": 249.25, "object": "wall", "type": "relation", "subject": "the light"}, {"caption": "the window on building", "predicate": "on", "target": {"coordinates": [226.93891906738, -2.6010589599609, 480.29486083984, 288.14202880859]}, "name": 5982, "source": {"coordinates": [617.26538085938, 234.2293548584, 39.631591796875, 38.782669067383]}, "seconds": 249.25, "object": "building", "type": "relation", "subject": "the window"}, {"caption": "the window on building", "predicate": "on", "target": {"coordinates": [6.7586975097656, 34.609268188477, 522.4580078125, 378.96063232422]}, "name": 5982, "source": {"coordinates": [383.85913085938, 30.602626800537, 33.380737304688, 39.082996368408]}, "seconds": 249.25, "object": "building", "type": "relation", "subject": "the window"}, {"caption": "the light on pole", "predicate": "on", "target": {"coordinates": [617.26538085938, 234.2293548584, 39.631591796875, 38.782669067383]}, "name": 5982, "source": {"coordinates": [383.85913085938, 30.602626800537, 33.380737304688, 39.082996368408]}, "seconds": 249.25, "object": "pole", "type": "relation", "subject": "the light"}, {"caption": "the window on building", "predicate": "on", "target": {"coordinates": [372.32650756836, 181.75329589844, 55.545654296875, 61.732482910156]}, "name": 5982, "source": {"coordinates": [383.85913085938, 30.602626800537, 33.380737304688, 39.082996368408]}, "seconds": 249.25, "object": "building", "type": "relation", "subject": "the window"}, {"caption": "the window on building", "predicate": "on", "target": {"coordinates": [13.504470825195, 294.90887451172, 437.46575927734, 103.12487792969]}, "name": 5982, "source": {"coordinates": [383.85913085938, 30.602626800537, 33.380737304688, 39.082996368408]}, "seconds": 249.25, "object": "building", "type": "relation", "subject": "the window"}, {"caption": "the window on building", "predicate": "on", "target": {"coordinates": [167.69654846191, 203.36640930176, 46.882720947266, 58.884201049805]}, "name": 5982, "source": {"coordinates": [383.85913085938, 30.602626800537, 33.380737304688, 39.082996368408]}, "seconds": 249.25, "object": "building", "type": "relation", "subject": "the window"}, {"caption": "the window on building", "predicate": "on", "target": {"coordinates": [525.62902832031, 21.474884033203, 199.52844238281, 385.92538452148]}, "name": 5982, "source": {"coordinates": [383.85913085938, 30.602626800537, 33.380737304688, 39.082996368408]}, "seconds": 249.25, "object": "building", "type": "relation", "subject": "the window"}, {"caption": "the window on wall", "predicate": "on", "target": {"coordinates": [68.943656921387, 50.336395263672, 173.52716064453, 340.12298583984]}, "name": 5982, "source": {"coordinates": [383.85913085938, 30.602626800537, 33.380737304688, 39.082996368408]}, "seconds": 249.25, "object": "wall", "type": "relation", "subject": "the window"}, {"caption": "the window on building", "predicate": "on", "target": {"coordinates": [226.93891906738, -2.6010589599609, 480.29486083984, 288.14202880859]}, "name": 5982, "source": {"coordinates": [383.85913085938, 30.602626800537, 33.380737304688, 39.082996368408]}, "seconds": 249.25, "object": "building", "type": "relation", "subject": "the window"}, {"caption": "the window on building", "predicate": "on", "target": {"coordinates": [6.7586975097656, 34.609268188477, 522.4580078125, 378.96063232422]}, "name": 5982, "source": {"coordinates": [372.32650756836, 181.75329589844, 55.545654296875, 61.732482910156]}, "seconds": 249.25, "object": "building", "type": "relation", "subject": "the window"}, {"caption": "the window on building", "predicate": "on", "target": {"coordinates": [617.26538085938, 234.2293548584, 39.631591796875, 38.782669067383]}, "name": 5982, "source": {"coordinates": [372.32650756836, 181.75329589844, 55.545654296875, 61.732482910156]}, "seconds": 249.25, "object": "building", "type": "relation", "subject": "the window"}, {"caption": "the window on building", "predicate": "on", "target": {"coordinates": [383.85913085938, 30.602626800537, 33.380737304688, 39.082996368408]}, "name": 5982, "source": {"coordinates": [372.32650756836, 181.75329589844, 55.545654296875, 61.732482910156]}, "seconds": 249.25, "object": "building", "type": "relation", "subject": "the window"}, {"caption": "the window on building", "predicate": "on", "target": {"coordinates": [13.504470825195, 294.90887451172, 437.46575927734, 103.12487792969]}, "name": 5982, "source": {"coordinates": [372.32650756836, 181.75329589844, 55.545654296875, 61.732482910156]}, "seconds": 249.25, "object": "building", "type": "relation", "subject": "the window"}, {"caption": "the window on building", "predicate": "on", "target": {"coordinates": [167.69654846191, 203.36640930176, 46.882720947266, 58.884201049805]}, "name": 5982, "source": {"coordinates": [372.32650756836, 181.75329589844, 55.545654296875, 61.732482910156]}, "seconds": 249.25, "object": "building", "type": "relation", "subject": "the window"}, {"caption": "the window on building", "predicate": "on", "target": {"coordinates": [525.62902832031, 21.474884033203, 199.52844238281, 385.92538452148]}, "name": 5982, "source": {"coordinates": [372.32650756836, 181.75329589844, 55.545654296875, 61.732482910156]}, "seconds": 249.25, "object": "building", "type": "relation", "subject": "the window"}, {"caption": "the window on building", "predicate": "on", "target": {"coordinates": [68.943656921387, 50.336395263672, 173.52716064453, 340.12298583984]}, "name": 5982, "source": {"coordinates": [372.32650756836, 181.75329589844, 55.545654296875, 61.732482910156]}, "seconds": 249.25, "object": "building", "type": "relation", "subject": "the window"}, {"caption": "the window on building", "predicate": "on", "target": {"coordinates": [226.93891906738, -2.6010589599609, 480.29486083984, 288.14202880859]}, "name": 5982, "source": {"coordinates": [372.32650756836, 181.75329589844, 55.545654296875, 61.732482910156]}, "seconds": 249.25, "object": "building", "type": "relation", "subject": "the window"}, {"caption": "the window on building", "predicate": "on", "target": {"coordinates": [6.7586975097656, 34.609268188477, 522.4580078125, 378.96063232422]}, "name": 5982, "source": {"coordinates": [13.504470825195, 294.90887451172, 437.46575927734, 103.12487792969]}, "seconds": 249.25, "object": "building", "type": "relation", "subject": "the window"}, {"caption": "the building has window", "predicate": "has", "target": {"coordinates": [617.26538085938, 234.2293548584, 39.631591796875, 38.782669067383]}, "name": 5982, "source": {"coordinates": [13.504470825195, 294.90887451172, 437.46575927734, 103.12487792969]}, "seconds": 249.25, "object": "window", "type": "relation", "subject": "the building"}, {"caption": "the building has window", "predicate": "has", "target": {"coordinates": [383.85913085938, 30.602626800537, 33.380737304688, 39.082996368408]}, "name": 5982, "source": {"coordinates": [13.504470825195, 294.90887451172, 437.46575927734, 103.12487792969]}, "seconds": 249.25, "object": "window", "type": "relation", "subject": "the building"}, {"caption": "the building has window", "predicate": "has", "target": {"coordinates": [372.32650756836, 181.75329589844, 55.545654296875, 61.732482910156]}, "name": 5982, "source": {"coordinates": [13.504470825195, 294.90887451172, 437.46575927734, 103.12487792969]}, "seconds": 249.25, "object": "window", "type": "relation", "subject": "the building"}, {"caption": "the window on building", "predicate": "on", "target": {"coordinates": [167.69654846191, 203.36640930176, 46.882720947266, 58.884201049805]}, "name": 5982, "source": {"coordinates": [13.504470825195, 294.90887451172, 437.46575927734, 103.12487792969]}, "seconds": 249.25, "object": "building", "type": "relation", "subject": "the window"}, {"caption": "the building has window", "predicate": "has", "target": {"coordinates": [525.62902832031, 21.474884033203, 199.52844238281, 385.92538452148]}, "name": 5982, "source": {"coordinates": [13.504470825195, 294.90887451172, 437.46575927734, 103.12487792969]}, "seconds": 249.25, "object": "window", "type": "relation", "subject": "the building"}, {"caption": "the window on building", "predicate": "on", "target": {"coordinates": [68.943656921387, 50.336395263672, 173.52716064453, 340.12298583984]}, "name": 5982, "source": {"coordinates": [13.504470825195, 294.90887451172, 437.46575927734, 103.12487792969]}, "seconds": 249.25, "object": "building", "type": "relation", "subject": "the window"}, {"caption": "the window on building", "predicate": "on", "target": {"coordinates": [226.93891906738, -2.6010589599609, 480.29486083984, 288.14202880859]}, "name": 5982, "source": {"coordinates": [13.504470825195, 294.90887451172, 437.46575927734, 103.12487792969]}, "seconds": 249.25, "object": "building", "type": "relation", "subject": "the window"}, {"caption": "the window on building", "predicate": "on", "target": {"coordinates": [6.7586975097656, 34.609268188477, 522.4580078125, 378.96063232422]}, "name": 5982, "source": {"coordinates": [167.69654846191, 203.36640930176, 46.882720947266, 58.884201049805]}, "seconds": 249.25, "object": "building", "type": "relation", "subject": "the window"}, {"caption": "the window on building", "predicate": "on", "target": {"coordinates": [617.26538085938, 234.2293548584, 39.631591796875, 38.782669067383]}, "name": 5982, "source": {"coordinates": [167.69654846191, 203.36640930176, 46.882720947266, 58.884201049805]}, "seconds": 249.25, "object": "building", "type": "relation", "subject": "the window"}, {"caption": "the window on building", "predicate": "on", "target": {"coordinates": [383.85913085938, 30.602626800537, 33.380737304688, 39.082996368408]}, "name": 5982, "source": {"coordinates": [167.69654846191, 203.36640930176, 46.882720947266, 58.884201049805]}, "seconds": 249.25, "object": "building", "type": "relation", "subject": "the window"}, {"caption": "the window on building", "predicate": "on", "target": {"coordinates": [372.32650756836, 181.75329589844, 55.545654296875, 61.732482910156]}, "name": 5982, "source": {"coordinates": [167.69654846191, 203.36640930176, 46.882720947266, 58.884201049805]}, "seconds": 249.25, "object": "building", "type": "relation", "subject": "the window"}, {"caption": "the window on building", "predicate": "on", "target": {"coordinates": [13.504470825195, 294.90887451172, 437.46575927734, 103.12487792969]}, "name": 5982, "source": {"coordinates": [167.69654846191, 203.36640930176, 46.882720947266, 58.884201049805]}, "seconds": 249.25, "object": "building", "type": "relation", "subject": "the window"}, {"caption": "the window on building", "predicate": "on", "target": {"coordinates": [525.62902832031, 21.474884033203, 199.52844238281, 385.92538452148]}, "name": 5982, "source": {"coordinates": [167.69654846191, 203.36640930176, 46.882720947266, 58.884201049805]}, "seconds": 249.25, "object": "building", "type": "relation", "subject": "the window"}, {"caption": "the window on building", "predicate": "on", "target": {"coordinates": [68.943656921387, 50.336395263672, 173.52716064453, 340.12298583984]}, "name": 5982, "source": {"coordinates": [167.69654846191, 203.36640930176, 46.882720947266, 58.884201049805]}, "seconds": 249.25, "object": "building", "type": "relation", "subject": "the window"}, {"caption": "the window on building", "predicate": "on", "target": {"coordinates": [226.93891906738, -2.6010589599609, 480.29486083984, 288.14202880859]}, "name": 5982, "source": {"coordinates": [167.69654846191, 203.36640930176, 46.882720947266, 58.884201049805]}, "seconds": 249.25, "object": "building", "type": "relation", "subject": "the window"}, {"caption": "the window on building", "predicate": "on", "target": {"coordinates": [6.7586975097656, 34.609268188477, 522.4580078125, 378.96063232422]}, "name": 5982, "source": {"coordinates": [525.62902832031, 21.474884033203, 199.52844238281, 385.92538452148]}, "seconds": 249.25, "object": "building", "type": "relation", "subject": "the window"}, {"caption": "the window has a window", "predicate": "has", "target": {"coordinates": [617.26538085938, 234.2293548584, 39.631591796875, 38.782669067383]}, "name": 5982, "source": {"coordinates": [525.62902832031, 21.474884033203, 199.52844238281, 385.92538452148]}, "seconds": 249.25, "object": "a window", "type": "relation", "subject": "the window"}, {"caption": "the building has window", "predicate": "has", "target": {"coordinates": [383.85913085938, 30.602626800537, 33.380737304688, 39.082996368408]}, "name": 5982, "source": {"coordinates": [525.62902832031, 21.474884033203, 199.52844238281, 385.92538452148]}, "seconds": 249.25, "object": "window", "type": "relation", "subject": "the building"}, {"caption": "the window has white clouds", "predicate": "has", "target": {"coordinates": [372.32650756836, 181.75329589844, 55.545654296875, 61.732482910156]}, "name": 5982, "source": {"coordinates": [525.62902832031, 21.474884033203, 199.52844238281, 385.92538452148]}, "seconds": 249.25, "object": "white clouds", "type": "relation", "subject": "the window"}, {"caption": "the window on building", "predicate": "on", "target": {"coordinates": [13.504470825195, 294.90887451172, 437.46575927734, 103.12487792969]}, "name": 5982, "source": {"coordinates": [525.62902832031, 21.474884033203, 199.52844238281, 385.92538452148]}, "seconds": 249.25, "object": "building", "type": "relation", "subject": "the window"}, {"caption": "the window on building", "predicate": "on", "target": {"coordinates": [167.69654846191, 203.36640930176, 46.882720947266, 58.884201049805]}, "name": 5982, "source": {"coordinates": [525.62902832031, 21.474884033203, 199.52844238281, 385.92538452148]}, "seconds": 249.25, "object": "building", "type": "relation", "subject": "the window"}, {"caption": "the window on building", "predicate": "on", "target": {"coordinates": [68.943656921387, 50.336395263672, 173.52716064453, 340.12298583984]}, "name": 5982, "source": {"coordinates": [525.62902832031, 21.474884033203, 199.52844238281, 385.92538452148]}, "seconds": 249.25, "object": "building", "type": "relation", "subject": "the window"}, {"caption": "the window on building", "predicate": "on", "target": {"coordinates": [226.93891906738, -2.6010589599609, 480.29486083984, 288.14202880859]}, "name": 5982, "source": {"coordinates": [525.62902832031, 21.474884033203, 199.52844238281, 385.92538452148]}, "seconds": 249.25, "object": "building", "type": "relation", "subject": "the window"}, {"caption": "the window on building", "predicate": "on", "target": {"coordinates": [6.7586975097656, 34.609268188477, 522.4580078125, 378.96063232422]}, "name": 5982, "source": {"coordinates": [68.943656921387, 50.336395263672, 173.52716064453, 340.12298583984]}, "seconds": 249.25, "object": "building", "type": "relation", "subject": "the window"}, {"caption": "the building has window", "predicate": "has", "target": {"coordinates": [617.26538085938, 234.2293548584, 39.631591796875, 38.782669067383]}, "name": 5982, "source": {"coordinates": [68.943656921387, 50.336395263672, 173.52716064453, 340.12298583984]}, "seconds": 249.25, "object": "window", "type": "relation", "subject": "the building"}, {"caption": "the building has window", "predicate": "has", "target": {"coordinates": [383.85913085938, 30.602626800537, 33.380737304688, 39.082996368408]}, "name": 5982, "source": {"coordinates": [68.943656921387, 50.336395263672, 173.52716064453, 340.12298583984]}, "seconds": 249.25, "object": "window", "type": "relation", "subject": "the building"}, {"caption": "the window has window", "predicate": "has", "target": {"coordinates": [372.32650756836, 181.75329589844, 55.545654296875, 61.732482910156]}, "name": 5982, "source": {"coordinates": [68.943656921387, 50.336395263672, 173.52716064453, 340.12298583984]}, "seconds": 249.25, "object": "window", "type": "relation", "subject": "the window"}, {"caption": "the window on building", "predicate": "on", "target": {"coordinates": [13.504470825195, 294.90887451172, 437.46575927734, 103.12487792969]}, "name": 5982, "source": {"coordinates": [68.943656921387, 50.336395263672, 173.52716064453, 340.12298583984]}, "seconds": 249.25, "object": "building", "type": "relation", "subject": "the window"}, {"caption": "the window on building", "predicate": "on", "target": {"coordinates": [167.69654846191, 203.36640930176, 46.882720947266, 58.884201049805]}, "name": 5982, "source": {"coordinates": [68.943656921387, 50.336395263672, 173.52716064453, 340.12298583984]}, "seconds": 249.25, "object": "building", "type": "relation", "subject": "the window"}, {"caption": "the window on building", "predicate": "on", "target": {"coordinates": [525.62902832031, 21.474884033203, 199.52844238281, 385.92538452148]}, "name": 5982, "source": {"coordinates": [68.943656921387, 50.336395263672, 173.52716064453, 340.12298583984]}, "seconds": 249.25, "object": "building", "type": "relation", "subject": "the window"}, {"caption": "the window on building", "predicate": "on", "target": {"coordinates": [226.93891906738, -2.6010589599609, 480.29486083984, 288.14202880859]}, "name": 5982, "source": {"coordinates": [68.943656921387, 50.336395263672, 173.52716064453, 340.12298583984]}, "seconds": 249.25, "object": "building", "type": "relation", "subject": "the window"}, {"caption": "the window on building", "predicate": "on", "target": {"coordinates": [6.7586975097656, 34.609268188477, 522.4580078125, 378.96063232422]}, "name": 5982, "source": {"coordinates": [226.93891906738, -2.6010589599609, 480.29486083984, 288.14202880859]}, "seconds": 249.25, "object": "building", "type": "relation", "subject": "the window"}, {"caption": "the window has window", "predicate": "has", "target": {"coordinates": [617.26538085938, 234.2293548584, 39.631591796875, 38.782669067383]}, "name": 5982, "source": {"coordinates": [226.93891906738, -2.6010589599609, 480.29486083984, 288.14202880859]}, "seconds": 249.25, "object": "window", "type": "relation", "subject": "the window"}, {"caption": "the building has window", "predicate": "has", "target": {"coordinates": [383.85913085938, 30.602626800537, 33.380737304688, 39.082996368408]}, "name": 5982, "source": {"coordinates": [226.93891906738, -2.6010589599609, 480.29486083984, 288.14202880859]}, "seconds": 249.25, "object": "window", "type": "relation", "subject": "the building"}, {"caption": "the window has white", "predicate": "has", "target": {"coordinates": [372.32650756836, 181.75329589844, 55.545654296875, 61.732482910156]}, "name": 5982, "source": {"coordinates": [226.93891906738, -2.6010589599609, 480.29486083984, 288.14202880859]}, "seconds": 249.25, "object": "white", "type": "relation", "subject": "the window"}, {"caption": "the window on building", "predicate": "on", "target": {"coordinates": [13.504470825195, 294.90887451172, 437.46575927734, 103.12487792969]}, "name": 5982, "source": {"coordinates": [226.93891906738, -2.6010589599609, 480.29486083984, 288.14202880859]}, "seconds": 249.25, "object": "building", "type": "relation", "subject": "the window"}, {"caption": "the window on building", "predicate": "on", "target": {"coordinates": [167.69654846191, 203.36640930176, 46.882720947266, 58.884201049805]}, "name": 5982, "source": {"coordinates": [226.93891906738, -2.6010589599609, 480.29486083984, 288.14202880859]}, "seconds": 249.25, "object": "building", "type": "relation", "subject": "the window"}, {"caption": "the window on building", "predicate": "on", "target": {"coordinates": [525.62902832031, 21.474884033203, 199.52844238281, 385.92538452148]}, "name": 5982, "source": {"coordinates": [226.93891906738, -2.6010589599609, 480.29486083984, 288.14202880859]}, "seconds": 249.25, "object": "building", "type": "relation", "subject": "the window"}, {"caption": "the window on building", "predicate": "on", "target": {"coordinates": [68.943656921387, 50.336395263672, 173.52716064453, 340.12298583984]}, "name": 5982, "source": {"coordinates": [226.93891906738, -2.6010589599609, 480.29486083984, 288.14202880859]}, "seconds": 249.25, "object": "building", "type": "relation", "subject": "the window"}]