[{"caption": "the man in room", "predicate": "in", "target": {"coordinates": [576.80718994141, 140.93746948242, 62.649047851562, 66.376983642578]}, "name": 6159, "source": {"coordinates": [222.94194030762, 55.814712524414, 367.810546875, 348.66607666016]}, "seconds": 256.625, "object": "room", "type": "relation", "subject": "the man"}, {"caption": "the man in room", "predicate": "in", "target": {"coordinates": [-16.281066894531, 108.23390197754, 433.11529541016, 289.87664794922]}, "name": 6159, "source": {"coordinates": [222.94194030762, 55.814712524414, 367.810546875, 348.66607666016]}, "seconds": 256.625, "object": "room", "type": "relation", "subject": "the man"}, {"caption": "the man in room", "predicate": "in", "target": {"coordinates": [447.81100463867, -4.4817352294922, 281.41189575195, 412.16784667969]}, "name": 6159, "source": {"coordinates": [222.94194030762, 55.814712524414, 367.810546875, 348.66607666016]}, "seconds": 256.625, "object": "room", "type": "relation", "subject": "the man"}, {"caption": "the man has a white handle", "predicate": "has", "target": {"coordinates": [-20.96955871582, 7.5040817260742, 498.42895507812, 192.7666015625]}, "name": 6159, "source": {"coordinates": [222.94194030762, 55.814712524414, 367.810546875, 348.66607666016]}, "seconds": 256.625, "object": "a white handle", "type": "relation", "subject": "the man"}, {"caption": "the man wearing white shirt", "predicate": "wearing", "target": {"coordinates": [584.10137939453, 240.61897277832, 67.2646484375, 66.814895629883]}, "name": 6159, "source": {"coordinates": [222.94194030762, 55.814712524414, 367.810546875, 348.66607666016]}, "seconds": 256.625, "object": "white shirt", "type": "relation", "subject": "the man"}, {"caption": "the man wearing white shirt", "predicate": "wearing", "target": {"coordinates": [7.1877098083496, 179.33934020996, 36.653118133545, 52.571441650391]}, "name": 6159, "source": {"coordinates": [222.94194030762, 55.814712524414, 367.810546875, 348.66607666016]}, "seconds": 256.625, "object": "white shirt", "type": "relation", "subject": "the man"}, {"caption": "the man wearing white shirt", "predicate": "wearing", "target": {"coordinates": [9.0407238006592, 154.62945556641, 39.780349731445, 45.817535400391]}, "name": 6159, "source": {"coordinates": [222.94194030762, 55.814712524414, 367.810546875, 348.66607666016]}, "seconds": 256.625, "object": "white shirt", "type": "relation", "subject": "the man"}, {"caption": "the light on wall", "predicate": "on", "target": {"coordinates": [1.9241142272949, 7.8366546630859, 40.478160858154, 22.654315948486]}, "name": 6159, "source": {"coordinates": [222.94194030762, 55.814712524414, 367.810546875, 348.66607666016]}, "seconds": 256.625, "object": "wall", "type": "relation", "subject": "the light"}, {"caption": "the light on wall", "predicate": "on", "target": {"coordinates": [222.94194030762, 55.814712524414, 367.810546875, 348.66607666016]}, "name": 6159, "source": {"coordinates": [576.80718994141, 140.93746948242, 62.649047851562, 66.376983642578]}, "seconds": 256.625, "object": "wall", "type": "relation", "subject": "the light"}, {"caption": "the light on wall", "predicate": "on", "target": {"coordinates": [-16.281066894531, 108.23390197754, 433.11529541016, 289.87664794922]}, "name": 6159, "source": {"coordinates": [576.80718994141, 140.93746948242, 62.649047851562, 66.376983642578]}, "seconds": 256.625, "object": "wall", "type": "relation", "subject": "the light"}, {"caption": "the window on wall", "predicate": "on", "target": {"coordinates": [447.81100463867, -4.4817352294922, 281.41189575195, 412.16784667969]}, "name": 6159, "source": {"coordinates": [576.80718994141, 140.93746948242, 62.649047851562, 66.376983642578]}, "seconds": 256.625, "object": "wall", "type": "relation", "subject": "the window"}, {"caption": "the picture on wall", "predicate": "on", "target": {"coordinates": [-20.96955871582, 7.5040817260742, 498.42895507812, 192.7666015625]}, "name": 6159, "source": {"coordinates": [576.80718994141, 140.93746948242, 62.649047851562, 66.376983642578]}, "seconds": 256.625, "object": "wall", "type": "relation", "subject": "the picture"}, {"caption": "the light on white wall", "predicate": "on", "target": {"coordinates": [584.10137939453, 240.61897277832, 67.2646484375, 66.814895629883]}, "name": 6159, "source": {"coordinates": [576.80718994141, 140.93746948242, 62.649047851562, 66.376983642578]}, "seconds": 256.625, "object": "white wall", "type": "relation", "subject": "the light"}, {"caption": "the light on wall", "predicate": "on", "target": {"coordinates": [7.1877098083496, 179.33934020996, 36.653118133545, 52.571441650391]}, "name": 6159, "source": {"coordinates": [576.80718994141, 140.93746948242, 62.649047851562, 66.376983642578]}, "seconds": 256.625, "object": "wall", "type": "relation", "subject": "the light"}, {"caption": "the light on table", "predicate": "on", "target": {"coordinates": [9.0407238006592, 154.62945556641, 39.780349731445, 45.817535400391]}, "name": 6159, "source": {"coordinates": [576.80718994141, 140.93746948242, 62.649047851562, 66.376983642578]}, "seconds": 256.625, "object": "table", "type": "relation", "subject": "the light"}, {"caption": "the man has a white handle", "predicate": "has", "target": {"coordinates": [1.9241142272949, 7.8366546630859, 40.478160858154, 22.654315948486]}, "name": 6159, "source": {"coordinates": [576.80718994141, 140.93746948242, 62.649047851562, 66.376983642578]}, "seconds": 256.625, "object": "a white handle", "type": "relation", "subject": "the man"}, {"caption": "the man has a white handle", "predicate": "has", "target": {"coordinates": [222.94194030762, 55.814712524414, 367.810546875, 348.66607666016]}, "name": 6159, "source": {"coordinates": [-16.281066894531, 108.23390197754, 433.11529541016, 289.87664794922]}, "seconds": 256.625, "object": "a white handle", "type": "relation", "subject": "the man"}, {"caption": "the man in room", "predicate": "in", "target": {"coordinates": [576.80718994141, 140.93746948242, 62.649047851562, 66.376983642578]}, "name": 6159, "source": {"coordinates": [-16.281066894531, 108.23390197754, 433.11529541016, 289.87664794922]}, "seconds": 256.625, "object": "room", "type": "relation", "subject": "the man"}, {"caption": "the man in room", "predicate": "in", "target": {"coordinates": [447.81100463867, -4.4817352294922, 281.41189575195, 412.16784667969]}, "name": 6159, "source": {"coordinates": [-16.281066894531, 108.23390197754, 433.11529541016, 289.87664794922]}, "seconds": 256.625, "object": "room", "type": "relation", "subject": "the man"}, {"caption": "the man has a white handle", "predicate": "has", "target": {"coordinates": [-20.96955871582, 7.5040817260742, 498.42895507812, 192.7666015625]}, "name": 6159, "source": {"coordinates": [-16.281066894531, 108.23390197754, 433.11529541016, 289.87664794922]}, "seconds": 256.625, "object": "a white handle", "type": "relation", "subject": "the man"}, {"caption": "the man wearing white shirt", "predicate": "wearing", "target": {"coordinates": [584.10137939453, 240.61897277832, 67.2646484375, 66.814895629883]}, "name": 6159, "source": {"coordinates": [-16.281066894531, 108.23390197754, 433.11529541016, 289.87664794922]}, "seconds": 256.625, "object": "white shirt", "type": "relation", "subject": "the man"}, {"caption": "the man wearing white shirt", "predicate": "wearing", "target": {"coordinates": [7.1877098083496, 179.33934020996, 36.653118133545, 52.571441650391]}, "name": 6159, "source": {"coordinates": [-16.281066894531, 108.23390197754, 433.11529541016, 289.87664794922]}, "seconds": 256.625, "object": "white shirt", "type": "relation", "subject": "the man"}, {"caption": "the man wearing white shirt", "predicate": "wearing", "target": {"coordinates": [9.0407238006592, 154.62945556641, 39.780349731445, 45.817535400391]}, "name": 6159, "source": {"coordinates": [-16.281066894531, 108.23390197754, 433.11529541016, 289.87664794922]}, "seconds": 256.625, "object": "white shirt", "type": "relation", "subject": "the man"}, {"caption": "the man has white handle", "predicate": "has", "target": {"coordinates": [1.9241142272949, 7.8366546630859, 40.478160858154, 22.654315948486]}, "name": 6159, "source": {"coordinates": [-16.281066894531, 108.23390197754, 433.11529541016, 289.87664794922]}, "seconds": 256.625, "object": "white handle", "type": "relation", "subject": "the man"}, {"caption": "the man has white handle", "predicate": "has", "target": {"coordinates": [222.94194030762, 55.814712524414, 367.810546875, 348.66607666016]}, "name": 6159, "source": {"coordinates": [447.81100463867, -4.4817352294922, 281.41189575195, 412.16784667969]}, "seconds": 256.625, "object": "white handle", "type": "relation", "subject": "the man"}, {"caption": "the window on wall", "predicate": "on", "target": {"coordinates": [576.80718994141, 140.93746948242, 62.649047851562, 66.376983642578]}, "name": 6159, "source": {"coordinates": [447.81100463867, -4.4817352294922, 281.41189575195, 412.16784667969]}, "seconds": 256.625, "object": "wall", "type": "relation", "subject": "the window"}, {"caption": "the window on wall", "predicate": "on", "target": {"coordinates": [-16.281066894531, 108.23390197754, 433.11529541016, 289.87664794922]}, "name": 6159, "source": {"coordinates": [447.81100463867, -4.4817352294922, 281.41189575195, 412.16784667969]}, "seconds": 256.625, "object": "wall", "type": "relation", "subject": "the window"}, {"caption": "the man has a white handle", "predicate": "has", "target": {"coordinates": [-20.96955871582, 7.5040817260742, 498.42895507812, 192.7666015625]}, "name": 6159, "source": {"coordinates": [447.81100463867, -4.4817352294922, 281.41189575195, 412.16784667969]}, "seconds": 256.625, "object": "a white handle", "type": "relation", "subject": "the man"}, {"caption": "the man wearing white shirt", "predicate": "wearing", "target": {"coordinates": [584.10137939453, 240.61897277832, 67.2646484375, 66.814895629883]}, "name": 6159, "source": {"coordinates": [447.81100463867, -4.4817352294922, 281.41189575195, 412.16784667969]}, "seconds": 256.625, "object": "white shirt", "type": "relation", "subject": "the man"}, {"caption": "the man wearing white shirt", "predicate": "wearing", "target": {"coordinates": [7.1877098083496, 179.33934020996, 36.653118133545, 52.571441650391]}, "name": 6159, "source": {"coordinates": [447.81100463867, -4.4817352294922, 281.41189575195, 412.16784667969]}, "seconds": 256.625, "object": "white shirt", "type": "relation", "subject": "the man"}, {"caption": "the man has a white plate", "predicate": "has", "target": {"coordinates": [9.0407238006592, 154.62945556641, 39.780349731445, 45.817535400391]}, "name": 6159, "source": {"coordinates": [447.81100463867, -4.4817352294922, 281.41189575195, 412.16784667969]}, "seconds": 256.625, "object": "a white plate", "type": "relation", "subject": "the man"}, {"caption": "the man has a white handle", "predicate": "has", "target": {"coordinates": [1.9241142272949, 7.8366546630859, 40.478160858154, 22.654315948486]}, "name": 6159, "source": {"coordinates": [447.81100463867, -4.4817352294922, 281.41189575195, 412.16784667969]}, "seconds": 256.625, "object": "a white handle", "type": "relation", "subject": "the man"}, {"caption": "the man has a white handle", "predicate": "has", "target": {"coordinates": [222.94194030762, 55.814712524414, 367.810546875, 348.66607666016]}, "name": 6159, "source": {"coordinates": [-20.96955871582, 7.5040817260742, 498.42895507812, 192.7666015625]}, "seconds": 256.625, "object": "a white handle", "type": "relation", "subject": "the man"}, {"caption": "the man in room", "predicate": "in", "target": {"coordinates": [576.80718994141, 140.93746948242, 62.649047851562, 66.376983642578]}, "name": 6159, "source": {"coordinates": [-20.96955871582, 7.5040817260742, 498.42895507812, 192.7666015625]}, "seconds": 256.625, "object": "room", "type": "relation", "subject": "the man"}, {"caption": "the man wearing blue shirt", "predicate": "wearing", "target": {"coordinates": [-16.281066894531, 108.23390197754, 433.11529541016, 289.87664794922]}, "name": 6159, "source": {"coordinates": [-20.96955871582, 7.5040817260742, 498.42895507812, 192.7666015625]}, "seconds": 256.625, "object": "blue shirt", "type": "relation", "subject": "the man"}, {"caption": "the man in room", "predicate": "in", "target": {"coordinates": [447.81100463867, -4.4817352294922, 281.41189575195, 412.16784667969]}, "name": 6159, "source": {"coordinates": [-20.96955871582, 7.5040817260742, 498.42895507812, 192.7666015625]}, "seconds": 256.625, "object": "room", "type": "relation", "subject": "the man"}, {"caption": "the man wearing white shirt", "predicate": "wearing", "target": {"coordinates": [584.10137939453, 240.61897277832, 67.2646484375, 66.814895629883]}, "name": 6159, "source": {"coordinates": [-20.96955871582, 7.5040817260742, 498.42895507812, 192.7666015625]}, "seconds": 256.625, "object": "white shirt", "type": "relation", "subject": "the man"}, {"caption": "the man wearing blue shirt", "predicate": "wearing", "target": {"coordinates": [7.1877098083496, 179.33934020996, 36.653118133545, 52.571441650391]}, "name": 6159, "source": {"coordinates": [-20.96955871582, 7.5040817260742, 498.42895507812, 192.7666015625]}, "seconds": 256.625, "object": "blue shirt", "type": "relation", "subject": "the man"}, {"caption": "the man wearing white shirt", "predicate": "wearing", "target": {"coordinates": [9.0407238006592, 154.62945556641, 39.780349731445, 45.817535400391]}, "name": 6159, "source": {"coordinates": [-20.96955871582, 7.5040817260742, 498.42895507812, 192.7666015625]}, "seconds": 256.625, "object": "white shirt", "type": "relation", "subject": "the man"}, {"caption": "the window on wall", "predicate": "on", "target": {"coordinates": [1.9241142272949, 7.8366546630859, 40.478160858154, 22.654315948486]}, "name": 6159, "source": {"coordinates": [-20.96955871582, 7.5040817260742, 498.42895507812, 192.7666015625]}, "seconds": 256.625, "object": "wall", "type": "relation", "subject": "the window"}, {"caption": "the window on wall", "predicate": "on", "target": {"coordinates": [222.94194030762, 55.814712524414, 367.810546875, 348.66607666016]}, "name": 6159, "source": {"coordinates": [584.10137939453, 240.61897277832, 67.2646484375, 66.814895629883]}, "seconds": 256.625, "object": "wall", "type": "relation", "subject": "the window"}, {"caption": "the window has a white handle", "predicate": "has", "target": {"coordinates": [576.80718994141, 140.93746948242, 62.649047851562, 66.376983642578]}, "name": 6159, "source": {"coordinates": [584.10137939453, 240.61897277832, 67.2646484375, 66.814895629883]}, "seconds": 256.625, "object": "a white handle", "type": "relation", "subject": "the window"}, {"caption": "the window on wall", "predicate": "on", "target": {"coordinates": [-16.281066894531, 108.23390197754, 433.11529541016, 289.87664794922]}, "name": 6159, "source": {"coordinates": [584.10137939453, 240.61897277832, 67.2646484375, 66.814895629883]}, "seconds": 256.625, "object": "wall", "type": "relation", "subject": "the window"}, {"caption": "the window on wall", "predicate": "on", "target": {"coordinates": [447.81100463867, -4.4817352294922, 281.41189575195, 412.16784667969]}, "name": 6159, "source": {"coordinates": [584.10137939453, 240.61897277832, 67.2646484375, 66.814895629883]}, "seconds": 256.625, "object": "wall", "type": "relation", "subject": "the window"}, {"caption": "the window on wall", "predicate": "on", "target": {"coordinates": [-20.96955871582, 7.5040817260742, 498.42895507812, 192.7666015625]}, "name": 6159, "source": {"coordinates": [584.10137939453, 240.61897277832, 67.2646484375, 66.814895629883]}, "seconds": 256.625, "object": "wall", "type": "relation", "subject": "the window"}, {"caption": "the window on wall", "predicate": "on", "target": {"coordinates": [7.1877098083496, 179.33934020996, 36.653118133545, 52.571441650391]}, "name": 6159, "source": {"coordinates": [584.10137939453, 240.61897277832, 67.2646484375, 66.814895629883]}, "seconds": 256.625, "object": "wall", "type": "relation", "subject": "the window"}, {"caption": "the window on wall", "predicate": "on", "target": {"coordinates": [9.0407238006592, 154.62945556641, 39.780349731445, 45.817535400391]}, "name": 6159, "source": {"coordinates": [584.10137939453, 240.61897277832, 67.2646484375, 66.814895629883]}, "seconds": 256.625, "object": "wall", "type": "relation", "subject": "the window"}, {"caption": "the man in a white shirt", "predicate": "in", "target": {"coordinates": [1.9241142272949, 7.8366546630859, 40.478160858154, 22.654315948486]}, "name": 6159, "source": {"coordinates": [584.10137939453, 240.61897277832, 67.2646484375, 66.814895629883]}, "seconds": 256.625, "object": "a white shirt", "type": "relation", "subject": "the man"}, {"caption": "the man in a white shirt", "predicate": "in", "target": {"coordinates": [222.94194030762, 55.814712524414, 367.810546875, 348.66607666016]}, "name": 6159, "source": {"coordinates": [7.1877098083496, 179.33934020996, 36.653118133545, 52.571441650391]}, "seconds": 256.625, "object": "a white shirt", "type": "relation", "subject": "the man"}, {"caption": "the man holding white frisbee", "predicate": "holding", "target": {"coordinates": [576.80718994141, 140.93746948242, 62.649047851562, 66.376983642578]}, "name": 6159, "source": {"coordinates": [7.1877098083496, 179.33934020996, 36.653118133545, 52.571441650391]}, "seconds": 256.625, "object": "white frisbee", "type": "relation", "subject": "the man"}, {"caption": "the man in a white shirt", "predicate": "in", "target": {"coordinates": [-16.281066894531, 108.23390197754, 433.11529541016, 289.87664794922]}, "name": 6159, "source": {"coordinates": [7.1877098083496, 179.33934020996, 36.653118133545, 52.571441650391]}, "seconds": 256.625, "object": "a white shirt", "type": "relation", "subject": "the man"}, {"caption": "the man on wall", "predicate": "on", "target": {"coordinates": [447.81100463867, -4.4817352294922, 281.41189575195, 412.16784667969]}, "name": 6159, "source": {"coordinates": [7.1877098083496, 179.33934020996, 36.653118133545, 52.571441650391]}, "seconds": 256.625, "object": "wall", "type": "relation", "subject": "the man"}, {"caption": "the man in room", "predicate": "in", "target": {"coordinates": [-20.96955871582, 7.5040817260742, 498.42895507812, 192.7666015625]}, "name": 6159, "source": {"coordinates": [7.1877098083496, 179.33934020996, 36.653118133545, 52.571441650391]}, "seconds": 256.625, "object": "room", "type": "relation", "subject": "the man"}, {"caption": "the woman holding white", "predicate": "holding", "target": {"coordinates": [584.10137939453, 240.61897277832, 67.2646484375, 66.814895629883]}, "name": 6159, "source": {"coordinates": [7.1877098083496, 179.33934020996, 36.653118133545, 52.571441650391]}, "seconds": 256.625, "object": "white", "type": "relation", "subject": "the woman"}, {"caption": "the man in a white shirt", "predicate": "in", "target": {"coordinates": [9.0407238006592, 154.62945556641, 39.780349731445, 45.817535400391]}, "name": 6159, "source": {"coordinates": [7.1877098083496, 179.33934020996, 36.653118133545, 52.571441650391]}, "seconds": 256.625, "object": "a white shirt", "type": "relation", "subject": "the man"}, {"caption": "the man in a white shirt", "predicate": "in", "target": {"coordinates": [1.9241142272949, 7.8366546630859, 40.478160858154, 22.654315948486]}, "name": 6159, "source": {"coordinates": [7.1877098083496, 179.33934020996, 36.653118133545, 52.571441650391]}, "seconds": 256.625, "object": "a white shirt", "type": "relation", "subject": "the man"}, {"caption": "the man in a white shirt", "predicate": "in", "target": {"coordinates": [222.94194030762, 55.814712524414, 367.810546875, 348.66607666016]}, "name": 6159, "source": {"coordinates": [9.0407238006592, 154.62945556641, 39.780349731445, 45.817535400391]}, "seconds": 256.625, "object": "a white shirt", "type": "relation", "subject": "the man"}, {"caption": "the man holding white frisbee", "predicate": "holding", "target": {"coordinates": [576.80718994141, 140.93746948242, 62.649047851562, 66.376983642578]}, "name": 6159, "source": {"coordinates": [9.0407238006592, 154.62945556641, 39.780349731445, 45.817535400391]}, "seconds": 256.625, "object": "white frisbee", "type": "relation", "subject": "the man"}, {"caption": "the man in a white shirt", "predicate": "in", "target": {"coordinates": [-16.281066894531, 108.23390197754, 433.11529541016, 289.87664794922]}, "name": 6159, "source": {"coordinates": [9.0407238006592, 154.62945556641, 39.780349731445, 45.817535400391]}, "seconds": 256.625, "object": "a white shirt", "type": "relation", "subject": "the man"}, {"caption": "the man in room", "predicate": "in", "target": {"coordinates": [447.81100463867, -4.4817352294922, 281.41189575195, 412.16784667969]}, "name": 6159, "source": {"coordinates": [9.0407238006592, 154.62945556641, 39.780349731445, 45.817535400391]}, "seconds": 256.625, "object": "room", "type": "relation", "subject": "the man"}, {"caption": "the man in room", "predicate": "in", "target": {"coordinates": [-20.96955871582, 7.5040817260742, 498.42895507812, 192.7666015625]}, "name": 6159, "source": {"coordinates": [9.0407238006592, 154.62945556641, 39.780349731445, 45.817535400391]}, "seconds": 256.625, "object": "room", "type": "relation", "subject": "the man"}, {"caption": "the man holding white", "predicate": "holding", "target": {"coordinates": [584.10137939453, 240.61897277832, 67.2646484375, 66.814895629883]}, "name": 6159, "source": {"coordinates": [9.0407238006592, 154.62945556641, 39.780349731445, 45.817535400391]}, "seconds": 256.625, "object": "white", "type": "relation", "subject": "the man"}, {"caption": "the man wearing blue shirt", "predicate": "wearing", "target": {"coordinates": [7.1877098083496, 179.33934020996, 36.653118133545, 52.571441650391]}, "name": 6159, "source": {"coordinates": [9.0407238006592, 154.62945556641, 39.780349731445, 45.817535400391]}, "seconds": 256.625, "object": "blue shirt", "type": "relation", "subject": "the man"}, {"caption": "the window on wall", "predicate": "on", "target": {"coordinates": [1.9241142272949, 7.8366546630859, 40.478160858154, 22.654315948486]}, "name": 6159, "source": {"coordinates": [9.0407238006592, 154.62945556641, 39.780349731445, 45.817535400391]}, "seconds": 256.625, "object": "wall", "type": "relation", "subject": "the window"}, {"caption": "the window on wall", "predicate": "on", "target": {"coordinates": [222.94194030762, 55.814712524414, 367.810546875, 348.66607666016]}, "name": 6159, "source": {"coordinates": [1.9241142272949, 7.8366546630859, 40.478160858154, 22.654315948486]}, "seconds": 256.625, "object": "wall", "type": "relation", "subject": "the window"}, {"caption": "the person holding white umbrella", "predicate": "holding", "target": {"coordinates": [576.80718994141, 140.93746948242, 62.649047851562, 66.376983642578]}, "name": 6159, "source": {"coordinates": [1.9241142272949, 7.8366546630859, 40.478160858154, 22.654315948486]}, "seconds": 256.625, "object": "white umbrella", "type": "relation", "subject": "the person"}, {"caption": "the window on wall", "predicate": "on", "target": {"coordinates": [-16.281066894531, 108.23390197754, 433.11529541016, 289.87664794922]}, "name": 6159, "source": {"coordinates": [1.9241142272949, 7.8366546630859, 40.478160858154, 22.654315948486]}, "seconds": 256.625, "object": "wall", "type": "relation", "subject": "the window"}, {"caption": "the window on wall", "predicate": "on", "target": {"coordinates": [447.81100463867, -4.4817352294922, 281.41189575195, 412.16784667969]}, "name": 6159, "source": {"coordinates": [1.9241142272949, 7.8366546630859, 40.478160858154, 22.654315948486]}, "seconds": 256.625, "object": "wall", "type": "relation", "subject": "the window"}, {"caption": "the window on wall", "predicate": "on", "target": {"coordinates": [-20.96955871582, 7.5040817260742, 498.42895507812, 192.7666015625]}, "name": 6159, "source": {"coordinates": [1.9241142272949, 7.8366546630859, 40.478160858154, 22.654315948486]}, "seconds": 256.625, "object": "wall", "type": "relation", "subject": "the window"}, {"caption": "the man wearing blue shirt", "predicate": "wearing", "target": {"coordinates": [584.10137939453, 240.61897277832, 67.2646484375, 66.814895629883]}, "name": 6159, "source": {"coordinates": [1.9241142272949, 7.8366546630859, 40.478160858154, 22.654315948486]}, "seconds": 256.625, "object": "blue shirt", "type": "relation", "subject": "the man"}, {"caption": "the person in a white bowl", "predicate": "in", "target": {"coordinates": [7.1877098083496, 179.33934020996, 36.653118133545, 52.571441650391]}, "name": 6159, "source": {"coordinates": [1.9241142272949, 7.8366546630859, 40.478160858154, 22.654315948486]}, "seconds": 256.625, "object": "a white bowl", "type": "relation", "subject": "the person"}, {"caption": "the man in room", "predicate": "in", "target": {"coordinates": [9.0407238006592, 154.62945556641, 39.780349731445, 45.817535400391]}, "name": 6159, "source": {"coordinates": [1.9241142272949, 7.8366546630859, 40.478160858154, 22.654315948486]}, "seconds": 256.625, "object": "room", "type": "relation", "subject": "the man"}]