[{"caption": "the man wearing blue shirt", "predicate": "wearing", "target": {"coordinates": [494.15521240234, 128.65765380859, 62.60791015625, 63.042236328125]}, "name": 6342, "source": {"coordinates": [88.203033447266, 17.702117919922, 382.90521240234, 384.97665405273]}, "seconds": 264.25, "object": "blue shirt", "type": "relation", "subject": "the man"}, {"caption": "the man has a white shirt", "predicate": "has", "target": {"coordinates": [468.05056762695, 0.82914733886719, 269.0475769043, 400.77313232422]}, "name": 6342, "source": {"coordinates": [88.203033447266, 17.702117919922, 382.90521240234, 384.97665405273]}, "seconds": 264.25, "object": "a white shirt", "type": "relation", "subject": "the man"}, {"caption": "the man wearing white shirt", "predicate": "wearing", "target": {"coordinates": [498.9580078125, 227.13111877441, 56.470336914062, 60.034469604492]}, "name": 6342, "source": {"coordinates": [88.203033447266, 17.702117919922, 382.90521240234, 384.97665405273]}, "seconds": 264.25, "object": "white shirt", "type": "relation", "subject": "the man"}, {"caption": "the man wearing white shirt", "predicate": "wearing", "target": {"coordinates": [-6.9482040405273, 17.632247924805, 219.78475952148, 366.24896240234]}, "name": 6342, "source": {"coordinates": [88.203033447266, 17.702117919922, 382.90521240234, 384.97665405273]}, "seconds": 264.25, "object": "white shirt", "type": "relation", "subject": "the man"}, {"caption": "the light on wall", "predicate": "on", "target": {"coordinates": [287.59326171875, 194.33686828613, 280.19934082031, 199.4022064209]}, "name": 6342, "source": {"coordinates": [88.203033447266, 17.702117919922, 382.90521240234, 384.97665405273]}, "seconds": 264.25, "object": "wall", "type": "relation", "subject": "the light"}, {"caption": "the light on wall", "predicate": "on", "target": {"coordinates": [88.203033447266, 17.702117919922, 382.90521240234, 384.97665405273]}, "name": 6342, "source": {"coordinates": [494.15521240234, 128.65765380859, 62.60791015625, 63.042236328125]}, "seconds": 264.25, "object": "wall", "type": "relation", "subject": "the light"}, {"caption": "the light on wall", "predicate": "on", "target": {"coordinates": [468.05056762695, 0.82914733886719, 269.0475769043, 400.77313232422]}, "name": 6342, "source": {"coordinates": [494.15521240234, 128.65765380859, 62.60791015625, 63.042236328125]}, "seconds": 264.25, "object": "wall", "type": "relation", "subject": "the light"}, {"caption": "the light on table", "predicate": "on", "target": {"coordinates": [498.9580078125, 227.13111877441, 56.470336914062, 60.034469604492]}, "name": 6342, "source": {"coordinates": [494.15521240234, 128.65765380859, 62.60791015625, 63.042236328125]}, "seconds": 264.25, "object": "table", "type": "relation", "subject": "the light"}, {"caption": "the light on wall", "predicate": "on", "target": {"coordinates": [-6.9482040405273, 17.632247924805, 219.78475952148, 366.24896240234]}, "name": 6342, "source": {"coordinates": [494.15521240234, 128.65765380859, 62.60791015625, 63.042236328125]}, "seconds": 264.25, "object": "wall", "type": "relation", "subject": "the light"}, {"caption": "the window on wall", "predicate": "on", "target": {"coordinates": [287.59326171875, 194.33686828613, 280.19934082031, 199.4022064209]}, "name": 6342, "source": {"coordinates": [494.15521240234, 128.65765380859, 62.60791015625, 63.042236328125]}, "seconds": 264.25, "object": "wall", "type": "relation", "subject": "the window"}, {"caption": "the window on wall", "predicate": "on", "target": {"coordinates": [88.203033447266, 17.702117919922, 382.90521240234, 384.97665405273]}, "name": 6342, "source": {"coordinates": [468.05056762695, 0.82914733886719, 269.0475769043, 400.77313232422]}, "seconds": 264.25, "object": "wall", "type": "relation", "subject": "the window"}, {"caption": "the man in room", "predicate": "in", "target": {"coordinates": [494.15521240234, 128.65765380859, 62.60791015625, 63.042236328125]}, "name": 6342, "source": {"coordinates": [468.05056762695, 0.82914733886719, 269.0475769043, 400.77313232422]}, "seconds": 264.25, "object": "room", "type": "relation", "subject": "the man"}, {"caption": "the man wearing white shirt", "predicate": "wearing", "target": {"coordinates": [498.9580078125, 227.13111877441, 56.470336914062, 60.034469604492]}, "name": 6342, "source": {"coordinates": [468.05056762695, 0.82914733886719, 269.0475769043, 400.77313232422]}, "seconds": 264.25, "object": "white shirt", "type": "relation", "subject": "the man"}, {"caption": "the man wearing white shirt", "predicate": "wearing", "target": {"coordinates": [-6.9482040405273, 17.632247924805, 219.78475952148, 366.24896240234]}, "name": 6342, "source": {"coordinates": [468.05056762695, 0.82914733886719, 269.0475769043, 400.77313232422]}, "seconds": 264.25, "object": "white shirt", "type": "relation", "subject": "the man"}, {"caption": "the window on wall", "predicate": "on", "target": {"coordinates": [287.59326171875, 194.33686828613, 280.19934082031, 199.4022064209]}, "name": 6342, "source": {"coordinates": [468.05056762695, 0.82914733886719, 269.0475769043, 400.77313232422]}, "seconds": 264.25, "object": "wall", "type": "relation", "subject": "the window"}, {"caption": "the window on wall", "predicate": "on", "target": {"coordinates": [88.203033447266, 17.702117919922, 382.90521240234, 384.97665405273]}, "name": 6342, "source": {"coordinates": [498.9580078125, 227.13111877441, 56.470336914062, 60.034469604492]}, "seconds": 264.25, "object": "wall", "type": "relation", "subject": "the window"}, {"caption": "the man in room", "predicate": "in", "target": {"coordinates": [494.15521240234, 128.65765380859, 62.60791015625, 63.042236328125]}, "name": 6342, "source": {"coordinates": [498.9580078125, 227.13111877441, 56.470336914062, 60.034469604492]}, "seconds": 264.25, "object": "room", "type": "relation", "subject": "the man"}, {"caption": "the window on wall", "predicate": "on", "target": {"coordinates": [468.05056762695, 0.82914733886719, 269.0475769043, 400.77313232422]}, "name": 6342, "source": {"coordinates": [498.9580078125, 227.13111877441, 56.470336914062, 60.034469604492]}, "seconds": 264.25, "object": "wall", "type": "relation", "subject": "the window"}, {"caption": "the window on wall", "predicate": "on", "target": {"coordinates": [-6.9482040405273, 17.632247924805, 219.78475952148, 366.24896240234]}, "name": 6342, "source": {"coordinates": [498.9580078125, 227.13111877441, 56.470336914062, 60.034469604492]}, "seconds": 264.25, "object": "wall", "type": "relation", "subject": "the window"}, {"caption": "the man wearing blue shirt", "predicate": "wearing", "target": {"coordinates": [287.59326171875, 194.33686828613, 280.19934082031, 199.4022064209]}, "name": 6342, "source": {"coordinates": [498.9580078125, 227.13111877441, 56.470336914062, 60.034469604492]}, "seconds": 264.25, "object": "blue shirt", "type": "relation", "subject": "the man"}, {"caption": "the man wearing blue shirt", "predicate": "wearing", "target": {"coordinates": [88.203033447266, 17.702117919922, 382.90521240234, 384.97665405273]}, "name": 6342, "source": {"coordinates": [-6.9482040405273, 17.632247924805, 219.78475952148, 366.24896240234]}, "seconds": 264.25, "object": "blue shirt", "type": "relation", "subject": "the man"}, {"caption": "the window on wall", "predicate": "on", "target": {"coordinates": [494.15521240234, 128.65765380859, 62.60791015625, 63.042236328125]}, "name": 6342, "source": {"coordinates": [-6.9482040405273, 17.632247924805, 219.78475952148, 366.24896240234]}, "seconds": 264.25, "object": "wall", "type": "relation", "subject": "the window"}, {"caption": "the man in room", "predicate": "in", "target": {"coordinates": [468.05056762695, 0.82914733886719, 269.0475769043, 400.77313232422]}, "name": 6342, "source": {"coordinates": [-6.9482040405273, 17.632247924805, 219.78475952148, 366.24896240234]}, "seconds": 264.25, "object": "room", "type": "relation", "subject": "the man"}, {"caption": "the man wearing blue shirt", "predicate": "wearing", "target": {"coordinates": [498.9580078125, 227.13111877441, 56.470336914062, 60.034469604492]}, "name": 6342, "source": {"coordinates": [-6.9482040405273, 17.632247924805, 219.78475952148, 366.24896240234]}, "seconds": 264.25, "object": "blue shirt", "type": "relation", "subject": "the man"}, {"caption": "the man wearing white shirt", "predicate": "wearing", "target": {"coordinates": [287.59326171875, 194.33686828613, 280.19934082031, 199.4022064209]}, "name": 6342, "source": {"coordinates": [-6.9482040405273, 17.632247924805, 219.78475952148, 366.24896240234]}, "seconds": 264.25, "object": "white shirt", "type": "relation", "subject": "the man"}, {"caption": "the man wearing white shirt", "predicate": "wearing", "target": {"coordinates": [88.203033447266, 17.702117919922, 382.90521240234, 384.97665405273]}, "name": 6342, "source": {"coordinates": [287.59326171875, 194.33686828613, 280.19934082031, 199.4022064209]}, "seconds": 264.25, "object": "white shirt", "type": "relation", "subject": "the man"}, {"caption": "the window on wall", "predicate": "on", "target": {"coordinates": [494.15521240234, 128.65765380859, 62.60791015625, 63.042236328125]}, "name": 6342, "source": {"coordinates": [287.59326171875, 194.33686828613, 280.19934082031, 199.4022064209]}, "seconds": 264.25, "object": "wall", "type": "relation", "subject": "the window"}, {"caption": "the man in room", "predicate": "in", "target": {"coordinates": [468.05056762695, 0.82914733886719, 269.0475769043, 400.77313232422]}, "name": 6342, "source": {"coordinates": [287.59326171875, 194.33686828613, 280.19934082031, 199.4022064209]}, "seconds": 264.25, "object": "room", "type": "relation", "subject": "the man"}, {"caption": "the man has a white shirt", "predicate": "has", "target": {"coordinates": [498.9580078125, 227.13111877441, 56.470336914062, 60.034469604492]}, "name": 6342, "source": {"coordinates": [287.59326171875, 194.33686828613, 280.19934082031, 199.4022064209]}, "seconds": 264.25, "object": "a white shirt", "type": "relation", "subject": "the man"}, {"caption": "the man wearing white shirt", "predicate": "wearing", "target": {"coordinates": [-6.9482040405273, 17.632247924805, 219.78475952148, 366.24896240234]}, "name": 6342, "source": {"coordinates": [287.59326171875, 194.33686828613, 280.19934082031, 199.4022064209]}, "seconds": 264.25, "object": "white shirt", "type": "relation", "subject": "the man"}]