[{"caption": "the man has a white handle", "predicate": "has", "target": {"coordinates": [-1.6674346923828, 137.0422668457, 271.79901123047, 265.37359619141]}, "name": 6375, "source": {"coordinates": [104.16917419434, 18.945449829102, 381.08453369141, 388.29431152344]}, "seconds": 265.625, "object": "a white handle", "type": "relation", "subject": "the man"}, {"caption": "the man in room", "predicate": "in", "target": {"coordinates": [508.78915405273, 137.78330993652, 63.072174072266, 65.671325683594]}, "name": 6375, "source": {"coordinates": [104.16917419434, 18.945449829102, 381.08453369141, 388.29431152344]}, "seconds": 265.625, "object": "room", "type": "relation", "subject": "the man"}, {"caption": "the man has a white shirt", "predicate": "has", "target": {"coordinates": [452.78625488281, -3.6529998779297, 285.45336914062, 408.06652832031]}, "name": 6375, "source": {"coordinates": [104.16917419434, 18.945449829102, 381.08453369141, 388.29431152344]}, "seconds": 265.625, "object": "a white shirt", "type": "relation", "subject": "the man"}, {"caption": "the man wearing white shirt", "predicate": "wearing", "target": {"coordinates": [512.20458984375, 242.10227966309, 55.835083007812, 56.505142211914]}, "name": 6375, "source": {"coordinates": [104.16917419434, 18.945449829102, 381.08453369141, 388.29431152344]}, "seconds": 265.625, "object": "white shirt", "type": "relation", "subject": "the man"}, {"caption": "the man wearing white shirt", "predicate": "wearing", "target": {"coordinates": [6.3485622406006, 364.6650390625, 32.043601989746, 34.958374023438]}, "name": 6375, "source": {"coordinates": [104.16917419434, 18.945449829102, 381.08453369141, 388.29431152344]}, "seconds": 265.625, "object": "white shirt", "type": "relation", "subject": "the man"}, {"caption": "the man wearing white shirt", "predicate": "wearing", "target": {"coordinates": [297.97506713867, 192.56520080566, 275.23709106445, 202.73686218262]}, "name": 6375, "source": {"coordinates": [104.16917419434, 18.945449829102, 381.08453369141, 388.29431152344]}, "seconds": 265.625, "object": "white shirt", "type": "relation", "subject": "the man"}, {"caption": "the man wearing white shirt", "predicate": "wearing", "target": {"coordinates": [104.16917419434, 18.945449829102, 381.08453369141, 388.29431152344]}, "name": 6375, "source": {"coordinates": [-1.6674346923828, 137.0422668457, 271.79901123047, 265.37359619141]}, "seconds": 265.625, "object": "white shirt", "type": "relation", "subject": "the man"}, {"caption": "the man in a white shirt", "predicate": "in", "target": {"coordinates": [508.78915405273, 137.78330993652, 63.072174072266, 65.671325683594]}, "name": 6375, "source": {"coordinates": [-1.6674346923828, 137.0422668457, 271.79901123047, 265.37359619141]}, "seconds": 265.625, "object": "a white shirt", "type": "relation", "subject": "the man"}, {"caption": "the man in room", "predicate": "in", "target": {"coordinates": [452.78625488281, -3.6529998779297, 285.45336914062, 408.06652832031]}, "name": 6375, "source": {"coordinates": [-1.6674346923828, 137.0422668457, 271.79901123047, 265.37359619141]}, "seconds": 265.625, "object": "room", "type": "relation", "subject": "the man"}, {"caption": "the man wearing white shirt", "predicate": "wearing", "target": {"coordinates": [512.20458984375, 242.10227966309, 55.835083007812, 56.505142211914]}, "name": 6375, "source": {"coordinates": [-1.6674346923828, 137.0422668457, 271.79901123047, 265.37359619141]}, "seconds": 265.625, "object": "white shirt", "type": "relation", "subject": "the man"}, {"caption": "the man wearing white shirt", "predicate": "wearing", "target": {"coordinates": [6.3485622406006, 364.6650390625, 32.043601989746, 34.958374023438]}, "name": 6375, "source": {"coordinates": [-1.6674346923828, 137.0422668457, 271.79901123047, 265.37359619141]}, "seconds": 265.625, "object": "white shirt", "type": "relation", "subject": "the man"}, {"caption": "the window on wall", "predicate": "on", "target": {"coordinates": [297.97506713867, 192.56520080566, 275.23709106445, 202.73686218262]}, "name": 6375, "source": {"coordinates": [-1.6674346923828, 137.0422668457, 271.79901123047, 265.37359619141]}, "seconds": 265.625, "object": "wall", "type": "relation", "subject": "the window"}, {"caption": "the window on wall", "predicate": "on", "target": {"coordinates": [104.16917419434, 18.945449829102, 381.08453369141, 388.29431152344]}, "name": 6375, "source": {"coordinates": [508.78915405273, 137.78330993652, 63.072174072266, 65.671325683594]}, "seconds": 265.625, "object": "wall", "type": "relation", "subject": "the window"}, {"caption": "the light on wall", "predicate": "on", "target": {"coordinates": [-1.6674346923828, 137.0422668457, 271.79901123047, 265.37359619141]}, "name": 6375, "source": {"coordinates": [508.78915405273, 137.78330993652, 63.072174072266, 65.671325683594]}, "seconds": 265.625, "object": "wall", "type": "relation", "subject": "the light"}, {"caption": "the window on wall", "predicate": "on", "target": {"coordinates": [452.78625488281, -3.6529998779297, 285.45336914062, 408.06652832031]}, "name": 6375, "source": {"coordinates": [508.78915405273, 137.78330993652, 63.072174072266, 65.671325683594]}, "seconds": 265.625, "object": "wall", "type": "relation", "subject": "the window"}, {"caption": "the light on table", "predicate": "on", "target": {"coordinates": [512.20458984375, 242.10227966309, 55.835083007812, 56.505142211914]}, "name": 6375, "source": {"coordinates": [508.78915405273, 137.78330993652, 63.072174072266, 65.671325683594]}, "seconds": 265.625, "object": "table", "type": "relation", "subject": "the light"}, {"caption": "the light on wall", "predicate": "on", "target": {"coordinates": [6.3485622406006, 364.6650390625, 32.043601989746, 34.958374023438]}, "name": 6375, "source": {"coordinates": [508.78915405273, 137.78330993652, 63.072174072266, 65.671325683594]}, "seconds": 265.625, "object": "wall", "type": "relation", "subject": "the light"}, {"caption": "the window on wall", "predicate": "on", "target": {"coordinates": [297.97506713867, 192.56520080566, 275.23709106445, 202.73686218262]}, "name": 6375, "source": {"coordinates": [508.78915405273, 137.78330993652, 63.072174072266, 65.671325683594]}, "seconds": 265.625, "object": "wall", "type": "relation", "subject": "the window"}, {"caption": "the window on wall", "predicate": "on", "target": {"coordinates": [104.16917419434, 18.945449829102, 381.08453369141, 388.29431152344]}, "name": 6375, "source": {"coordinates": [452.78625488281, -3.6529998779297, 285.45336914062, 408.06652832031]}, "seconds": 265.625, "object": "wall", "type": "relation", "subject": "the window"}, {"caption": "the man wearing blue shirt", "predicate": "wearing", "target": {"coordinates": [-1.6674346923828, 137.0422668457, 271.79901123047, 265.37359619141]}, "name": 6375, "source": {"coordinates": [452.78625488281, -3.6529998779297, 285.45336914062, 408.06652832031]}, "seconds": 265.625, "object": "blue shirt", "type": "relation", "subject": "the man"}, {"caption": "the man wearing white shirt", "predicate": "wearing", "target": {"coordinates": [508.78915405273, 137.78330993652, 63.072174072266, 65.671325683594]}, "name": 6375, "source": {"coordinates": [452.78625488281, -3.6529998779297, 285.45336914062, 408.06652832031]}, "seconds": 265.625, "object": "white shirt", "type": "relation", "subject": "the man"}, {"caption": "the man wearing white shirt", "predicate": "wearing", "target": {"coordinates": [512.20458984375, 242.10227966309, 55.835083007812, 56.505142211914]}, "name": 6375, "source": {"coordinates": [452.78625488281, -3.6529998779297, 285.45336914062, 408.06652832031]}, "seconds": 265.625, "object": "white shirt", "type": "relation", "subject": "the man"}, {"caption": "the man wearing white shirt", "predicate": "wearing", "target": {"coordinates": [6.3485622406006, 364.6650390625, 32.043601989746, 34.958374023438]}, "name": 6375, "source": {"coordinates": [452.78625488281, -3.6529998779297, 285.45336914062, 408.06652832031]}, "seconds": 265.625, "object": "white shirt", "type": "relation", "subject": "the man"}, {"caption": "the window on wall", "predicate": "on", "target": {"coordinates": [297.97506713867, 192.56520080566, 275.23709106445, 202.73686218262]}, "name": 6375, "source": {"coordinates": [452.78625488281, -3.6529998779297, 285.45336914062, 408.06652832031]}, "seconds": 265.625, "object": "wall", "type": "relation", "subject": "the window"}, {"caption": "the window on wall", "predicate": "on", "target": {"coordinates": [104.16917419434, 18.945449829102, 381.08453369141, 388.29431152344]}, "name": 6375, "source": {"coordinates": [512.20458984375, 242.10227966309, 55.835083007812, 56.505142211914]}, "seconds": 265.625, "object": "wall", "type": "relation", "subject": "the window"}, {"caption": "the window on wall", "predicate": "on", "target": {"coordinates": [-1.6674346923828, 137.0422668457, 271.79901123047, 265.37359619141]}, "name": 6375, "source": {"coordinates": [512.20458984375, 242.10227966309, 55.835083007812, 56.505142211914]}, "seconds": 265.625, "object": "wall", "type": "relation", "subject": "the window"}, {"caption": "the window on wall", "predicate": "on", "target": {"coordinates": [508.78915405273, 137.78330993652, 63.072174072266, 65.671325683594]}, "name": 6375, "source": {"coordinates": [512.20458984375, 242.10227966309, 55.835083007812, 56.505142211914]}, "seconds": 265.625, "object": "wall", "type": "relation", "subject": "the window"}, {"caption": "the window on wall", "predicate": "on", "target": {"coordinates": [452.78625488281, -3.6529998779297, 285.45336914062, 408.06652832031]}, "name": 6375, "source": {"coordinates": [512.20458984375, 242.10227966309, 55.835083007812, 56.505142211914]}, "seconds": 265.625, "object": "wall", "type": "relation", "subject": "the window"}, {"caption": "the window on wall", "predicate": "on", "target": {"coordinates": [6.3485622406006, 364.6650390625, 32.043601989746, 34.958374023438]}, "name": 6375, "source": {"coordinates": [512.20458984375, 242.10227966309, 55.835083007812, 56.505142211914]}, "seconds": 265.625, "object": "wall", "type": "relation", "subject": "the window"}, {"caption": "the person in room", "predicate": "in", "target": {"coordinates": [297.97506713867, 192.56520080566, 275.23709106445, 202.73686218262]}, "name": 6375, "source": {"coordinates": [512.20458984375, 242.10227966309, 55.835083007812, 56.505142211914]}, "seconds": 265.625, "object": "room", "type": "relation", "subject": "the person"}, {"caption": "the person in room", "predicate": "in", "target": {"coordinates": [104.16917419434, 18.945449829102, 381.08453369141, 388.29431152344]}, "name": 6375, "source": {"coordinates": [6.3485622406006, 364.6650390625, 32.043601989746, 34.958374023438]}, "seconds": 265.625, "object": "room", "type": "relation", "subject": "the person"}, {"caption": "the man in white shirt", "predicate": "in", "target": {"coordinates": [-1.6674346923828, 137.0422668457, 271.79901123047, 265.37359619141]}, "name": 6375, "source": {"coordinates": [6.3485622406006, 364.6650390625, 32.043601989746, 34.958374023438]}, "seconds": 265.625, "object": "white shirt", "type": "relation", "subject": "the man"}, {"caption": "the man has a white handle", "predicate": "has", "target": {"coordinates": [508.78915405273, 137.78330993652, 63.072174072266, 65.671325683594]}, "name": 6375, "source": {"coordinates": [6.3485622406006, 364.6650390625, 32.043601989746, 34.958374023438]}, "seconds": 265.625, "object": "a white handle", "type": "relation", "subject": "the man"}, {"caption": "the person in room", "predicate": "in", "target": {"coordinates": [452.78625488281, -3.6529998779297, 285.45336914062, 408.06652832031]}, "name": 6375, "source": {"coordinates": [6.3485622406006, 364.6650390625, 32.043601989746, 34.958374023438]}, "seconds": 265.625, "object": "room", "type": "relation", "subject": "the person"}, {"caption": "the woman wearing white shirt", "predicate": "wearing", "target": {"coordinates": [512.20458984375, 242.10227966309, 55.835083007812, 56.505142211914]}, "name": 6375, "source": {"coordinates": [6.3485622406006, 364.6650390625, 32.043601989746, 34.958374023438]}, "seconds": 265.625, "object": "white shirt", "type": "relation", "subject": "the woman"}, {"caption": "the man wearing white shirt", "predicate": "wearing", "target": {"coordinates": [297.97506713867, 192.56520080566, 275.23709106445, 202.73686218262]}, "name": 6375, "source": {"coordinates": [6.3485622406006, 364.6650390625, 32.043601989746, 34.958374023438]}, "seconds": 265.625, "object": "white shirt", "type": "relation", "subject": "the man"}, {"caption": "the man wearing white shirt", "predicate": "wearing", "target": {"coordinates": [104.16917419434, 18.945449829102, 381.08453369141, 388.29431152344]}, "name": 6375, "source": {"coordinates": [297.97506713867, 192.56520080566, 275.23709106445, 202.73686218262]}, "seconds": 265.625, "object": "white shirt", "type": "relation", "subject": "the man"}, {"caption": "the man wearing white shirt", "predicate": "wearing", "target": {"coordinates": [-1.6674346923828, 137.0422668457, 271.79901123047, 265.37359619141]}, "name": 6375, "source": {"coordinates": [297.97506713867, 192.56520080566, 275.23709106445, 202.73686218262]}, "seconds": 265.625, "object": "white shirt", "type": "relation", "subject": "the man"}, {"caption": "the man has a white handle", "predicate": "has", "target": {"coordinates": [508.78915405273, 137.78330993652, 63.072174072266, 65.671325683594]}, "name": 6375, "source": {"coordinates": [297.97506713867, 192.56520080566, 275.23709106445, 202.73686218262]}, "seconds": 265.625, "object": "a white handle", "type": "relation", "subject": "the man"}, {"caption": "the woman in room", "predicate": "in", "target": {"coordinates": [452.78625488281, -3.6529998779297, 285.45336914062, 408.06652832031]}, "name": 6375, "source": {"coordinates": [297.97506713867, 192.56520080566, 275.23709106445, 202.73686218262]}, "seconds": 265.625, "object": "room", "type": "relation", "subject": "the woman"}, {"caption": "the man has a white shirt", "predicate": "has", "target": {"coordinates": [512.20458984375, 242.10227966309, 55.835083007812, 56.505142211914]}, "name": 6375, "source": {"coordinates": [297.97506713867, 192.56520080566, 275.23709106445, 202.73686218262]}, "seconds": 265.625, "object": "a white shirt", "type": "relation", "subject": "the man"}, {"caption": "the man wearing white shirt", "predicate": "wearing", "target": {"coordinates": [6.3485622406006, 364.6650390625, 32.043601989746, 34.958374023438]}, "name": 6375, "source": {"coordinates": [297.97506713867, 192.56520080566, 275.23709106445, 202.73686218262]}, "seconds": 265.625, "object": "white shirt", "type": "relation", "subject": "the man"}]