[{"caption": "the man wearing black shirt", "predicate": "wearing", "target": {"coordinates": [-10.828018188477, 166.98229980469, 440.05786132812, 242.17486572266]}, "name": 6466, "source": {"coordinates": [186.97018432617, 15.827133178711, 379.90188598633, 390.46417236328]}, "seconds": 269.4166666666667, "object": "black shirt", "type": "relation", "subject": "the man"}, {"caption": "the man in room", "predicate": "in", "target": {"coordinates": [473.08227539062, 12.0390625, 259.29919433594, 396.47137451172]}, "name": 6466, "source": {"coordinates": [186.97018432617, 15.827133178711, 379.90188598633, 390.46417236328]}, "seconds": 269.4166666666667, "object": "room", "type": "relation", "subject": "the man"}, {"caption": "the man wearing black shirt", "predicate": "wearing", "target": {"coordinates": [1.5879974365234, 9.2644271850586, 405.61840820312, 186.73577880859]}, "name": 6466, "source": {"coordinates": [186.97018432617, 15.827133178711, 379.90188598633, 390.46417236328]}, "seconds": 269.4166666666667, "object": "black shirt", "type": "relation", "subject": "the man"}, {"caption": "the woman in front of a white wall", "predicate": "in", "target": {"coordinates": [43.818374633789, 161.91577148438, 167.2317199707, 134.15277099609]}, "name": 6466, "source": {"coordinates": [186.97018432617, 15.827133178711, 379.90188598633, 390.46417236328]}, "seconds": 269.4166666666667, "object": "front of a white wall", "type": "relation", "subject": "the woman"}, {"caption": "the woman in front of a white wall", "predicate": "in", "target": {"coordinates": [186.97018432617, 15.827133178711, 379.90188598633, 390.46417236328]}, "name": 6466, "source": {"coordinates": [-10.828018188477, 166.98229980469, 440.05786132812, 242.17486572266]}, "seconds": 269.4166666666667, "object": "front of a white wall", "type": "relation", "subject": "the woman"}, {"caption": "the woman in front of a white wall", "predicate": "in", "target": {"coordinates": [473.08227539062, 12.0390625, 259.29919433594, 396.47137451172]}, "name": 6466, "source": {"coordinates": [-10.828018188477, 166.98229980469, 440.05786132812, 242.17486572266]}, "seconds": 269.4166666666667, "object": "front of a white wall", "type": "relation", "subject": "the woman"}, {"caption": "the man wearing black shirt", "predicate": "wearing", "target": {"coordinates": [1.5879974365234, 9.2644271850586, 405.61840820312, 186.73577880859]}, "name": 6466, "source": {"coordinates": [-10.828018188477, 166.98229980469, 440.05786132812, 242.17486572266]}, "seconds": 269.4166666666667, "object": "black shirt", "type": "relation", "subject": "the man"}, {"caption": "the man wearing black shirt", "predicate": "wearing", "target": {"coordinates": [43.818374633789, 161.91577148438, 167.2317199707, 134.15277099609]}, "name": 6466, "source": {"coordinates": [-10.828018188477, 166.98229980469, 440.05786132812, 242.17486572266]}, "seconds": 269.4166666666667, "object": "black shirt", "type": "relation", "subject": "the man"}, {"caption": "the man wearing black shirt", "predicate": "wearing", "target": {"coordinates": [186.97018432617, 15.827133178711, 379.90188598633, 390.46417236328]}, "name": 6466, "source": {"coordinates": [473.08227539062, 12.0390625, 259.29919433594, 396.47137451172]}, "seconds": 269.4166666666667, "object": "black shirt", "type": "relation", "subject": "the man"}, {"caption": "the man wearing black shirt", "predicate": "wearing", "target": {"coordinates": [-10.828018188477, 166.98229980469, 440.05786132812, 242.17486572266]}, "name": 6466, "source": {"coordinates": [473.08227539062, 12.0390625, 259.29919433594, 396.47137451172]}, "seconds": 269.4166666666667, "object": "black shirt", "type": "relation", "subject": "the man"}, {"caption": "the man wearing black shirt", "predicate": "wearing", "target": {"coordinates": [1.5879974365234, 9.2644271850586, 405.61840820312, 186.73577880859]}, "name": 6466, "source": {"coordinates": [473.08227539062, 12.0390625, 259.29919433594, 396.47137451172]}, "seconds": 269.4166666666667, "object": "black shirt", "type": "relation", "subject": "the man"}, {"caption": "the man wearing black shirt", "predicate": "wearing", "target": {"coordinates": [43.818374633789, 161.91577148438, 167.2317199707, 134.15277099609]}, "name": 6466, "source": {"coordinates": [473.08227539062, 12.0390625, 259.29919433594, 396.47137451172]}, "seconds": 269.4166666666667, "object": "black shirt", "type": "relation", "subject": "the man"}, {"caption": "the man wearing black shirt", "predicate": "wearing", "target": {"coordinates": [186.97018432617, 15.827133178711, 379.90188598633, 390.46417236328]}, "name": 6466, "source": {"coordinates": [1.5879974365234, 9.2644271850586, 405.61840820312, 186.73577880859]}, "seconds": 269.4166666666667, "object": "black shirt", "type": "relation", "subject": "the man"}, {"caption": "the man wearing black shirt", "predicate": "wearing", "target": {"coordinates": [-10.828018188477, 166.98229980469, 440.05786132812, 242.17486572266]}, "name": 6466, "source": {"coordinates": [1.5879974365234, 9.2644271850586, 405.61840820312, 186.73577880859]}, "seconds": 269.4166666666667, "object": "black shirt", "type": "relation", "subject": "the man"}, {"caption": "the man wearing black shirt", "predicate": "wearing", "target": {"coordinates": [473.08227539062, 12.0390625, 259.29919433594, 396.47137451172]}, "name": 6466, "source": {"coordinates": [1.5879974365234, 9.2644271850586, 405.61840820312, 186.73577880859]}, "seconds": 269.4166666666667, "object": "black shirt", "type": "relation", "subject": "the man"}, {"caption": "the hand on white shirt", "predicate": "on", "target": {"coordinates": [43.818374633789, 161.91577148438, 167.2317199707, 134.15277099609]}, "name": 6466, "source": {"coordinates": [1.5879974365234, 9.2644271850586, 405.61840820312, 186.73577880859]}, "seconds": 269.4166666666667, "object": "white shirt", "type": "relation", "subject": "the hand"}, {"caption": "the hand on white shirt", "predicate": "on", "target": {"coordinates": [186.97018432617, 15.827133178711, 379.90188598633, 390.46417236328]}, "name": 6466, "source": {"coordinates": [43.818374633789, 161.91577148438, 167.2317199707, 134.15277099609]}, "seconds": 269.4166666666667, "object": "white shirt", "type": "relation", "subject": "the hand"}, {"caption": "the hand on white shirt", "predicate": "on", "target": {"coordinates": [-10.828018188477, 166.98229980469, 440.05786132812, 242.17486572266]}, "name": 6466, "source": {"coordinates": [43.818374633789, 161.91577148438, 167.2317199707, 134.15277099609]}, "seconds": 269.4166666666667, "object": "white shirt", "type": "relation", "subject": "the hand"}, {"caption": "the hand on white shirt", "predicate": "on", "target": {"coordinates": [473.08227539062, 12.0390625, 259.29919433594, 396.47137451172]}, "name": 6466, "source": {"coordinates": [43.818374633789, 161.91577148438, 167.2317199707, 134.15277099609]}, "seconds": 269.4166666666667, "object": "white shirt", "type": "relation", "subject": "the hand"}, {"caption": "the hand on wall", "predicate": "on", "target": {"coordinates": [1.5879974365234, 9.2644271850586, 405.61840820312, 186.73577880859]}, "name": 6466, "source": {"coordinates": [43.818374633789, 161.91577148438, 167.2317199707, 134.15277099609]}, "seconds": 269.4166666666667, "object": "wall", "type": "relation", "subject": "the hand"}]