[{"caption": "the window on wall", "predicate": "on", "target": {"coordinates": [349.71716308594, 59.691375732422, 188.51708984375, 348.42797851562]}, "name": 6624, "source": {"coordinates": [77.832275390625, 215.25648498535, 157.73495483398, 131.71263122559]}, "seconds": 276.0, "object": "wall", "type": "relation", "subject": "the window"}, {"caption": "the window on wall", "predicate": "on", "target": {"coordinates": [185.13580322266, 7.1268539428711, 143.43115234375, 141.22674560547]}, "name": 6624, "source": {"coordinates": [77.832275390625, 215.25648498535, 157.73495483398, 131.71263122559]}, "seconds": 276.0, "object": "wall", "type": "relation", "subject": "the window"}, {"caption": "the window on wall", "predicate": "on", "target": {"coordinates": [-7.5120849609375, -11.445892333984, 705.01092529297, 395.4274597168]}, "name": 6624, "source": {"coordinates": [77.832275390625, 215.25648498535, 157.73495483398, 131.71263122559]}, "seconds": 276.0, "object": "wall", "type": "relation", "subject": "the window"}, {"caption": "the window on wall", "predicate": "on", "target": {"coordinates": [478.79907226562, 0.78150939941406, 240.2509765625, 404.29827880859]}, "name": 6624, "source": {"coordinates": [77.832275390625, 215.25648498535, 157.73495483398, 131.71263122559]}, "seconds": 276.0, "object": "wall", "type": "relation", "subject": "the window"}, {"caption": "the window has a white", "predicate": "has", "target": {"coordinates": [482.67645263672, 36.13941192627, 52.123291015625, 58.599151611328]}, "name": 6624, "source": {"coordinates": [77.832275390625, 215.25648498535, 157.73495483398, 131.71263122559]}, "seconds": 276.0, "object": "a white", "type": "relation", "subject": "the window"}, {"caption": "the window on wall", "predicate": "on", "target": {"coordinates": [261.52658081055, 293.45611572266, 51.808044433594, 53.435607910156]}, "name": 6624, "source": {"coordinates": [77.832275390625, 215.25648498535, 157.73495483398, 131.71263122559]}, "seconds": 276.0, "object": "wall", "type": "relation", "subject": "the window"}, {"caption": "the window on wall", "predicate": "on", "target": {"coordinates": [-2.0425262451172, 164.44879150391, 390.01708984375, 238.00921630859]}, "name": 6624, "source": {"coordinates": [77.832275390625, 215.25648498535, 157.73495483398, 131.71263122559]}, "seconds": 276.0, "object": "wall", "type": "relation", "subject": "the window"}, {"caption": "the window has a white handle", "predicate": "has", "target": {"coordinates": [-1.2281646728516, 4.28271484375, 269.94024658203, 258.74996948242]}, "name": 6624, "source": {"coordinates": [77.832275390625, 215.25648498535, 157.73495483398, 131.71263122559]}, "seconds": 276.0, "object": "a white handle", "type": "relation", "subject": "the window"}, {"caption": "the man in room", "predicate": "in", "target": {"coordinates": [683.44750976562, 249.80767822266, 33.549438476562, 58.927673339844]}, "name": 6624, "source": {"coordinates": [77.832275390625, 215.25648498535, 157.73495483398, 131.71263122559]}, "seconds": 276.0, "object": "room", "type": "relation", "subject": "the man"}, {"caption": "the man in room", "predicate": "in", "target": {"coordinates": [77.832275390625, 215.25648498535, 157.73495483398, 131.71263122559]}, "name": 6624, "source": {"coordinates": [349.71716308594, 59.691375732422, 188.51708984375, 348.42797851562]}, "seconds": 276.0, "object": "room", "type": "relation", "subject": "the man"}, {"caption": "the man in room", "predicate": "in", "target": {"coordinates": [185.13580322266, 7.1268539428711, 143.43115234375, 141.22674560547]}, "name": 6624, "source": {"coordinates": [349.71716308594, 59.691375732422, 188.51708984375, 348.42797851562]}, "seconds": 276.0, "object": "room", "type": "relation", "subject": "the man"}, {"caption": "the man in room", "predicate": "in", "target": {"coordinates": [-7.5120849609375, -11.445892333984, 705.01092529297, 395.4274597168]}, "name": 6624, "source": {"coordinates": [349.71716308594, 59.691375732422, 188.51708984375, 348.42797851562]}, "seconds": 276.0, "object": "room", "type": "relation", "subject": "the man"}, {"caption": "the man has a white shirt", "predicate": "has", "target": {"coordinates": [478.79907226562, 0.78150939941406, 240.2509765625, 404.29827880859]}, "name": 6624, "source": {"coordinates": [349.71716308594, 59.691375732422, 188.51708984375, 348.42797851562]}, "seconds": 276.0, "object": "a white shirt", "type": "relation", "subject": "the man"}, {"caption": "the man has a white", "predicate": "has", "target": {"coordinates": [482.67645263672, 36.13941192627, 52.123291015625, 58.599151611328]}, "name": 6624, "source": {"coordinates": [349.71716308594, 59.691375732422, 188.51708984375, 348.42797851562]}, "seconds": 276.0, "object": "a white", "type": "relation", "subject": "the man"}, {"caption": "the man in room", "predicate": "in", "target": {"coordinates": [261.52658081055, 293.45611572266, 51.808044433594, 53.435607910156]}, "name": 6624, "source": {"coordinates": [349.71716308594, 59.691375732422, 188.51708984375, 348.42797851562]}, "seconds": 276.0, "object": "room", "type": "relation", "subject": "the man"}, {"caption": "the man in room", "predicate": "in", "target": {"coordinates": [-2.0425262451172, 164.44879150391, 390.01708984375, 238.00921630859]}, "name": 6624, "source": {"coordinates": [349.71716308594, 59.691375732422, 188.51708984375, 348.42797851562]}, "seconds": 276.0, "object": "room", "type": "relation", "subject": "the man"}, {"caption": "the man has a white handle", "predicate": "has", "target": {"coordinates": [-1.2281646728516, 4.28271484375, 269.94024658203, 258.74996948242]}, "name": 6624, "source": {"coordinates": [349.71716308594, 59.691375732422, 188.51708984375, 348.42797851562]}, "seconds": 276.0, "object": "a white handle", "type": "relation", "subject": "the man"}, {"caption": "the window on wall", "predicate": "on", "target": {"coordinates": [683.44750976562, 249.80767822266, 33.549438476562, 58.927673339844]}, "name": 6624, "source": {"coordinates": [349.71716308594, 59.691375732422, 188.51708984375, 348.42797851562]}, "seconds": 276.0, "object": "wall", "type": "relation", "subject": "the window"}, {"caption": "the window on wall", "predicate": "on", "target": {"coordinates": [77.832275390625, 215.25648498535, 157.73495483398, 131.71263122559]}, "name": 6624, "source": {"coordinates": [185.13580322266, 7.1268539428711, 143.43115234375, 141.22674560547]}, "seconds": 276.0, "object": "wall", "type": "relation", "subject": "the window"}, {"caption": "the window on wall", "predicate": "on", "target": {"coordinates": [349.71716308594, 59.691375732422, 188.51708984375, 348.42797851562]}, "name": 6624, "source": {"coordinates": [185.13580322266, 7.1268539428711, 143.43115234375, 141.22674560547]}, "seconds": 276.0, "object": "wall", "type": "relation", "subject": "the window"}, {"caption": "the window on wall", "predicate": "on", "target": {"coordinates": [-7.5120849609375, -11.445892333984, 705.01092529297, 395.4274597168]}, "name": 6624, "source": {"coordinates": [185.13580322266, 7.1268539428711, 143.43115234375, 141.22674560547]}, "seconds": 276.0, "object": "wall", "type": "relation", "subject": "the window"}, {"caption": "the window on wall", "predicate": "on", "target": {"coordinates": [478.79907226562, 0.78150939941406, 240.2509765625, 404.29827880859]}, "name": 6624, "source": {"coordinates": [185.13580322266, 7.1268539428711, 143.43115234375, 141.22674560547]}, "seconds": 276.0, "object": "wall", "type": "relation", "subject": "the window"}, {"caption": "the window has a white", "predicate": "has", "target": {"coordinates": [482.67645263672, 36.13941192627, 52.123291015625, 58.599151611328]}, "name": 6624, "source": {"coordinates": [185.13580322266, 7.1268539428711, 143.43115234375, 141.22674560547]}, "seconds": 276.0, "object": "a white", "type": "relation", "subject": "the window"}, {"caption": "the window on wall", "predicate": "on", "target": {"coordinates": [261.52658081055, 293.45611572266, 51.808044433594, 53.435607910156]}, "name": 6624, "source": {"coordinates": [185.13580322266, 7.1268539428711, 143.43115234375, 141.22674560547]}, "seconds": 276.0, "object": "wall", "type": "relation", "subject": "the window"}, {"caption": "the window on wall", "predicate": "on", "target": {"coordinates": [-2.0425262451172, 164.44879150391, 390.01708984375, 238.00921630859]}, "name": 6624, "source": {"coordinates": [185.13580322266, 7.1268539428711, 143.43115234375, 141.22674560547]}, "seconds": 276.0, "object": "wall", "type": "relation", "subject": "the window"}, {"caption": "the window has a white handle", "predicate": "has", "target": {"coordinates": [-1.2281646728516, 4.28271484375, 269.94024658203, 258.74996948242]}, "name": 6624, "source": {"coordinates": [185.13580322266, 7.1268539428711, 143.43115234375, 141.22674560547]}, "seconds": 276.0, "object": "a white handle", "type": "relation", "subject": "the window"}, {"caption": "the window on wall", "predicate": "on", "target": {"coordinates": [683.44750976562, 249.80767822266, 33.549438476562, 58.927673339844]}, "name": 6624, "source": {"coordinates": [185.13580322266, 7.1268539428711, 143.43115234375, 141.22674560547]}, "seconds": 276.0, "object": "wall", "type": "relation", "subject": "the window"}, {"caption": "the window on wall", "predicate": "on", "target": {"coordinates": [77.832275390625, 215.25648498535, 157.73495483398, 131.71263122559]}, "name": 6624, "source": {"coordinates": [-7.5120849609375, -11.445892333984, 705.01092529297, 395.4274597168]}, "seconds": 276.0, "object": "wall", "type": "relation", "subject": "the window"}, {"caption": "the man in room", "predicate": "in", "target": {"coordinates": [349.71716308594, 59.691375732422, 188.51708984375, 348.42797851562]}, "name": 6624, "source": {"coordinates": [-7.5120849609375, -11.445892333984, 705.01092529297, 395.4274597168]}, "seconds": 276.0, "object": "room", "type": "relation", "subject": "the man"}, {"caption": "the window on wall", "predicate": "on", "target": {"coordinates": [185.13580322266, 7.1268539428711, 143.43115234375, 141.22674560547]}, "name": 6624, "source": {"coordinates": [-7.5120849609375, -11.445892333984, 705.01092529297, 395.4274597168]}, "seconds": 276.0, "object": "wall", "type": "relation", "subject": "the window"}, {"caption": "the man has a white", "predicate": "has", "target": {"coordinates": [478.79907226562, 0.78150939941406, 240.2509765625, 404.29827880859]}, "name": 6624, "source": {"coordinates": [-7.5120849609375, -11.445892333984, 705.01092529297, 395.4274597168]}, "seconds": 276.0, "object": "a white", "type": "relation", "subject": "the man"}, {"caption": "the man has a white", "predicate": "has", "target": {"coordinates": [482.67645263672, 36.13941192627, 52.123291015625, 58.599151611328]}, "name": 6624, "source": {"coordinates": [-7.5120849609375, -11.445892333984, 705.01092529297, 395.4274597168]}, "seconds": 276.0, "object": "a white", "type": "relation", "subject": "the man"}, {"caption": "the window on wall", "predicate": "on", "target": {"coordinates": [261.52658081055, 293.45611572266, 51.808044433594, 53.435607910156]}, "name": 6624, "source": {"coordinates": [-7.5120849609375, -11.445892333984, 705.01092529297, 395.4274597168]}, "seconds": 276.0, "object": "wall", "type": "relation", "subject": "the window"}, {"caption": "the window on wall", "predicate": "on", "target": {"coordinates": [-2.0425262451172, 164.44879150391, 390.01708984375, 238.00921630859]}, "name": 6624, "source": {"coordinates": [-7.5120849609375, -11.445892333984, 705.01092529297, 395.4274597168]}, "seconds": 276.0, "object": "wall", "type": "relation", "subject": "the window"}, {"caption": "the man has a white handle", "predicate": "has", "target": {"coordinates": [-1.2281646728516, 4.28271484375, 269.94024658203, 258.74996948242]}, "name": 6624, "source": {"coordinates": [-7.5120849609375, -11.445892333984, 705.01092529297, 395.4274597168]}, "seconds": 276.0, "object": "a white handle", "type": "relation", "subject": "the man"}, {"caption": "the window on wall", "predicate": "on", "target": {"coordinates": [683.44750976562, 249.80767822266, 33.549438476562, 58.927673339844]}, "name": 6624, "source": {"coordinates": [-7.5120849609375, -11.445892333984, 705.01092529297, 395.4274597168]}, "seconds": 276.0, "object": "wall", "type": "relation", "subject": "the window"}, {"caption": "the window on wall", "predicate": "on", "target": {"coordinates": [77.832275390625, 215.25648498535, 157.73495483398, 131.71263122559]}, "name": 6624, "source": {"coordinates": [478.79907226562, 0.78150939941406, 240.2509765625, 404.29827880859]}, "seconds": 276.0, "object": "wall", "type": "relation", "subject": "the window"}, {"caption": "the window on wall", "predicate": "on", "target": {"coordinates": [349.71716308594, 59.691375732422, 188.51708984375, 348.42797851562]}, "name": 6624, "source": {"coordinates": [478.79907226562, 0.78150939941406, 240.2509765625, 404.29827880859]}, "seconds": 276.0, "object": "wall", "type": "relation", "subject": "the window"}, {"caption": "the window on wall", "predicate": "on", "target": {"coordinates": [185.13580322266, 7.1268539428711, 143.43115234375, 141.22674560547]}, "name": 6624, "source": {"coordinates": [478.79907226562, 0.78150939941406, 240.2509765625, 404.29827880859]}, "seconds": 276.0, "object": "wall", "type": "relation", "subject": "the window"}, {"caption": "the window on wall", "predicate": "on", "target": {"coordinates": [-7.5120849609375, -11.445892333984, 705.01092529297, 395.4274597168]}, "name": 6624, "source": {"coordinates": [478.79907226562, 0.78150939941406, 240.2509765625, 404.29827880859]}, "seconds": 276.0, "object": "wall", "type": "relation", "subject": "the window"}, {"caption": "the window has a white", "predicate": "has", "target": {"coordinates": [482.67645263672, 36.13941192627, 52.123291015625, 58.599151611328]}, "name": 6624, "source": {"coordinates": [478.79907226562, 0.78150939941406, 240.2509765625, 404.29827880859]}, "seconds": 276.0, "object": "a white", "type": "relation", "subject": "the window"}, {"caption": "the window on wall", "predicate": "on", "target": {"coordinates": [261.52658081055, 293.45611572266, 51.808044433594, 53.435607910156]}, "name": 6624, "source": {"coordinates": [478.79907226562, 0.78150939941406, 240.2509765625, 404.29827880859]}, "seconds": 276.0, "object": "wall", "type": "relation", "subject": "the window"}, {"caption": "the window on wall", "predicate": "on", "target": {"coordinates": [-2.0425262451172, 164.44879150391, 390.01708984375, 238.00921630859]}, "name": 6624, "source": {"coordinates": [478.79907226562, 0.78150939941406, 240.2509765625, 404.29827880859]}, "seconds": 276.0, "object": "wall", "type": "relation", "subject": "the window"}, {"caption": "the man has a white handle", "predicate": "has", "target": {"coordinates": [-1.2281646728516, 4.28271484375, 269.94024658203, 258.74996948242]}, "name": 6624, "source": {"coordinates": [478.79907226562, 0.78150939941406, 240.2509765625, 404.29827880859]}, "seconds": 276.0, "object": "a white handle", "type": "relation", "subject": "the man"}, {"caption": "the picture on wall", "predicate": "on", "target": {"coordinates": [683.44750976562, 249.80767822266, 33.549438476562, 58.927673339844]}, "name": 6624, "source": {"coordinates": [478.79907226562, 0.78150939941406, 240.2509765625, 404.29827880859]}, "seconds": 276.0, "object": "wall", "type": "relation", "subject": "the picture"}, {"caption": "the picture on wall", "predicate": "on", "target": {"coordinates": [77.832275390625, 215.25648498535, 157.73495483398, 131.71263122559]}, "name": 6624, "source": {"coordinates": [482.67645263672, 36.13941192627, 52.123291015625, 58.599151611328]}, "seconds": 276.0, "object": "wall", "type": "relation", "subject": "the picture"}, {"caption": "the light on wall", "predicate": "on", "target": {"coordinates": [349.71716308594, 59.691375732422, 188.51708984375, 348.42797851562]}, "name": 6624, "source": {"coordinates": [482.67645263672, 36.13941192627, 52.123291015625, 58.599151611328]}, "seconds": 276.0, "object": "wall", "type": "relation", "subject": "the light"}, {"caption": "the picture on wall", "predicate": "on", "target": {"coordinates": [185.13580322266, 7.1268539428711, 143.43115234375, 141.22674560547]}, "name": 6624, "source": {"coordinates": [482.67645263672, 36.13941192627, 52.123291015625, 58.599151611328]}, "seconds": 276.0, "object": "wall", "type": "relation", "subject": "the picture"}, {"caption": "the picture on wall", "predicate": "on", "target": {"coordinates": [-7.5120849609375, -11.445892333984, 705.01092529297, 395.4274597168]}, "name": 6624, "source": {"coordinates": [482.67645263672, 36.13941192627, 52.123291015625, 58.599151611328]}, "seconds": 276.0, "object": "wall", "type": "relation", "subject": "the picture"}, {"caption": "the picture on wall", "predicate": "on", "target": {"coordinates": [478.79907226562, 0.78150939941406, 240.2509765625, 404.29827880859]}, "name": 6624, "source": {"coordinates": [482.67645263672, 36.13941192627, 52.123291015625, 58.599151611328]}, "seconds": 276.0, "object": "wall", "type": "relation", "subject": "the picture"}, {"caption": "the picture on wall", "predicate": "on", "target": {"coordinates": [261.52658081055, 293.45611572266, 51.808044433594, 53.435607910156]}, "name": 6624, "source": {"coordinates": [482.67645263672, 36.13941192627, 52.123291015625, 58.599151611328]}, "seconds": 276.0, "object": "wall", "type": "relation", "subject": "the picture"}, {"caption": "the picture on wall", "predicate": "on", "target": {"coordinates": [-2.0425262451172, 164.44879150391, 390.01708984375, 238.00921630859]}, "name": 6624, "source": {"coordinates": [482.67645263672, 36.13941192627, 52.123291015625, 58.599151611328]}, "seconds": 276.0, "object": "wall", "type": "relation", "subject": "the picture"}, {"caption": "the glass on table", "predicate": "on", "target": {"coordinates": [-1.2281646728516, 4.28271484375, 269.94024658203, 258.74996948242]}, "name": 6624, "source": {"coordinates": [482.67645263672, 36.13941192627, 52.123291015625, 58.599151611328]}, "seconds": 276.0, "object": "table", "type": "relation", "subject": "the glass"}, {"caption": "the window on wall", "predicate": "on", "target": {"coordinates": [683.44750976562, 249.80767822266, 33.549438476562, 58.927673339844]}, "name": 6624, "source": {"coordinates": [482.67645263672, 36.13941192627, 52.123291015625, 58.599151611328]}, "seconds": 276.0, "object": "wall", "type": "relation", "subject": "the window"}, {"caption": "the window on wall", "predicate": "on", "target": {"coordinates": [77.832275390625, 215.25648498535, 157.73495483398, 131.71263122559]}, "name": 6624, "source": {"coordinates": [261.52658081055, 293.45611572266, 51.808044433594, 53.435607910156]}, "seconds": 276.0, "object": "wall", "type": "relation", "subject": "the window"}, {"caption": "the window on wall", "predicate": "on", "target": {"coordinates": [349.71716308594, 59.691375732422, 188.51708984375, 348.42797851562]}, "name": 6624, "source": {"coordinates": [261.52658081055, 293.45611572266, 51.808044433594, 53.435607910156]}, "seconds": 276.0, "object": "wall", "type": "relation", "subject": "the window"}, {"caption": "the picture on wall", "predicate": "on", "target": {"coordinates": [185.13580322266, 7.1268539428711, 143.43115234375, 141.22674560547]}, "name": 6624, "source": {"coordinates": [261.52658081055, 293.45611572266, 51.808044433594, 53.435607910156]}, "seconds": 276.0, "object": "wall", "type": "relation", "subject": "the picture"}, {"caption": "the window on wall", "predicate": "on", "target": {"coordinates": [-7.5120849609375, -11.445892333984, 705.01092529297, 395.4274597168]}, "name": 6624, "source": {"coordinates": [261.52658081055, 293.45611572266, 51.808044433594, 53.435607910156]}, "seconds": 276.0, "object": "wall", "type": "relation", "subject": "the window"}, {"caption": "the window on wall", "predicate": "on", "target": {"coordinates": [478.79907226562, 0.78150939941406, 240.2509765625, 404.29827880859]}, "name": 6624, "source": {"coordinates": [261.52658081055, 293.45611572266, 51.808044433594, 53.435607910156]}, "seconds": 276.0, "object": "wall", "type": "relation", "subject": "the window"}, {"caption": "the picture on wall", "predicate": "on", "target": {"coordinates": [482.67645263672, 36.13941192627, 52.123291015625, 58.599151611328]}, "name": 6624, "source": {"coordinates": [261.52658081055, 293.45611572266, 51.808044433594, 53.435607910156]}, "seconds": 276.0, "object": "wall", "type": "relation", "subject": "the picture"}, {"caption": "the window on wall", "predicate": "on", "target": {"coordinates": [-2.0425262451172, 164.44879150391, 390.01708984375, 238.00921630859]}, "name": 6624, "source": {"coordinates": [261.52658081055, 293.45611572266, 51.808044433594, 53.435607910156]}, "seconds": 276.0, "object": "wall", "type": "relation", "subject": "the window"}, {"caption": "the picture on wall", "predicate": "on", "target": {"coordinates": [-1.2281646728516, 4.28271484375, 269.94024658203, 258.74996948242]}, "name": 6624, "source": {"coordinates": [261.52658081055, 293.45611572266, 51.808044433594, 53.435607910156]}, "seconds": 276.0, "object": "wall", "type": "relation", "subject": "the picture"}, {"caption": "the window on wall", "predicate": "on", "target": {"coordinates": [683.44750976562, 249.80767822266, 33.549438476562, 58.927673339844]}, "name": 6624, "source": {"coordinates": [261.52658081055, 293.45611572266, 51.808044433594, 53.435607910156]}, "seconds": 276.0, "object": "wall", "type": "relation", "subject": "the window"}, {"caption": "the window on wall", "predicate": "on", "target": {"coordinates": [77.832275390625, 215.25648498535, 157.73495483398, 131.71263122559]}, "name": 6624, "source": {"coordinates": [-2.0425262451172, 164.44879150391, 390.01708984375, 238.00921630859]}, "seconds": 276.0, "object": "wall", "type": "relation", "subject": "the window"}, {"caption": "the window on wall", "predicate": "on", "target": {"coordinates": [349.71716308594, 59.691375732422, 188.51708984375, 348.42797851562]}, "name": 6624, "source": {"coordinates": [-2.0425262451172, 164.44879150391, 390.01708984375, 238.00921630859]}, "seconds": 276.0, "object": "wall", "type": "relation", "subject": "the window"}, {"caption": "the window on wall", "predicate": "on", "target": {"coordinates": [185.13580322266, 7.1268539428711, 143.43115234375, 141.22674560547]}, "name": 6624, "source": {"coordinates": [-2.0425262451172, 164.44879150391, 390.01708984375, 238.00921630859]}, "seconds": 276.0, "object": "wall", "type": "relation", "subject": "the window"}, {"caption": "the window on wall", "predicate": "on", "target": {"coordinates": [-7.5120849609375, -11.445892333984, 705.01092529297, 395.4274597168]}, "name": 6624, "source": {"coordinates": [-2.0425262451172, 164.44879150391, 390.01708984375, 238.00921630859]}, "seconds": 276.0, "object": "wall", "type": "relation", "subject": "the window"}, {"caption": "the window on wall", "predicate": "on", "target": {"coordinates": [478.79907226562, 0.78150939941406, 240.2509765625, 404.29827880859]}, "name": 6624, "source": {"coordinates": [-2.0425262451172, 164.44879150391, 390.01708984375, 238.00921630859]}, "seconds": 276.0, "object": "wall", "type": "relation", "subject": "the window"}, {"caption": "the window on wall", "predicate": "on", "target": {"coordinates": [482.67645263672, 36.13941192627, 52.123291015625, 58.599151611328]}, "name": 6624, "source": {"coordinates": [-2.0425262451172, 164.44879150391, 390.01708984375, 238.00921630859]}, "seconds": 276.0, "object": "wall", "type": "relation", "subject": "the window"}, {"caption": "the man wearing black shirt", "predicate": "wearing", "target": {"coordinates": [261.52658081055, 293.45611572266, 51.808044433594, 53.435607910156]}, "name": 6624, "source": {"coordinates": [-2.0425262451172, 164.44879150391, 390.01708984375, 238.00921630859]}, "seconds": 276.0, "object": "black shirt", "type": "relation", "subject": "the man"}, {"caption": "the man has a white handle", "predicate": "has", "target": {"coordinates": [-1.2281646728516, 4.28271484375, 269.94024658203, 258.74996948242]}, "name": 6624, "source": {"coordinates": [-2.0425262451172, 164.44879150391, 390.01708984375, 238.00921630859]}, "seconds": 276.0, "object": "a white handle", "type": "relation", "subject": "the man"}, {"caption": "the window on wall", "predicate": "on", "target": {"coordinates": [683.44750976562, 249.80767822266, 33.549438476562, 58.927673339844]}, "name": 6624, "source": {"coordinates": [-2.0425262451172, 164.44879150391, 390.01708984375, 238.00921630859]}, "seconds": 276.0, "object": "wall", "type": "relation", "subject": "the window"}, {"caption": "the window on wall", "predicate": "on", "target": {"coordinates": [77.832275390625, 215.25648498535, 157.73495483398, 131.71263122559]}, "name": 6624, "source": {"coordinates": [-1.2281646728516, 4.28271484375, 269.94024658203, 258.74996948242]}, "seconds": 276.0, "object": "wall", "type": "relation", "subject": "the window"}, {"caption": "the window on wall", "predicate": "on", "target": {"coordinates": [349.71716308594, 59.691375732422, 188.51708984375, 348.42797851562]}, "name": 6624, "source": {"coordinates": [-1.2281646728516, 4.28271484375, 269.94024658203, 258.74996948242]}, "seconds": 276.0, "object": "wall", "type": "relation", "subject": "the window"}, {"caption": "the window on wall", "predicate": "on", "target": {"coordinates": [185.13580322266, 7.1268539428711, 143.43115234375, 141.22674560547]}, "name": 6624, "source": {"coordinates": [-1.2281646728516, 4.28271484375, 269.94024658203, 258.74996948242]}, "seconds": 276.0, "object": "wall", "type": "relation", "subject": "the window"}, {"caption": "the window on wall", "predicate": "on", "target": {"coordinates": [-7.5120849609375, -11.445892333984, 705.01092529297, 395.4274597168]}, "name": 6624, "source": {"coordinates": [-1.2281646728516, 4.28271484375, 269.94024658203, 258.74996948242]}, "seconds": 276.0, "object": "wall", "type": "relation", "subject": "the window"}, {"caption": "the window on wall", "predicate": "on", "target": {"coordinates": [478.79907226562, 0.78150939941406, 240.2509765625, 404.29827880859]}, "name": 6624, "source": {"coordinates": [-1.2281646728516, 4.28271484375, 269.94024658203, 258.74996948242]}, "seconds": 276.0, "object": "wall", "type": "relation", "subject": "the window"}, {"caption": "the window has white", "predicate": "has", "target": {"coordinates": [482.67645263672, 36.13941192627, 52.123291015625, 58.599151611328]}, "name": 6624, "source": {"coordinates": [-1.2281646728516, 4.28271484375, 269.94024658203, 258.74996948242]}, "seconds": 276.0, "object": "white", "type": "relation", "subject": "the window"}, {"caption": "the man wearing black shirt", "predicate": "wearing", "target": {"coordinates": [261.52658081055, 293.45611572266, 51.808044433594, 53.435607910156]}, "name": 6624, "source": {"coordinates": [-1.2281646728516, 4.28271484375, 269.94024658203, 258.74996948242]}, "seconds": 276.0, "object": "black shirt", "type": "relation", "subject": "the man"}, {"caption": "the window on wall", "predicate": "on", "target": {"coordinates": [-2.0425262451172, 164.44879150391, 390.01708984375, 238.00921630859]}, "name": 6624, "source": {"coordinates": [-1.2281646728516, 4.28271484375, 269.94024658203, 258.74996948242]}, "seconds": 276.0, "object": "wall", "type": "relation", "subject": "the window"}, {"caption": "the handle on white table", "predicate": "on", "target": {"coordinates": [683.44750976562, 249.80767822266, 33.549438476562, 58.927673339844]}, "name": 6624, "source": {"coordinates": [-1.2281646728516, 4.28271484375, 269.94024658203, 258.74996948242]}, "seconds": 276.0, "object": "white table", "type": "relation", "subject": "the handle"}, {"caption": "the handle on white table", "predicate": "on", "target": {"coordinates": [77.832275390625, 215.25648498535, 157.73495483398, 131.71263122559]}, "name": 6624, "source": {"coordinates": [683.44750976562, 249.80767822266, 33.549438476562, 58.927673339844]}, "seconds": 276.0, "object": "white table", "type": "relation", "subject": "the handle"}, {"caption": "the hand on a white shirt", "predicate": "on", "target": {"coordinates": [349.71716308594, 59.691375732422, 188.51708984375, 348.42797851562]}, "name": 6624, "source": {"coordinates": [683.44750976562, 249.80767822266, 33.549438476562, 58.927673339844]}, "seconds": 276.0, "object": "a white shirt", "type": "relation", "subject": "the hand"}, {"caption": "the picture on wall", "predicate": "on", "target": {"coordinates": [185.13580322266, 7.1268539428711, 143.43115234375, 141.22674560547]}, "name": 6624, "source": {"coordinates": [683.44750976562, 249.80767822266, 33.549438476562, 58.927673339844]}, "seconds": 276.0, "object": "wall", "type": "relation", "subject": "the picture"}, {"caption": "the picture on wall", "predicate": "on", "target": {"coordinates": [-7.5120849609375, -11.445892333984, 705.01092529297, 395.4274597168]}, "name": 6624, "source": {"coordinates": [683.44750976562, 249.80767822266, 33.549438476562, 58.927673339844]}, "seconds": 276.0, "object": "wall", "type": "relation", "subject": "the picture"}, {"caption": "the picture on wall", "predicate": "on", "target": {"coordinates": [478.79907226562, 0.78150939941406, 240.2509765625, 404.29827880859]}, "name": 6624, "source": {"coordinates": [683.44750976562, 249.80767822266, 33.549438476562, 58.927673339844]}, "seconds": 276.0, "object": "wall", "type": "relation", "subject": "the picture"}, {"caption": "the bottle on white wall", "predicate": "on", "target": {"coordinates": [482.67645263672, 36.13941192627, 52.123291015625, 58.599151611328]}, "name": 6624, "source": {"coordinates": [683.44750976562, 249.80767822266, 33.549438476562, 58.927673339844]}, "seconds": 276.0, "object": "white wall", "type": "relation", "subject": "the bottle"}, {"caption": "the bottle on table", "predicate": "on", "target": {"coordinates": [261.52658081055, 293.45611572266, 51.808044433594, 53.435607910156]}, "name": 6624, "source": {"coordinates": [683.44750976562, 249.80767822266, 33.549438476562, 58.927673339844]}, "seconds": 276.0, "object": "table", "type": "relation", "subject": "the bottle"}, {"caption": "the picture on wall", "predicate": "on", "target": {"coordinates": [-2.0425262451172, 164.44879150391, 390.01708984375, 238.00921630859]}, "name": 6624, "source": {"coordinates": [683.44750976562, 249.80767822266, 33.549438476562, 58.927673339844]}, "seconds": 276.0, "object": "wall", "type": "relation", "subject": "the picture"}, {"caption": "the picture on wall", "predicate": "on", "target": {"coordinates": [-1.2281646728516, 4.28271484375, 269.94024658203, 258.74996948242]}, "name": 6624, "source": {"coordinates": [683.44750976562, 249.80767822266, 33.549438476562, 58.927673339844]}, "seconds": 276.0, "object": "wall", "type": "relation", "subject": "the picture"}]