[{"caption": "the sign on white sign", "predicate": "on", "target": {"coordinates": [183.23858642578, 14.506210327148, 363.89642333984, 365.49182128906]}, "name": 6807, "source": {"coordinates": [202.88410949707, 115.20140838623, 313.875, 83.020545959473]}, "seconds": 283.625, "object": "white sign", "type": "relation", "subject": "the sign"}, {"caption": "the sign on white sign", "predicate": "on", "target": {"coordinates": [254.63323974609, 172.73861694336, 253.05621337891, 83.188873291016]}, "name": 6807, "source": {"coordinates": [202.88410949707, 115.20140838623, 313.875, 83.020545959473]}, "seconds": 283.625, "object": "white sign", "type": "relation", "subject": "the sign"}, {"caption": "the sign on white sign", "predicate": "on", "target": {"coordinates": [13.967514038086, 176.41076660156, 276.39916992188, 199.22479248047]}, "name": 6807, "source": {"coordinates": [202.88410949707, 115.20140838623, 313.875, 83.020545959473]}, "seconds": 283.625, "object": "white sign", "type": "relation", "subject": "the sign"}, {"caption": "the sign on blue wall", "predicate": "on", "target": {"coordinates": [258.42752075195, 232.79370117188, 479.94186401367, 139.89282226562]}, "name": 6807, "source": {"coordinates": [202.88410949707, 115.20140838623, 313.875, 83.020545959473]}, "seconds": 283.625, "object": "blue wall", "type": "relation", "subject": "the sign"}, {"caption": "the sign on white wall", "predicate": "on", "target": {"coordinates": [438.22039794922, 7.8877410888672, 273.05505371094, 250.47755432129]}, "name": 6807, "source": {"coordinates": [202.88410949707, 115.20140838623, 313.875, 83.020545959473]}, "seconds": 283.625, "object": "white wall", "type": "relation", "subject": "the sign"}, {"caption": "the sign on white sign", "predicate": "on", "target": {"coordinates": [15.680786132812, 24.671318054199, 283.22766113281, 235.72775268555]}, "name": 6807, "source": {"coordinates": [202.88410949707, 115.20140838623, 313.875, 83.020545959473]}, "seconds": 283.625, "object": "white sign", "type": "relation", "subject": "the sign"}, {"caption": "the sign on white sign", "predicate": "on", "target": {"coordinates": [202.88410949707, 115.20140838623, 313.875, 83.020545959473]}, "name": 6807, "source": {"coordinates": [183.23858642578, 14.506210327148, 363.89642333984, 365.49182128906]}, "seconds": 283.625, "object": "white sign", "type": "relation", "subject": "the sign"}, {"caption": "the sign on white wall", "predicate": "on", "target": {"coordinates": [254.63323974609, 172.73861694336, 253.05621337891, 83.188873291016]}, "name": 6807, "source": {"coordinates": [183.23858642578, 14.506210327148, 363.89642333984, 365.49182128906]}, "seconds": 283.625, "object": "white wall", "type": "relation", "subject": "the sign"}, {"caption": "the sign on white wall", "predicate": "on", "target": {"coordinates": [13.967514038086, 176.41076660156, 276.39916992188, 199.22479248047]}, "name": 6807, "source": {"coordinates": [183.23858642578, 14.506210327148, 363.89642333984, 365.49182128906]}, "seconds": 283.625, "object": "white wall", "type": "relation", "subject": "the sign"}, {"caption": "the sign on white wall", "predicate": "on", "target": {"coordinates": [258.42752075195, 232.79370117188, 479.94186401367, 139.89282226562]}, "name": 6807, "source": {"coordinates": [183.23858642578, 14.506210327148, 363.89642333984, 365.49182128906]}, "seconds": 283.625, "object": "white wall", "type": "relation", "subject": "the sign"}, {"caption": "the sign on white wall", "predicate": "on", "target": {"coordinates": [438.22039794922, 7.8877410888672, 273.05505371094, 250.47755432129]}, "name": 6807, "source": {"coordinates": [183.23858642578, 14.506210327148, 363.89642333984, 365.49182128906]}, "seconds": 283.625, "object": "white wall", "type": "relation", "subject": "the sign"}, {"caption": "the sign on pole", "predicate": "on", "target": {"coordinates": [15.680786132812, 24.671318054199, 283.22766113281, 235.72775268555]}, "name": 6807, "source": {"coordinates": [183.23858642578, 14.506210327148, 363.89642333984, 365.49182128906]}, "seconds": 283.625, "object": "pole", "type": "relation", "subject": "the sign"}, {"caption": "the sign on pole", "predicate": "on", "target": {"coordinates": [202.88410949707, 115.20140838623, 313.875, 83.020545959473]}, "name": 6807, "source": {"coordinates": [254.63323974609, 172.73861694336, 253.05621337891, 83.188873291016]}, "seconds": 283.625, "object": "pole", "type": "relation", "subject": "the sign"}, {"caption": "the sign on white sign", "predicate": "on", "target": {"coordinates": [183.23858642578, 14.506210327148, 363.89642333984, 365.49182128906]}, "name": 6807, "source": {"coordinates": [254.63323974609, 172.73861694336, 253.05621337891, 83.188873291016]}, "seconds": 283.625, "object": "white sign", "type": "relation", "subject": "the sign"}, {"caption": "the sign on white sign", "predicate": "on", "target": {"coordinates": [13.967514038086, 176.41076660156, 276.39916992188, 199.22479248047]}, "name": 6807, "source": {"coordinates": [254.63323974609, 172.73861694336, 253.05621337891, 83.188873291016]}, "seconds": 283.625, "object": "white sign", "type": "relation", "subject": "the sign"}, {"caption": "the sign on white wall", "predicate": "on", "target": {"coordinates": [258.42752075195, 232.79370117188, 479.94186401367, 139.89282226562]}, "name": 6807, "source": {"coordinates": [254.63323974609, 172.73861694336, 253.05621337891, 83.188873291016]}, "seconds": 283.625, "object": "white wall", "type": "relation", "subject": "the sign"}, {"caption": "the sign on white wall", "predicate": "on", "target": {"coordinates": [438.22039794922, 7.8877410888672, 273.05505371094, 250.47755432129]}, "name": 6807, "source": {"coordinates": [254.63323974609, 172.73861694336, 253.05621337891, 83.188873291016]}, "seconds": 283.625, "object": "white wall", "type": "relation", "subject": "the sign"}, {"caption": "the white clouds in blue sky", "predicate": "in", "target": {"coordinates": [15.680786132812, 24.671318054199, 283.22766113281, 235.72775268555]}, "name": 6807, "source": {"coordinates": [254.63323974609, 172.73861694336, 253.05621337891, 83.188873291016]}, "seconds": 283.625, "object": "blue sky", "type": "relation", "subject": "the white clouds"}, {"caption": "the white clouds in blue sky", "predicate": "in", "target": {"coordinates": [202.88410949707, 115.20140838623, 313.875, 83.020545959473]}, "name": 6807, "source": {"coordinates": [13.967514038086, 176.41076660156, 276.39916992188, 199.22479248047]}, "seconds": 283.625, "object": "blue sky", "type": "relation", "subject": "the white clouds"}, {"caption": "the white clouds in blue sky", "predicate": "in", "target": {"coordinates": [183.23858642578, 14.506210327148, 363.89642333984, 365.49182128906]}, "name": 6807, "source": {"coordinates": [13.967514038086, 176.41076660156, 276.39916992188, 199.22479248047]}, "seconds": 283.625, "object": "blue sky", "type": "relation", "subject": "the white clouds"}, {"caption": "the sign on white wall", "predicate": "on", "target": {"coordinates": [254.63323974609, 172.73861694336, 253.05621337891, 83.188873291016]}, "name": 6807, "source": {"coordinates": [13.967514038086, 176.41076660156, 276.39916992188, 199.22479248047]}, "seconds": 283.625, "object": "white wall", "type": "relation", "subject": "the sign"}, {"caption": "the clouds in blue sky", "predicate": "in", "target": {"coordinates": [258.42752075195, 232.79370117188, 479.94186401367, 139.89282226562]}, "name": 6807, "source": {"coordinates": [13.967514038086, 176.41076660156, 276.39916992188, 199.22479248047]}, "seconds": 283.625, "object": "blue sky", "type": "relation", "subject": "the clouds"}, {"caption": "the white clouds in blue sky", "predicate": "in", "target": {"coordinates": [438.22039794922, 7.8877410888672, 273.05505371094, 250.47755432129]}, "name": 6807, "source": {"coordinates": [13.967514038086, 176.41076660156, 276.39916992188, 199.22479248047]}, "seconds": 283.625, "object": "blue sky", "type": "relation", "subject": "the white clouds"}, {"caption": "the sign on white sign", "predicate": "on", "target": {"coordinates": [15.680786132812, 24.671318054199, 283.22766113281, 235.72775268555]}, "name": 6807, "source": {"coordinates": [13.967514038086, 176.41076660156, 276.39916992188, 199.22479248047]}, "seconds": 283.625, "object": "white sign", "type": "relation", "subject": "the sign"}, {"caption": "the sign on white sign", "predicate": "on", "target": {"coordinates": [202.88410949707, 115.20140838623, 313.875, 83.020545959473]}, "name": 6807, "source": {"coordinates": [258.42752075195, 232.79370117188, 479.94186401367, 139.89282226562]}, "seconds": 283.625, "object": "white sign", "type": "relation", "subject": "the sign"}, {"caption": "the sign on white wall", "predicate": "on", "target": {"coordinates": [183.23858642578, 14.506210327148, 363.89642333984, 365.49182128906]}, "name": 6807, "source": {"coordinates": [258.42752075195, 232.79370117188, 479.94186401367, 139.89282226562]}, "seconds": 283.625, "object": "white wall", "type": "relation", "subject": "the sign"}, {"caption": "the clouds in blue sky", "predicate": "in", "target": {"coordinates": [254.63323974609, 172.73861694336, 253.05621337891, 83.188873291016]}, "name": 6807, "source": {"coordinates": [258.42752075195, 232.79370117188, 479.94186401367, 139.89282226562]}, "seconds": 283.625, "object": "blue sky", "type": "relation", "subject": "the clouds"}, {"caption": "the sign has a white", "predicate": "has", "target": {"coordinates": [13.967514038086, 176.41076660156, 276.39916992188, 199.22479248047]}, "name": 6807, "source": {"coordinates": [258.42752075195, 232.79370117188, 479.94186401367, 139.89282226562]}, "seconds": 283.625, "object": "a white", "type": "relation", "subject": "the sign"}, {"caption": "the sign on white wall", "predicate": "on", "target": {"coordinates": [438.22039794922, 7.8877410888672, 273.05505371094, 250.47755432129]}, "name": 6807, "source": {"coordinates": [258.42752075195, 232.79370117188, 479.94186401367, 139.89282226562]}, "seconds": 283.625, "object": "white wall", "type": "relation", "subject": "the sign"}, {"caption": "the white clouds in blue sky", "predicate": "in", "target": {"coordinates": [15.680786132812, 24.671318054199, 283.22766113281, 235.72775268555]}, "name": 6807, "source": {"coordinates": [258.42752075195, 232.79370117188, 479.94186401367, 139.89282226562]}, "seconds": 283.625, "object": "blue sky", "type": "relation", "subject": "the white clouds"}, {"caption": "the white clouds in blue sky", "predicate": "in", "target": {"coordinates": [202.88410949707, 115.20140838623, 313.875, 83.020545959473]}, "name": 6807, "source": {"coordinates": [438.22039794922, 7.8877410888672, 273.05505371094, 250.47755432129]}, "seconds": 283.625, "object": "blue sky", "type": "relation", "subject": "the white clouds"}, {"caption": "the clouds in blue sky", "predicate": "in", "target": {"coordinates": [183.23858642578, 14.506210327148, 363.89642333984, 365.49182128906]}, "name": 6807, "source": {"coordinates": [438.22039794922, 7.8877410888672, 273.05505371094, 250.47755432129]}, "seconds": 283.625, "object": "blue sky", "type": "relation", "subject": "the clouds"}, {"caption": "the sign on white wall", "predicate": "on", "target": {"coordinates": [254.63323974609, 172.73861694336, 253.05621337891, 83.188873291016]}, "name": 6807, "source": {"coordinates": [438.22039794922, 7.8877410888672, 273.05505371094, 250.47755432129]}, "seconds": 283.625, "object": "white wall", "type": "relation", "subject": "the sign"}, {"caption": "the sky has white clouds", "predicate": "has", "target": {"coordinates": [13.967514038086, 176.41076660156, 276.39916992188, 199.22479248047]}, "name": 6807, "source": {"coordinates": [438.22039794922, 7.8877410888672, 273.05505371094, 250.47755432129]}, "seconds": 283.625, "object": "white clouds", "type": "relation", "subject": "the sky"}, {"caption": "the clouds in blue sky", "predicate": "in", "target": {"coordinates": [258.42752075195, 232.79370117188, 479.94186401367, 139.89282226562]}, "name": 6807, "source": {"coordinates": [438.22039794922, 7.8877410888672, 273.05505371094, 250.47755432129]}, "seconds": 283.625, "object": "blue sky", "type": "relation", "subject": "the clouds"}, {"caption": "the sign on white pole", "predicate": "on", "target": {"coordinates": [15.680786132812, 24.671318054199, 283.22766113281, 235.72775268555]}, "name": 6807, "source": {"coordinates": [438.22039794922, 7.8877410888672, 273.05505371094, 250.47755432129]}, "seconds": 283.625, "object": "white pole", "type": "relation", "subject": "the sign"}, {"caption": "the sign on white pole", "predicate": "on", "target": {"coordinates": [202.88410949707, 115.20140838623, 313.875, 83.020545959473]}, "name": 6807, "source": {"coordinates": [15.680786132812, 24.671318054199, 283.22766113281, 235.72775268555]}, "seconds": 283.625, "object": "white pole", "type": "relation", "subject": "the sign"}, {"caption": "the sign on white wall", "predicate": "on", "target": {"coordinates": [183.23858642578, 14.506210327148, 363.89642333984, 365.49182128906]}, "name": 6807, "source": {"coordinates": [15.680786132812, 24.671318054199, 283.22766113281, 235.72775268555]}, "seconds": 283.625, "object": "white wall", "type": "relation", "subject": "the sign"}, {"caption": "the sign on white wall", "predicate": "on", "target": {"coordinates": [254.63323974609, 172.73861694336, 253.05621337891, 83.188873291016]}, "name": 6807, "source": {"coordinates": [15.680786132812, 24.671318054199, 283.22766113281, 235.72775268555]}, "seconds": 283.625, "object": "white wall", "type": "relation", "subject": "the sign"}, {"caption": "the sign has white", "predicate": "has", "target": {"coordinates": [13.967514038086, 176.41076660156, 276.39916992188, 199.22479248047]}, "name": 6807, "source": {"coordinates": [15.680786132812, 24.671318054199, 283.22766113281, 235.72775268555]}, "seconds": 283.625, "object": "white", "type": "relation", "subject": "the sign"}, {"caption": "the white clouds in blue sky", "predicate": "in", "target": {"coordinates": [258.42752075195, 232.79370117188, 479.94186401367, 139.89282226562]}, "name": 6807, "source": {"coordinates": [15.680786132812, 24.671318054199, 283.22766113281, 235.72775268555]}, "seconds": 283.625, "object": "blue sky", "type": "relation", "subject": "the white clouds"}, {"caption": "the clouds in blue sky", "predicate": "in", "target": {"coordinates": [438.22039794922, 7.8877410888672, 273.05505371094, 250.47755432129]}, "name": 6807, "source": {"coordinates": [15.680786132812, 24.671318054199, 283.22766113281, 235.72775268555]}, "seconds": 283.625, "object": "blue sky", "type": "relation", "subject": "the clouds"}]